[2026-09-25 17:08:30,878][INFO]:  Importing File: C:/Users/willi/KiCad/projects/EPICS_Connect4/PCB/EPICS_Connect4.kicad_pro
[2026-09-25 17:08:31,092][INFO]:  Processing documents list
[2026-09-25 17:08:31,092][INFO]:  Reading document: EPICS_Connect4.kicad_pro
[2026-09-25 17:08:31,092][INFO]:  Converting document: 'C:/Users/willi/KiCad/projects/EPICS_Connect4/PCB/EPICS_Connect4.kicad_pro'
[2026-09-25 17:08:33,011][INFO]:  Finished processing document: 'C:/Users/willi/KiCad/projects/EPICS_Connect4/PCB/EPICS_Connect4.kicad_pro'
[2026-09-25 17:08:33,011][INFO]:  Reading document: EPICS_Connect4.kicad_pcb
[2026-09-25 17:08:33,042][WARN]:  KiCad PCB Board Reader: Unsupported keyword: 'covering' of parentNode 'setup' at line: 106
[2026-09-25 17:08:33,042][WARN]:  KiCad PCB Board Reader: Unsupported keyword: 'plugging' of parentNode 'setup' at line: 110
[2026-09-25 17:08:33,042][WARN]:  KiCad PCB Board Reader: Unsupported keyword: 'capping' of parentNode 'setup' at line: 114
[2026-09-25 17:08:33,042][WARN]:  KiCad PCB Board Reader: Unsupported keyword: 'filling' of parentNode 'setup' at line: 115
[2026-09-25 17:08:33,042][WARN]:  KiCad PCB Board Reader: Unsupported keyword: 'zone_defaults' of parentNode 'setup' at line: 116
[2026-09-25 17:08:33,042][WARN]:  KiCad PCB Board Reader: Unsupported keyword: 'units' of parentNode 'footprint' at line: 220
[2026-09-25 17:08:33,042][WARN]:  KiCad PCB Board Reader: Unsupported keyword: 'duplicate_pad_numbers_are_jumpers' of parentNode 'footprint' at line: 227
[2026-09-25 17:08:33,042][WARN]:  KiCad PCB Board Reader: Unsupported keyword: 'teardrops' of parentNode 'pad' at line: 297
[2026-09-25 17:08:33,042][WARN]:  KiCad PCB Board Reader: Unsupported keyword: 'units' of parentNode 'footprint' at line: 389
[2026-09-25 17:08:33,042][WARN]:  KiCad PCB Board Reader: Unsupported keyword: 'duplicate_pad_numbers_are_jumpers' of parentNode 'footprint' at line: 396
[2026-09-25 17:08:33,043][WARN]:  KiCad PCB Board Reader: Unsupported keyword: 'units' of parentNode 'footprint' at line: 651
[2026-09-25 17:08:33,043][WARN]:  KiCad PCB Board Reader: Unsupported keyword: 'duplicate_pad_numbers_are_jumpers' of parentNode 'footprint' at line: 658
[2026-09-25 17:08:33,043][WARN]:  KiCad PCB Board Reader: Unsupported keyword: 'teardrops' of parentNode 'pad' at line: 779
[2026-09-25 17:08:33,043][WARN]:  KiCad PCB Board Reader: Unsupported keyword: 'units' of parentNode 'footprint' at line: 962
[2026-09-25 17:08:33,043][WARN]:  KiCad PCB Board Reader: Unsupported keyword: 'duplicate_pad_numbers_are_jumpers' of parentNode 'footprint' at line: 969
[2026-09-25 17:08:33,043][WARN]:  KiCad PCB Board Reader: Unsupported keyword: 'teardrops' of parentNode 'pad' at line: 1030
[2026-09-25 17:08:33,043][WARN]:  KiCad PCB Board Reader: Unsupported keyword: 'units' of parentNode 'footprint' at line: 1222
[2026-09-25 17:08:33,043][WARN]:  KiCad PCB Board Reader: Unsupported keyword: 'duplicate_pad_numbers_are_jumpers' of parentNode 'footprint' at line: 1229
[2026-09-25 17:08:33,043][WARN]:  KiCad PCB Board Reader: Unsupported keyword: 'teardrops' of parentNode 'pad' at line: 1290
[2026-09-25 17:08:33,043][WARN]:  KiCad PCB Board Reader: Unsupported keyword: 'units' of parentNode 'footprint' at line: 1484
[2026-09-25 17:08:33,043][WARN]:  KiCad PCB Board Reader: Unsupported keyword: 'duplicate_pad_numbers_are_jumpers' of parentNode 'footprint' at line: 1491
[2026-09-25 17:08:33,043][WARN]:  KiCad PCB Board Reader: Unsupported keyword: 'units' of parentNode 'footprint' at line: 1691
[2026-09-25 17:08:33,043][WARN]:  KiCad PCB Board Reader: Unsupported keyword: 'duplicate_pad_numbers_are_jumpers' of parentNode 'footprint' at line: 1698
[2026-09-25 17:08:33,043][WARN]:  KiCad PCB Board Reader: Unsupported keyword: 'teardrops' of parentNode 'pad' at line: 1759
[2026-09-25 17:08:33,043][WARN]:  KiCad PCB Board Reader: Unsupported keyword: 'teardrops' of parentNode 'pad' at line: 1779
[2026-09-25 17:08:33,043][WARN]:  KiCad PCB Board Reader: Unsupported keyword: 'units' of parentNode 'footprint' at line: 1962
[2026-09-25 17:08:33,043][WARN]:  KiCad PCB Board Reader: Unsupported keyword: 'duplicate_pad_numbers_are_jumpers' of parentNode 'footprint' at line: 1969
[2026-09-25 17:08:33,043][WARN]:  KiCad PCB Board Reader: Unsupported keyword: 'teardrops' of parentNode 'pad' at line: 2039
[2026-09-25 17:08:33,043][WARN]:  KiCad PCB Board Reader: Unsupported keyword: 'units' of parentNode 'footprint' at line: 2222
[2026-09-25 17:08:33,043][WARN]:  KiCad PCB Board Reader: Unsupported keyword: 'duplicate_pad_numbers_are_jumpers' of parentNode 'footprint' at line: 2229
[2026-09-25 17:08:33,043][WARN]:  KiCad PCB Board Reader: Unsupported keyword: 'units' of parentNode 'footprint' at line: 2380
[2026-09-25 17:08:33,043][WARN]:  KiCad PCB Board Reader: Unsupported keyword: 'duplicate_pad_numbers_are_jumpers' of parentNode 'footprint' at line: 2387
[2026-09-25 17:08:33,043][WARN]:  KiCad PCB Board Reader: Unsupported keyword: 'units' of parentNode 'footprint' at line: 2629
[2026-09-25 17:08:33,043][WARN]:  KiCad PCB Board Reader: Unsupported keyword: 'duplicate_pad_numbers_are_jumpers' of parentNode 'footprint' at line: 2636
[2026-09-25 17:08:33,043][WARN]:  KiCad PCB Board Reader: Unsupported keyword: 'teardrops' of parentNode 'pad' at line: 2706
[2026-09-25 17:08:33,043][WARN]:  KiCad PCB Board Reader: Unsupported keyword: 'units' of parentNode 'footprint' at line: 2798
[2026-09-25 17:08:33,043][WARN]:  KiCad PCB Board Reader: Unsupported keyword: 'duplicate_pad_numbers_are_jumpers' of parentNode 'footprint' at line: 2805
[2026-09-25 17:08:33,043][WARN]:  KiCad PCB Board Reader: Unsupported keyword: 'teardrops' of parentNode 'pad' at line: 2866
[2026-09-25 17:08:33,043][WARN]:  KiCad PCB Board Reader: Unsupported keyword: 'units' of parentNode 'footprint' at line: 3058
[2026-09-25 17:08:33,043][WARN]:  KiCad PCB Board Reader: Unsupported keyword: 'duplicate_pad_numbers_are_jumpers' of parentNode 'footprint' at line: 3065
[2026-09-25 17:08:33,043][WARN]:  KiCad PCB Board Reader: Unsupported keyword: 'units' of parentNode 'footprint' at line: 3307
[2026-09-25 17:08:33,043][WARN]:  KiCad PCB Board Reader: Unsupported keyword: 'duplicate_pad_numbers_are_jumpers' of parentNode 'footprint' at line: 3314
[2026-09-25 17:08:33,043][WARN]:  KiCad PCB Board Reader: Unsupported keyword: 'teardrops' of parentNode 'pad' at line: 3375
[2026-09-25 17:08:33,044][WARN]:  KiCad PCB Board Reader: Unsupported keyword: 'units' of parentNode 'footprint' at line: 3476
[2026-09-25 17:08:33,044][WARN]:  KiCad PCB Board Reader: Unsupported keyword: 'duplicate_pad_numbers_are_jumpers' of parentNode 'footprint' at line: 3483
[2026-09-25 17:08:33,044][WARN]:  KiCad PCB Board Reader: Unsupported keyword: 'teardrops' of parentNode 'pad' at line: 3553
[2026-09-25 17:08:33,044][WARN]:  KiCad PCB Board Reader: Unsupported keyword: 'units' of parentNode 'footprint' at line: 3728
[2026-09-25 17:08:33,044][WARN]:  KiCad PCB Board Reader: Unsupported keyword: 'duplicate_pad_numbers_are_jumpers' of parentNode 'footprint' at line: 3735
[2026-09-25 17:08:33,044][WARN]:  KiCad PCB Board Reader: Unsupported keyword: 'teardrops' of parentNode 'pad' at line: 3885
[2026-09-25 17:08:33,044][WARN]:  KiCad PCB Board Reader: Unsupported keyword: 'teardrops' of parentNode 'pad' at line: 3905
[2026-09-25 17:08:33,044][WARN]:  KiCad PCB Board Reader: Unsupported keyword: 'teardrops' of parentNode 'pad' at line: 3925
[2026-09-25 17:08:33,044][WARN]:  KiCad PCB Board Reader: Unsupported keyword: 'teardrops' of parentNode 'pad' at line: 3945
[2026-09-25 17:08:33,044][WARN]:  KiCad PCB Board Reader: Unsupported keyword: 'units' of parentNode 'footprint' at line: 4128
[2026-09-25 17:08:33,044][WARN]:  KiCad PCB Board Reader: Unsupported keyword: 'duplicate_pad_numbers_are_jumpers' of parentNode 'footprint' at line: 4135
[2026-09-25 17:08:33,044][WARN]:  KiCad PCB Board Reader: Unsupported keyword: 'units' of parentNode 'footprint' at line: 4377
[2026-09-25 17:08:33,044][WARN]:  KiCad PCB Board Reader: Unsupported keyword: 'duplicate_pad_numbers_are_jumpers' of parentNode 'footprint' at line: 4384
[2026-09-25 17:08:33,044][WARN]:  KiCad PCB Board Reader: Unsupported keyword: 'units' of parentNode 'footprint' at line: 4686
[2026-09-25 17:08:33,044][WARN]:  KiCad PCB Board Reader: Unsupported keyword: 'duplicate_pad_numbers_are_jumpers' of parentNode 'footprint' at line: 4693
[2026-09-25 17:08:33,044][WARN]:  KiCad PCB Board Reader: Unsupported keyword: 'units' of parentNode 'footprint' at line: 4844
[2026-09-25 17:08:33,044][WARN]:  KiCad PCB Board Reader: Unsupported keyword: 'duplicate_pad_numbers_are_jumpers' of parentNode 'footprint' at line: 4851
[2026-09-25 17:08:33,044][WARN]:  KiCad PCB Board Reader: Unsupported keyword: 'units' of parentNode 'footprint' at line: 5093
[2026-09-25 17:08:33,044][WARN]:  KiCad PCB Board Reader: Unsupported keyword: 'duplicate_pad_numbers_are_jumpers' of parentNode 'footprint' at line: 5100
[2026-09-25 17:08:33,044][WARN]:  KiCad PCB Board Reader: Unsupported keyword: 'teardrops' of parentNode 'pad' at line: 5161
[2026-09-25 17:08:33,044][WARN]:  KiCad PCB Board Reader: Unsupported keyword: 'units' of parentNode 'footprint' at line: 5262
[2026-09-25 17:08:33,044][WARN]:  KiCad PCB Board Reader: Unsupported keyword: 'duplicate_pad_numbers_are_jumpers' of parentNode 'footprint' at line: 5269
[2026-09-25 17:08:33,044][WARN]:  KiCad PCB Board Reader: Unsupported keyword: 'units' of parentNode 'footprint' at line: 5511
[2026-09-25 17:08:33,044][WARN]:  KiCad PCB Board Reader: Unsupported keyword: 'duplicate_pad_numbers_are_jumpers' of parentNode 'footprint' at line: 5518
[2026-09-25 17:08:33,044][WARN]:  KiCad PCB Board Reader: Unsupported keyword: 'units' of parentNode 'footprint' at line: 5773
[2026-09-25 17:08:33,044][WARN]:  KiCad PCB Board Reader: Unsupported keyword: 'duplicate_pad_numbers_are_jumpers' of parentNode 'footprint' at line: 5780
[2026-09-25 17:08:33,044][WARN]:  KiCad PCB Board Reader: Unsupported keyword: 'teardrops' of parentNode 'pad' at line: 5901
[2026-09-25 17:08:33,045][WARN]:  KiCad PCB Board Reader: Unsupported keyword: 'units' of parentNode 'footprint' at line: 6084
[2026-09-25 17:08:33,045][WARN]:  KiCad PCB Board Reader: Unsupported keyword: 'duplicate_pad_numbers_are_jumpers' of parentNode 'footprint' at line: 6091
[2026-09-25 17:08:33,045][WARN]:  KiCad PCB Board Reader: Unsupported keyword: 'teardrops' of parentNode 'pad' at line: 6161
[2026-09-25 17:08:33,045][WARN]:  KiCad PCB Board Reader: Unsupported keyword: 'units' of parentNode 'footprint' at line: 6344
[2026-09-25 17:08:33,045][WARN]:  KiCad PCB Board Reader: Unsupported keyword: 'duplicate_pad_numbers_are_jumpers' of parentNode 'footprint' at line: 6351
[2026-09-25 17:08:33,045][WARN]:  KiCad PCB Board Reader: Unsupported keyword: 'teardrops' of parentNode 'pad' at line: 6412
[2026-09-25 17:08:33,045][WARN]:  KiCad PCB Board Reader: Unsupported keyword: 'units' of parentNode 'footprint' at line: 6604
[2026-09-25 17:08:33,045][WARN]:  KiCad PCB Board Reader: Unsupported keyword: 'duplicate_pad_numbers_are_jumpers' of parentNode 'footprint' at line: 6611
[2026-09-25 17:08:33,045][WARN]:  KiCad PCB Board Reader: Unsupported keyword: 'teardrops' of parentNode 'pad' at line: 6672
[2026-09-25 17:08:33,045][WARN]:  KiCad PCB Board Reader: Unsupported keyword: 'teardrops' of parentNode 'pad' at line: 6692
[2026-09-25 17:08:33,045][WARN]:  KiCad PCB Board Reader: Unsupported keyword: 'units' of parentNode 'footprint' at line: 6776
[2026-09-25 17:08:33,045][WARN]:  KiCad PCB Board Reader: Unsupported keyword: 'duplicate_pad_numbers_are_jumpers' of parentNode 'footprint' at line: 6783
[2026-09-25 17:08:33,045][WARN]:  KiCad PCB Board Reader: Unsupported keyword: 'units' of parentNode 'footprint' at line: 7155
[2026-09-25 17:08:33,045][WARN]:  KiCad PCB Board Reader: Unsupported keyword: 'duplicate_pad_numbers_are_jumpers' of parentNode 'footprint' at line: 7162
[2026-09-25 17:08:33,045][WARN]:  KiCad PCB Board Reader: Unsupported keyword: 'teardrops' of parentNode 'pad' at line: 7223
[2026-09-25 17:08:33,045][WARN]:  KiCad PCB Board Reader: Unsupported keyword: 'teardrops' of parentNode 'pad' at line: 7243
[2026-09-25 17:08:33,045][WARN]:  KiCad PCB Board Reader: Unsupported keyword: 'units' of parentNode 'footprint' at line: 7327
[2026-09-25 17:08:33,045][WARN]:  KiCad PCB Board Reader: Unsupported keyword: 'duplicate_pad_numbers_are_jumpers' of parentNode 'footprint' at line: 7334
[2026-09-25 17:08:33,045][WARN]:  KiCad PCB Board Reader: Unsupported keyword: 'teardrops' of parentNode 'pad' at line: 7496
[2026-09-25 17:08:33,045][WARN]:  KiCad PCB Board Reader: Unsupported keyword: 'teardrops' of parentNode 'pad' at line: 7537
[2026-09-25 17:08:33,045][WARN]:  KiCad PCB Board Reader: Unsupported keyword: 'units' of parentNode 'footprint' at line: 7730
[2026-09-25 17:08:33,045][WARN]:  KiCad PCB Board Reader: Unsupported keyword: 'duplicate_pad_numbers_are_jumpers' of parentNode 'footprint' at line: 7737
[2026-09-25 17:08:33,045][WARN]:  KiCad PCB Board Reader: Unsupported keyword: 'units' of parentNode 'footprint' at line: 7979
[2026-09-25 17:08:33,045][WARN]:  KiCad PCB Board Reader: Unsupported keyword: 'duplicate_pad_numbers_are_jumpers' of parentNode 'footprint' at line: 7986
[2026-09-25 17:08:33,045][WARN]:  KiCad PCB Board Reader: Unsupported keyword: 'units' of parentNode 'footprint' at line: 8220
[2026-09-25 17:08:33,045][WARN]:  KiCad PCB Board Reader: Unsupported keyword: 'duplicate_pad_numbers_are_jumpers' of parentNode 'footprint' at line: 8227
[2026-09-25 17:08:33,045][WARN]:  KiCad PCB Board Reader: Unsupported keyword: 'teardrops' of parentNode 'pad' at line: 8389
[2026-09-25 17:08:33,045][WARN]:  KiCad PCB Board Reader: Unsupported keyword: 'units' of parentNode 'footprint' at line: 8602
[2026-09-25 17:08:33,045][WARN]:  KiCad PCB Board Reader: Unsupported keyword: 'duplicate_pad_numbers_are_jumpers' of parentNode 'footprint' at line: 8609
[2026-09-25 17:08:33,045][WARN]:  KiCad PCB Board Reader: Unsupported keyword: 'units' of parentNode 'footprint' at line: 8843
[2026-09-25 17:08:33,045][WARN]:  KiCad PCB Board Reader: Unsupported keyword: 'duplicate_pad_numbers_are_jumpers' of parentNode 'footprint' at line: 8850
[2026-09-25 17:08:33,045][WARN]:  KiCad PCB Board Reader: Unsupported keyword: 'teardrops' of parentNode 'pad' at line: 8960
[2026-09-25 17:08:33,045][WARN]:  KiCad PCB Board Reader: Unsupported keyword: 'teardrops' of parentNode 'pad' at line: 8979
[2026-09-25 17:08:33,045][WARN]:  KiCad PCB Board Reader: Unsupported keyword: 'teardrops' of parentNode 'pad' at line: 8998
[2026-09-25 17:08:33,045][WARN]:  KiCad PCB Board Reader: Unsupported keyword: 'teardrops' of parentNode 'pad' at line: 9017
[2026-09-25 17:08:33,045][WARN]:  KiCad PCB Board Reader: Unsupported keyword: 'teardrops' of parentNode 'pad' at line: 9036
[2026-09-25 17:08:33,045][WARN]:  KiCad PCB Board Reader: Unsupported keyword: 'teardrops' of parentNode 'pad' at line: 9055
[2026-09-25 17:08:33,046][WARN]:  KiCad PCB Board Reader: Unsupported keyword: 'units' of parentNode 'footprint' at line: 9260
[2026-09-25 17:08:33,046][WARN]:  KiCad PCB Board Reader: Unsupported keyword: 'duplicate_pad_numbers_are_jumpers' of parentNode 'footprint' at line: 9267
[2026-09-25 17:08:33,046][WARN]:  KiCad PCB Board Reader: Unsupported keyword: 'units' of parentNode 'footprint' at line: 9376
[2026-09-25 17:08:33,046][WARN]:  KiCad PCB Board Reader: Unsupported keyword: 'duplicate_pad_numbers_are_jumpers' of parentNode 'footprint' at line: 9383
[2026-09-25 17:08:33,046][WARN]:  KiCad PCB Board Reader: Unsupported keyword: 'units' of parentNode 'footprint' at line: 9625
[2026-09-25 17:08:33,046][WARN]:  KiCad PCB Board Reader: Unsupported keyword: 'duplicate_pad_numbers_are_jumpers' of parentNode 'footprint' at line: 9632
[2026-09-25 17:08:33,046][WARN]:  KiCad PCB Board Reader: Unsupported keyword: 'teardrops' of parentNode 'pad' at line: 9702
[2026-09-25 17:08:33,046][WARN]:  KiCad PCB Board Reader: Unsupported keyword: 'units' of parentNode 'footprint' at line: 9885
[2026-09-25 17:08:33,046][WARN]:  KiCad PCB Board Reader: Unsupported keyword: 'duplicate_pad_numbers_are_jumpers' of parentNode 'footprint' at line: 9892
[2026-09-25 17:08:33,046][WARN]:  KiCad PCB Board Reader: Unsupported keyword: 'teardrops' of parentNode 'pad' at line: 9962
[2026-09-25 17:08:33,046][WARN]:  KiCad PCB Board Reader: Unsupported keyword: 'units' of parentNode 'footprint' at line: 10144
[2026-09-25 17:08:33,046][WARN]:  KiCad PCB Board Reader: Unsupported keyword: 'duplicate_pad_numbers_are_jumpers' of parentNode 'footprint' at line: 10151
[2026-09-25 17:08:33,046][WARN]:  KiCad PCB Board Reader: Unsupported keyword: 'units' of parentNode 'footprint' at line: 10546
[2026-09-25 17:08:33,046][WARN]:  KiCad PCB Board Reader: Unsupported keyword: 'duplicate_pad_numbers_are_jumpers' of parentNode 'footprint' at line: 10553
[2026-09-25 17:08:33,046][WARN]:  KiCad PCB Board Reader: Unsupported keyword: 'units' of parentNode 'footprint' at line: 11084
[2026-09-25 17:08:33,046][WARN]:  KiCad PCB Board Reader: Unsupported keyword: 'duplicate_pad_numbers_are_jumpers' of parentNode 'footprint' at line: 11091
[2026-09-25 17:08:33,046][WARN]:  KiCad PCB Board Reader: Unsupported keyword: 'teardrops' of parentNode 'pad' at line: 11161
[2026-09-25 17:08:33,046][WARN]:  KiCad PCB Board Reader: Unsupported keyword: 'units' of parentNode 'footprint' at line: 11253
[2026-09-25 17:08:33,046][WARN]:  KiCad PCB Board Reader: Unsupported keyword: 'duplicate_pad_numbers_are_jumpers' of parentNode 'footprint' at line: 11260
[2026-09-25 17:08:33,046][WARN]:  KiCad PCB Board Reader: Unsupported keyword: 'units' of parentNode 'footprint' at line: 11496
[2026-09-25 17:08:33,046][WARN]:  KiCad PCB Board Reader: Unsupported keyword: 'duplicate_pad_numbers_are_jumpers' of parentNode 'footprint' at line: 11505
[2026-09-25 17:08:33,046][WARN]:  KiCad PCB Board Reader: Unsupported keyword: 'units' of parentNode 'footprint' at line: 12209
[2026-09-25 17:08:33,046][WARN]:  KiCad PCB Board Reader: Unsupported keyword: 'duplicate_pad_numbers_are_jumpers' of parentNode 'footprint' at line: 12216
[2026-09-25 17:08:33,047][WARN]:  KiCad PCB Board Reader: Unsupported keyword: 'units' of parentNode 'footprint' at line: 12702
[2026-09-25 17:08:33,047][WARN]:  KiCad PCB Board Reader: Unsupported keyword: 'duplicate_pad_numbers_are_jumpers' of parentNode 'footprint' at line: 12709
[2026-09-25 17:08:33,047][WARN]:  KiCad PCB Board Reader: Unsupported keyword: 'teardrops' of parentNode 'pad' at line: 12779
[2026-09-25 17:08:33,047][WARN]:  KiCad PCB Board Reader: Unsupported keyword: 'duplicate_pad_numbers_are_jumpers' of parentNode 'footprint' at line: 12863
[2026-09-25 17:08:33,047][WARN]:  KiCad PCB Board Reader: Unsupported keyword: 'teardrops' of parentNode 'pad' at line: 13009
[2026-09-25 17:08:33,047][WARN]:  KiCad PCB Board Reader: Unsupported keyword: 'teardrops' of parentNode 'pad' at line: 13032
[2026-09-25 17:08:33,047][WARN]:  KiCad PCB Board Reader: Unsupported keyword: 'teardrops' of parentNode 'pad' at line: 13055
[2026-09-25 17:08:33,047][WARN]:  KiCad PCB Board Reader: Unsupported keyword: 'teardrops' of parentNode 'pad' at line: 13078
[2026-09-25 17:08:33,047][WARN]:  KiCad PCB Board Reader: Unsupported keyword: 'teardrops' of parentNode 'pad' at line: 13101
[2026-09-25 17:08:33,047][WARN]:  KiCad PCB Board Reader: Unsupported keyword: 'teardrops' of parentNode 'pad' at line: 13124
[2026-09-25 17:08:33,047][WARN]:  KiCad PCB Board Reader: Unsupported keyword: 'teardrops' of parentNode 'pad' at line: 13147
[2026-09-25 17:08:33,047][WARN]:  KiCad PCB Board Reader: Unsupported keyword: 'teardrops' of parentNode 'pad' at line: 13170
[2026-09-25 17:08:33,047][WARN]:  KiCad PCB Board Reader: Unsupported keyword: 'teardrops' of parentNode 'pad' at line: 13193
[2026-09-25 17:08:33,047][WARN]:  KiCad PCB Board Reader: Unsupported keyword: 'teardrops' of parentNode 'pad' at line: 13216
[2026-09-25 17:08:33,047][WARN]:  KiCad PCB Board Reader: Unsupported keyword: 'teardrops' of parentNode 'pad' at line: 13239
[2026-09-25 17:08:33,047][WARN]:  KiCad PCB Board Reader: Unsupported keyword: 'teardrops' of parentNode 'pad' at line: 13262
[2026-09-25 17:08:33,047][WARN]:  KiCad PCB Board Reader: Unsupported keyword: 'teardrops' of parentNode 'pad' at line: 13285
[2026-09-25 17:08:33,047][WARN]:  KiCad PCB Board Reader: Unsupported keyword: 'teardrops' of parentNode 'pad' at line: 13308
[2026-09-25 17:08:33,047][WARN]:  KiCad PCB Board Reader: Unsupported keyword: 'teardrops' of parentNode 'pad' at line: 13331
[2026-09-25 17:08:33,047][WARN]:  KiCad PCB Board Reader: Unsupported keyword: 'teardrops' of parentNode 'pad' at line: 13354
[2026-09-25 17:08:33,047][WARN]:  KiCad PCB Board Reader: Unsupported keyword: 'teardrops' of parentNode 'pad' at line: 13377
[2026-09-25 17:08:33,047][WARN]:  KiCad PCB Board Reader: Unsupported keyword: 'teardrops' of parentNode 'pad' at line: 13400
[2026-09-25 17:08:33,047][WARN]:  KiCad PCB Board Reader: Unsupported keyword: 'units' of parentNode 'footprint' at line: 13588
[2026-09-25 17:08:33,047][WARN]:  KiCad PCB Board Reader: Unsupported keyword: 'duplicate_pad_numbers_are_jumpers' of parentNode 'footprint' at line: 13595
[2026-09-25 17:08:33,047][WARN]:  KiCad PCB Board Reader: Unsupported keyword: 'teardrops' of parentNode 'pad' at line: 13787
[2026-09-25 17:08:33,047][WARN]:  KiCad PCB Board Reader: Unsupported keyword: 'units' of parentNode 'footprint' at line: 13972
[2026-09-25 17:08:33,047][WARN]:  KiCad PCB Board Reader: Unsupported keyword: 'duplicate_pad_numbers_are_jumpers' of parentNode 'footprint' at line: 13981
[2026-09-25 17:08:33,048][WARN]:  KiCad PCB Board Reader: Unsupported keyword: 'units' of parentNode 'footprint' at line: 14943
[2026-09-25 17:08:33,048][WARN]:  KiCad PCB Board Reader: Unsupported keyword: 'duplicate_pad_numbers_are_jumpers' of parentNode 'footprint' at line: 14950
[2026-09-25 17:08:33,048][WARN]:  KiCad PCB Board Reader: Unsupported keyword: 'teardrops' of parentNode 'pad' at line: 15020
[2026-09-25 17:08:33,048][WARN]:  KiCad PCB Board Reader: Unsupported keyword: 'units' of parentNode 'footprint' at line: 15205
[2026-09-25 17:08:33,048][WARN]:  KiCad PCB Board Reader: Unsupported keyword: 'duplicate_pad_numbers_are_jumpers' of parentNode 'footprint' at line: 15212
[2026-09-25 17:08:33,048][WARN]:  KiCad PCB Board Reader: Unsupported keyword: 'units' of parentNode 'footprint' at line: 15412
[2026-09-25 17:08:33,048][WARN]:  KiCad PCB Board Reader: Unsupported keyword: 'duplicate_pad_numbers_are_jumpers' of parentNode 'footprint' at line: 15419
[2026-09-25 17:08:33,048][WARN]:  KiCad PCB Board Reader: Unsupported keyword: 'units' of parentNode 'footprint' at line: 15661
[2026-09-25 17:08:33,048][WARN]:  KiCad PCB Board Reader: Unsupported keyword: 'duplicate_pad_numbers_are_jumpers' of parentNode 'footprint' at line: 15668
[2026-09-25 17:08:33,048][WARN]:  KiCad PCB Board Reader: Unsupported keyword: 'teardrops' of parentNode 'pad' at line: 15729
[2026-09-25 17:08:33,048][WARN]:  KiCad PCB Board Reader: Unsupported keyword: 'units' of parentNode 'footprint' at line: 15921
[2026-09-25 17:08:33,048][WARN]:  KiCad PCB Board Reader: Unsupported keyword: 'duplicate_pad_numbers_are_jumpers' of parentNode 'footprint' at line: 15928
[2026-09-25 17:08:33,048][WARN]:  KiCad PCB Board Reader: Unsupported keyword: 'teardrops' of parentNode 'pad' at line: 15998
[2026-09-25 17:08:33,048][WARN]:  KiCad PCB Board Reader: Unsupported keyword: 'units' of parentNode 'footprint' at line: 16077
[2026-09-25 17:08:33,048][WARN]:  KiCad PCB Board Reader: Unsupported keyword: 'duplicate_pad_numbers_are_jumpers' of parentNode 'footprint' at line: 16084
[2026-09-25 17:08:33,048][WARN]:  KiCad PCB Board Reader: Unsupported keyword: 'units' of parentNode 'footprint' at line: 16352
[2026-09-25 17:08:33,048][WARN]:  KiCad PCB Board Reader: Unsupported keyword: 'duplicate_pad_numbers_are_jumpers' of parentNode 'footprint' at line: 16359
[2026-09-25 17:08:33,048][WARN]:  KiCad PCB Board Reader: Unsupported keyword: 'units' of parentNode 'footprint' at line: 16510
[2026-09-25 17:08:33,048][WARN]:  KiCad PCB Board Reader: Unsupported keyword: 'duplicate_pad_numbers_are_jumpers' of parentNode 'footprint' at line: 16517
[2026-09-25 17:08:33,048][WARN]:  KiCad PCB Board Reader: Unsupported keyword: 'teardrops' of parentNode 'pad' at line: 16587
[2026-09-25 17:08:33,048][WARN]:  KiCad PCB Board Reader: Unsupported keyword: 'units' of parentNode 'footprint' at line: 16679
[2026-09-25 17:08:33,048][WARN]:  KiCad PCB Board Reader: Unsupported keyword: 'duplicate_pad_numbers_are_jumpers' of parentNode 'footprint' at line: 16686
[2026-09-25 17:08:33,048][WARN]:  KiCad PCB Board Reader: Unsupported keyword: 'teardrops' of parentNode 'pad' at line: 16756
[2026-09-25 17:08:33,048][WARN]:  KiCad PCB Board Reader: Unsupported keyword: 'units' of parentNode 'footprint' at line: 16848
[2026-09-25 17:08:33,048][WARN]:  KiCad PCB Board Reader: Unsupported keyword: 'duplicate_pad_numbers_are_jumpers' of parentNode 'footprint' at line: 16855
[2026-09-25 17:08:33,048][WARN]:  KiCad PCB Board Reader: Unsupported keyword: 'units' of parentNode 'footprint' at line: 17006
[2026-09-25 17:08:33,048][WARN]:  KiCad PCB Board Reader: Unsupported keyword: 'duplicate_pad_numbers_are_jumpers' of parentNode 'footprint' at line: 17013
[2026-09-25 17:08:33,048][WARN]:  KiCad PCB Board Reader: Unsupported keyword: 'teardrops' of parentNode 'pad' at line: 17083
[2026-09-25 17:08:33,049][WARN]:  KiCad PCB Board Reader: Unsupported keyword: 'units' of parentNode 'footprint' at line: 17175
[2026-09-25 17:08:33,049][WARN]:  KiCad PCB Board Reader: Unsupported keyword: 'duplicate_pad_numbers_are_jumpers' of parentNode 'footprint' at line: 17182
[2026-09-25 17:08:33,049][WARN]:  KiCad PCB Board Reader: Unsupported keyword: 'units' of parentNode 'footprint' at line: 17424
[2026-09-25 17:08:33,049][WARN]:  KiCad PCB Board Reader: Unsupported keyword: 'duplicate_pad_numbers_are_jumpers' of parentNode 'footprint' at line: 17431
[2026-09-25 17:08:33,049][WARN]:  KiCad PCB Board Reader: Unsupported keyword: 'teardrops' of parentNode 'pad' at line: 17501
[2026-09-25 17:08:33,049][WARN]:  KiCad PCB Board Reader: Unsupported keyword: 'units' of parentNode 'footprint' at line: 17686
[2026-09-25 17:08:33,049][WARN]:  KiCad PCB Board Reader: Unsupported keyword: 'duplicate_pad_numbers_are_jumpers' of parentNode 'footprint' at line: 17693
[2026-09-25 17:08:33,049][WARN]:  KiCad PCB Board Reader: Unsupported keyword: 'units' of parentNode 'footprint' at line: 17893
[2026-09-25 17:08:33,049][WARN]:  KiCad PCB Board Reader: Unsupported keyword: 'duplicate_pad_numbers_are_jumpers' of parentNode 'footprint' at line: 17900
[2026-09-25 17:08:33,049][WARN]:  KiCad PCB Board Reader: Unsupported keyword: 'teardrops' of parentNode 'pad' at line: 17970
[2026-09-25 17:08:33,049][WARN]:  KiCad PCB Board Reader: Unsupported keyword: 'units' of parentNode 'footprint' at line: 18062
[2026-09-25 17:08:33,049][WARN]:  KiCad PCB Board Reader: Unsupported keyword: 'duplicate_pad_numbers_are_jumpers' of parentNode 'footprint' at line: 18069
[2026-09-25 17:08:33,049][WARN]:  KiCad PCB Board Reader: Unsupported keyword: 'teardrops' of parentNode 'pad' at line: 18139
[2026-09-25 17:08:33,049][WARN]:  KiCad PCB Board Reader: Unsupported keyword: 'units' of parentNode 'footprint' at line: 18322
[2026-09-25 17:08:33,049][WARN]:  KiCad PCB Board Reader: Unsupported keyword: 'duplicate_pad_numbers_are_jumpers' of parentNode 'footprint' at line: 18329
[2026-09-25 17:08:33,049][WARN]:  KiCad PCB Board Reader: Unsupported keyword: 'teardrops' of parentNode 'pad' at line: 18399
[2026-09-25 17:08:33,049][WARN]:  KiCad PCB Board Reader: Unsupported keyword: 'units' of parentNode 'footprint' at line: 18574
[2026-09-25 17:08:33,049][WARN]:  KiCad PCB Board Reader: Unsupported keyword: 'duplicate_pad_numbers_are_jumpers' of parentNode 'footprint' at line: 18581
[2026-09-25 17:08:33,049][WARN]:  KiCad PCB Board Reader: Unsupported keyword: 'teardrops' of parentNode 'pad' at line: 18731
[2026-09-25 17:08:33,049][WARN]:  KiCad PCB Board Reader: Unsupported keyword: 'teardrops' of parentNode 'pad' at line: 18751
[2026-09-25 17:08:33,049][WARN]:  KiCad PCB Board Reader: Unsupported keyword: 'teardrops' of parentNode 'pad' at line: 18771
[2026-09-25 17:08:33,049][WARN]:  KiCad PCB Board Reader: Unsupported keyword: 'teardrops' of parentNode 'pad' at line: 18791
[2026-09-25 17:08:33,049][WARN]:  KiCad PCB Board Reader: Unsupported keyword: 'units' of parentNode 'footprint' at line: 18974
[2026-09-25 17:08:33,049][WARN]:  KiCad PCB Board Reader: Unsupported keyword: 'duplicate_pad_numbers_are_jumpers' of parentNode 'footprint' at line: 18985
[2026-09-25 17:08:33,049][WARN]:  KiCad PCB Board Reader: Unsupported keyword: 'units' of parentNode 'footprint' at line: 19865
[2026-09-25 17:08:33,049][WARN]:  KiCad PCB Board Reader: Unsupported keyword: 'duplicate_pad_numbers_are_jumpers' of parentNode 'footprint' at line: 19872
[2026-09-25 17:08:33,049][WARN]:  KiCad PCB Board Reader: Unsupported keyword: 'units' of parentNode 'footprint' at line: 20191
[2026-09-25 17:08:33,050][WARN]:  KiCad PCB Board Reader: Unsupported keyword: 'duplicate_pad_numbers_are_jumpers' of parentNode 'footprint' at line: 20197
[2026-09-25 17:08:33,050][WARN]:  KiCad PCB Board Reader: Unsupported keyword: 'units' of parentNode 'footprint' at line: 20364
[2026-09-25 17:08:33,050][WARN]:  KiCad PCB Board Reader: Unsupported keyword: 'duplicate_pad_numbers_are_jumpers' of parentNode 'footprint' at line: 20370
[2026-09-25 17:08:33,050][WARN]:  KiCad PCB Board Reader: Unsupported keyword: 'units' of parentNode 'footprint' at line: 20537
[2026-09-25 17:08:33,050][WARN]:  KiCad PCB Board Reader: Unsupported keyword: 'duplicate_pad_numbers_are_jumpers' of parentNode 'footprint' at line: 20543
[2026-09-25 17:08:33,050][WARN]:  KiCad PCB Board Reader: Unsupported keyword: 'teardrops' of parentNode 'pad' at line: 20643
[2026-09-25 17:08:33,050][WARN]:  KiCad PCB Board Reader: Unsupported keyword: 'units' of parentNode 'footprint' at line: 20720
[2026-09-25 17:08:33,050][WARN]:  KiCad PCB Board Reader: Unsupported keyword: 'duplicate_pad_numbers_are_jumpers' of parentNode 'footprint' at line: 20727
[2026-09-25 17:08:33,050][WARN]:  KiCad PCB Board Reader: Unsupported keyword: 'units' of parentNode 'footprint' at line: 21016
[2026-09-25 17:08:33,050][WARN]:  KiCad PCB Board Reader: Unsupported keyword: 'duplicate_pad_numbers_are_jumpers' of parentNode 'footprint' at line: 21022
[2026-09-25 17:08:33,050][WARN]:  KiCad PCB Board Reader: Unsupported keyword: 'units' of parentNode 'footprint' at line: 21188
[2026-09-25 17:08:33,050][WARN]:  KiCad PCB Board Reader: Unsupported keyword: 'duplicate_pad_numbers_are_jumpers' of parentNode 'footprint' at line: 21195
[2026-09-25 17:08:33,050][WARN]:  KiCad PCB Board Reader: Unsupported keyword: 'units' of parentNode 'footprint' at line: 21492
[2026-09-25 17:08:33,050][WARN]:  KiCad PCB Board Reader: Unsupported keyword: 'duplicate_pad_numbers_are_jumpers' of parentNode 'footprint' at line: 21499
[2026-09-25 17:08:33,050][WARN]:  KiCad PCB Board Reader: Unsupported keyword: 'teardrops' of parentNode 'pad' at line: 21685
[2026-09-25 17:08:33,050][WARN]:  KiCad PCB Board Reader: Unsupported keyword: 'teardrops' of parentNode 'pad' at line: 21707
[2026-09-25 17:08:33,050][WARN]:  KiCad PCB Board Reader: Unsupported keyword: 'teardrops' of parentNode 'pad' at line: 21729
[2026-09-25 17:08:33,050][WARN]:  KiCad PCB Board Reader: Unsupported keyword: 'teardrops' of parentNode 'pad' at line: 21751
[2026-09-25 17:08:33,050][WARN]:  KiCad PCB Board Reader: Unsupported keyword: 'units' of parentNode 'footprint' at line: 21840
[2026-09-25 17:08:33,050][WARN]:  KiCad PCB Board Reader: Unsupported keyword: 'duplicate_pad_numbers_are_jumpers' of parentNode 'footprint' at line: 21846
[2026-09-25 17:08:33,050][WARN]:  KiCad PCB Board Reader: Unsupported keyword: 'units' of parentNode 'footprint' at line: 22013
[2026-09-25 17:08:33,050][WARN]:  KiCad PCB Board Reader: Unsupported keyword: 'duplicate_pad_numbers_are_jumpers' of parentNode 'footprint' at line: 22019
[2026-09-25 17:08:33,050][WARN]:  KiCad PCB Board Reader: Unsupported keyword: 'teardrops' of parentNode 'pad' at line: 22119
[2026-09-25 17:08:33,050][WARN]:  KiCad PCB Board Reader: Unsupported keyword: 'units' of parentNode 'footprint' at line: 22197
[2026-09-25 17:08:33,050][WARN]:  KiCad PCB Board Reader: Unsupported keyword: 'duplicate_pad_numbers_are_jumpers' of parentNode 'footprint' at line: 22203
[2026-09-25 17:08:33,050][WARN]:  KiCad PCB Board Reader: Unsupported keyword: 'units' of parentNode 'footprint' at line: 22378
[2026-09-25 17:08:33,050][WARN]:  KiCad PCB Board Reader: Unsupported keyword: 'duplicate_pad_numbers_are_jumpers' of parentNode 'footprint' at line: 22385
[2026-09-25 17:08:33,050][WARN]:  KiCad PCB Board Reader: Unsupported keyword: 'units' of parentNode 'footprint' at line: 22668
[2026-09-25 17:08:33,050][WARN]:  KiCad PCB Board Reader: Unsupported keyword: 'duplicate_pad_numbers_are_jumpers' of parentNode 'footprint' at line: 22675
[2026-09-25 17:08:33,050][WARN]:  KiCad PCB Board Reader: Unsupported keyword: 'units' of parentNode 'footprint' at line: 22961
[2026-09-25 17:08:33,050][WARN]:  KiCad PCB Board Reader: Unsupported keyword: 'duplicate_pad_numbers_are_jumpers' of parentNode 'footprint' at line: 22967
[2026-09-25 17:08:33,051][WARN]:  KiCad PCB Board Reader: Unsupported keyword: 'units' of parentNode 'footprint' at line: 23142
[2026-09-25 17:08:33,051][WARN]:  KiCad PCB Board Reader: Unsupported keyword: 'duplicate_pad_numbers_are_jumpers' of parentNode 'footprint' at line: 23149
[2026-09-25 17:08:33,051][WARN]:  KiCad PCB Board Reader: Unsupported keyword: 'units' of parentNode 'footprint' at line: 23432
[2026-09-25 17:08:33,051][WARN]:  KiCad PCB Board Reader: Unsupported keyword: 'duplicate_pad_numbers_are_jumpers' of parentNode 'footprint' at line: 23439
[2026-09-25 17:08:33,051][WARN]:  KiCad PCB Board Reader: Unsupported keyword: 'units' of parentNode 'footprint' at line: 23725
[2026-09-25 17:08:33,051][WARN]:  KiCad PCB Board Reader: Unsupported keyword: 'duplicate_pad_numbers_are_jumpers' of parentNode 'footprint' at line: 23731
[2026-09-25 17:08:33,051][WARN]:  KiCad PCB Board Reader: Unsupported keyword: 'teardrops' of parentNode 'pad' at line: 23831
[2026-09-25 17:08:33,051][WARN]:  KiCad PCB Board Reader: Unsupported keyword: 'units' of parentNode 'footprint' at line: 23909
[2026-09-25 17:08:33,051][WARN]:  KiCad PCB Board Reader: Unsupported keyword: 'duplicate_pad_numbers_are_jumpers' of parentNode 'footprint' at line: 23915
[2026-09-25 17:08:33,051][WARN]:  KiCad PCB Board Reader: Unsupported keyword: 'units' of parentNode 'footprint' at line: 24082
[2026-09-25 17:08:33,051][WARN]:  KiCad PCB Board Reader: Unsupported keyword: 'duplicate_pad_numbers_are_jumpers' of parentNode 'footprint' at line: 24088
[2026-09-25 17:08:33,051][WARN]:  KiCad PCB Board Reader: Unsupported keyword: 'teardrops' of parentNode 'pad' at line: 24188
[2026-09-25 17:08:33,051][WARN]:  KiCad PCB Board Reader: Unsupported keyword: 'units' of parentNode 'footprint' at line: 24266
[2026-09-25 17:08:33,051][WARN]:  KiCad PCB Board Reader: Unsupported keyword: 'duplicate_pad_numbers_are_jumpers' of parentNode 'footprint' at line: 24272
[2026-09-25 17:08:33,051][WARN]:  KiCad PCB Board Reader: Unsupported keyword: 'teardrops' of parentNode 'pad' at line: 24372
[2026-09-25 17:08:33,051][WARN]:  KiCad PCB Board Reader: Unsupported keyword: 'units' of parentNode 'footprint' at line: 24450
[2026-09-25 17:08:33,051][WARN]:  KiCad PCB Board Reader: Unsupported keyword: 'duplicate_pad_numbers_are_jumpers' of parentNode 'footprint' at line: 24456
[2026-09-25 17:08:33,051][WARN]:  KiCad PCB Board Reader: Unsupported keyword: 'units' of parentNode 'footprint' at line: 24721
[2026-09-25 17:08:33,051][WARN]:  KiCad PCB Board Reader: Unsupported keyword: 'duplicate_pad_numbers_are_jumpers' of parentNode 'footprint' at line: 24727
[2026-09-25 17:08:33,051][WARN]:  KiCad PCB Board Reader: Unsupported keyword: 'teardrops' of parentNode 'pad' at line: 24827
[2026-09-25 17:08:33,051][WARN]:  KiCad PCB Board Reader: Unsupported keyword: 'render_cache' of parentNode 'gr_text' at line: 24951
[2026-09-25 17:08:33,051][WARN]:  KiCad PCB Board Reader: Unsupported keyword: 'teardrops' of parentNode 'via' at line: 25692
[2026-09-25 17:08:33,051][WARN]:  KiCad PCB Board Reader: Unsupported keyword: 'teardrops' of parentNode 'via' at line: 25783
[2026-09-25 17:08:33,052][WARN]:  KiCad PCB Board Reader: Unsupported keyword: 'teardrops' of parentNode 'via' at line: 25891
[2026-09-25 17:08:33,052][WARN]:  KiCad PCB Board Reader: Unsupported keyword: 'teardrops' of parentNode 'via' at line: 25927
[2026-09-25 17:08:33,052][WARN]:  KiCad PCB Board Reader: Unsupported keyword: 'teardrops' of parentNode 'via' at line: 25955
[2026-09-25 17:08:33,052][WARN]:  KiCad PCB Board Reader: Unsupported keyword: 'teardrops' of parentNode 'via' at line: 25991
[2026-09-25 17:08:33,052][WARN]:  KiCad PCB Board Reader: Unsupported keyword: 'teardrops' of parentNode 'via' at line: 26037
[2026-09-25 17:08:33,052][WARN]:  KiCad PCB Board Reader: Unsupported keyword: 'teardrops' of parentNode 'via' at line: 26110
[2026-09-25 17:08:33,052][WARN]:  KiCad PCB Board Reader: Unsupported keyword: 'teardrops' of parentNode 'via' at line: 26129
[2026-09-25 17:08:33,052][WARN]:  KiCad PCB Board Reader: Unsupported keyword: 'teardrops' of parentNode 'via' at line: 26200
[2026-09-25 17:08:33,052][WARN]:  KiCad PCB Board Reader: Unsupported keyword: 'teardrops' of parentNode 'via' at line: 26316
[2026-09-25 17:08:33,052][WARN]:  KiCad PCB Board Reader: Unsupported keyword: 'teardrops' of parentNode 'via' at line: 26371
[2026-09-25 17:08:33,052][WARN]:  KiCad PCB Board Reader: Unsupported keyword: 'teardrops' of parentNode 'via' at line: 26485
[2026-09-25 17:08:33,052][WARN]:  KiCad PCB Board Reader: Unsupported keyword: 'teardrops' of parentNode 'via' at line: 26584
[2026-09-25 17:08:33,052][WARN]:  KiCad PCB Board Reader: Unsupported keyword: 'teardrops' of parentNode 'via' at line: 26639
[2026-09-25 17:08:33,052][WARN]:  KiCad PCB Board Reader: Unsupported keyword: 'teardrops' of parentNode 'via' at line: 26817
[2026-09-25 17:08:33,052][WARN]:  KiCad PCB Board Reader: Unsupported keyword: 'teardrops' of parentNode 'via' at line: 26949
[2026-09-25 17:08:33,052][WARN]:  KiCad PCB Board Reader: Unsupported keyword: 'teardrops' of parentNode 'via' at line: 27329
[2026-09-25 17:08:33,052][WARN]:  KiCad PCB Board Reader: Unsupported keyword: 'teardrops' of parentNode 'via' at line: 27357
[2026-09-25 17:08:33,052][WARN]:  KiCad PCB Board Reader: Unsupported keyword: 'teardrops' of parentNode 'via' at line: 27384
[2026-09-25 17:08:33,052][WARN]:  KiCad PCB Board Reader: Unsupported keyword: 'teardrops' of parentNode 'via' at line: 27438
[2026-09-25 17:08:33,052][WARN]:  KiCad PCB Board Reader: Unsupported keyword: 'teardrops' of parentNode 'via' at line: 27458
[2026-09-25 17:08:33,052][WARN]:  KiCad PCB Board Reader: Unsupported keyword: 'teardrops' of parentNode 'via' at line: 27478
[2026-09-25 17:08:33,052][WARN]:  KiCad PCB Board Reader: Unsupported keyword: 'teardrops' of parentNode 'via' at line: 27505
[2026-09-25 17:08:33,052][WARN]:  KiCad PCB Board Reader: Unsupported keyword: 'teardrops' of parentNode 'via' at line: 27524
[2026-09-25 17:08:33,052][WARN]:  KiCad PCB Board Reader: Unsupported keyword: 'teardrops' of parentNode 'via' at line: 27543
[2026-09-25 17:08:33,052][WARN]:  KiCad PCB Board Reader: Unsupported keyword: 'teardrops' of parentNode 'via' at line: 27578
[2026-09-25 17:08:33,052][WARN]:  KiCad PCB Board Reader: Unsupported keyword: 'teardrops' of parentNode 'via' at line: 27597
[2026-09-25 17:08:33,052][WARN]:  KiCad PCB Board Reader: Unsupported keyword: 'teardrops' of parentNode 'via' at line: 27736
[2026-09-25 17:08:33,052][WARN]:  KiCad PCB Board Reader: Unsupported keyword: 'teardrops' of parentNode 'via' at line: 27755
[2026-09-25 17:08:33,052][WARN]:  KiCad PCB Board Reader: Unsupported keyword: 'teardrops' of parentNode 'via' at line: 28070
[2026-09-25 17:08:33,052][WARN]:  KiCad PCB Board Reader: Unsupported keyword: 'teardrops' of parentNode 'via' at line: 28089
[2026-09-25 17:08:33,052][WARN]:  KiCad PCB Board Reader: Unsupported keyword: 'teardrops' of parentNode 'via' at line: 28236
[2026-09-25 17:08:33,053][WARN]:  KiCad PCB Board Reader: Unsupported keyword: 'teardrops' of parentNode 'via' at line: 28343
[2026-09-25 17:08:33,053][WARN]:  KiCad PCB Board Reader: Unsupported keyword: 'teardrops' of parentNode 'via' at line: 28706
[2026-09-25 17:08:33,053][WARN]:  KiCad PCB Board Reader: Unsupported keyword: 'teardrops' of parentNode 'via' at line: 28725
[2026-09-25 17:08:33,053][WARN]:  KiCad PCB Board Reader: Unsupported keyword: 'teardrops' of parentNode 'via' at line: 28976
[2026-09-25 17:08:33,053][WARN]:  KiCad PCB Board Reader: Unsupported keyword: 'teardrops' of parentNode 'via' at line: 28995
[2026-09-25 17:08:33,053][WARN]:  KiCad PCB Board Reader: Unsupported keyword: 'teardrops' of parentNode 'via' at line: 29014
[2026-09-25 17:08:33,053][WARN]:  KiCad PCB Board Reader: Unsupported keyword: 'teardrops' of parentNode 'via' at line: 29121
[2026-09-25 17:08:33,053][WARN]:  KiCad PCB Board Reader: Unsupported keyword: 'teardrops' of parentNode 'via' at line: 29164
[2026-09-25 17:08:33,053][WARN]:  KiCad PCB Board Reader: Unsupported keyword: 'teardrops' of parentNode 'via' at line: 29183
[2026-09-25 17:08:33,053][WARN]:  KiCad PCB Board Reader: Unsupported keyword: 'teardrops' of parentNode 'via' at line: 29490
[2026-09-25 17:08:33,053][WARN]:  KiCad PCB Board Reader: Unsupported keyword: 'teardrops' of parentNode 'via' at line: 29573
[2026-09-25 17:08:33,053][WARN]:  KiCad PCB Board Reader: Unsupported keyword: 'teardrops' of parentNode 'via' at line: 29688
[2026-09-25 17:08:33,053][WARN]:  KiCad PCB Board Reader: Unsupported keyword: 'teardrops' of parentNode 'via' at line: 29851
[2026-09-25 17:08:33,053][WARN]:  KiCad PCB Board Reader: Unsupported keyword: 'teardrops' of parentNode 'via' at line: 29870
[2026-09-25 17:08:33,053][WARN]:  KiCad PCB Board Reader: Unsupported keyword: 'teardrops' of parentNode 'via' at line: 30009
[2026-09-25 17:08:33,053][WARN]:  KiCad PCB Board Reader: Unsupported keyword: 'teardrops' of parentNode 'via' at line: 30028
[2026-09-25 17:08:33,053][WARN]:  KiCad PCB Board Reader: Unsupported keyword: 'teardrops' of parentNode 'via' at line: 30127
[2026-09-25 17:08:33,053][WARN]:  KiCad PCB Board Reader: Unsupported keyword: 'teardrops' of parentNode 'via' at line: 30146
[2026-09-25 17:08:33,053][WARN]:  KiCad PCB Board Reader: Unsupported keyword: 'teardrops' of parentNode 'via' at line: 30213
[2026-09-25 17:08:33,053][WARN]:  KiCad PCB Board Reader: Unsupported keyword: 'teardrops' of parentNode 'via' at line: 30264
[2026-09-25 17:08:33,053][WARN]:  KiCad PCB Board Reader: Unsupported keyword: 'teardrops' of parentNode 'via' at line: 30307
[2026-09-25 17:08:33,053][WARN]:  KiCad PCB Board Reader: Unsupported keyword: 'teardrops' of parentNode 'via' at line: 30470
[2026-09-25 17:08:33,053][WARN]:  KiCad PCB Board Reader: Unsupported keyword: 'attr' of parentNode 'zone' at line: 30505
[2026-09-25 17:08:33,053][WARN]:  KiCad PCB Board Reader: Unsupported keyword: 'attr' of parentNode 'zone' at line: 30542
[2026-09-25 17:08:33,053][WARN]:  KiCad PCB Board Reader: Unsupported keyword: 'attr' of parentNode 'zone' at line: 30574
[2026-09-25 17:08:33,053][WARN]:  KiCad PCB Board Reader: Unsupported keyword: 'attr' of parentNode 'zone' at line: 30624
[2026-09-25 17:08:33,053][WARN]:  KiCad PCB Board Reader: Unsupported keyword: 'attr' of parentNode 'zone' at line: 30664
[2026-09-25 17:08:33,053][WARN]:  KiCad PCB Board Reader: Unsupported keyword: 'attr' of parentNode 'zone' at line: 30704
[2026-09-25 17:08:33,053][WARN]:  KiCad PCB Board Reader: Unsupported keyword: 'attr' of parentNode 'zone' at line: 30747
[2026-09-25 17:08:33,053][WARN]:  KiCad PCB Board Reader: Unsupported keyword: 'attr' of parentNode 'zone' at line: 30793
[2026-09-25 17:08:33,053][WARN]:  KiCad PCB Board Reader: Unsupported keyword: 'attr' of parentNode 'zone' at line: 30826
[2026-09-25 17:08:33,053][WARN]:  KiCad PCB Board Reader: Unsupported keyword: 'attr' of parentNode 'zone' at line: 30863
[2026-09-25 17:08:33,053][WARN]:  KiCad PCB Board Reader: Unsupported keyword: 'attr' of parentNode 'zone' at line: 30904
[2026-09-25 17:08:33,053][WARN]:  KiCad PCB Board Reader: Unsupported keyword: 'attr' of parentNode 'zone' at line: 30944
[2026-09-25 17:08:33,053][WARN]:  KiCad PCB Board Reader: Unsupported keyword: 'attr' of parentNode 'zone' at line: 30984
[2026-09-25 17:08:33,053][WARN]:  KiCad PCB Board Reader: Unsupported keyword: 'attr' of parentNode 'zone' at line: 31029
[2026-09-25 17:08:33,053][WARN]:  KiCad PCB Board Reader: Unsupported keyword: 'attr' of parentNode 'zone' at line: 31061
[2026-09-25 17:08:33,053][WARN]:  KiCad PCB Board Reader: Unsupported keyword: 'attr' of parentNode 'zone' at line: 31103
[2026-09-25 17:08:33,053][WARN]:  KiCad PCB Board Reader: Unsupported keyword: 'attr' of parentNode 'zone' at line: 31135
[2026-09-25 17:08:33,053][WARN]:  KiCad PCB Board Reader: Unsupported keyword: 'attr' of parentNode 'zone' at line: 31167
[2026-09-25 17:08:33,055][WARN]:  KiCad PCB Board Reader: Unsupported keyword: 'attr' of parentNode 'zone' at line: 31237
[2026-09-25 17:08:33,055][WARN]:  KiCad PCB Board Reader: Unsupported keyword: 'attr' of parentNode 'zone' at line: 31269
[2026-09-25 17:08:33,055][WARN]:  KiCad PCB Board Reader: Unsupported keyword: 'attr' of parentNode 'zone' at line: 31309
[2026-09-25 17:08:33,055][WARN]:  KiCad PCB Board Reader: Unsupported keyword: 'attr' of parentNode 'zone' at line: 31344
[2026-09-25 17:08:33,055][WARN]:  KiCad PCB Board Reader: Unsupported keyword: 'attr' of parentNode 'zone' at line: 31384
[2026-09-25 17:08:33,055][WARN]:  KiCad PCB Board Reader: Unsupported keyword: 'attr' of parentNode 'zone' at line: 31430
[2026-09-25 17:08:33,055][WARN]:  KiCad PCB Board Reader: Unsupported keyword: 'attr' of parentNode 'zone' at line: 31463
[2026-09-25 17:08:33,055][WARN]:  KiCad PCB Board Reader: Unsupported keyword: 'attr' of parentNode 'zone' at line: 31503
[2026-09-25 17:08:33,055][WARN]:  KiCad PCB Board Reader: Unsupported keyword: 'attr' of parentNode 'zone' at line: 31539
[2026-09-25 17:08:33,055][WARN]:  KiCad PCB Board Reader: Unsupported keyword: 'attr' of parentNode 'zone' at line: 31585
[2026-09-25 17:08:33,055][WARN]:  KiCad PCB Board Reader: Unsupported keyword: 'attr' of parentNode 'zone' at line: 31620
[2026-09-25 17:08:33,055][WARN]:  KiCad PCB Board Reader: Unsupported keyword: 'attr' of parentNode 'zone' at line: 31655
[2026-09-25 17:08:33,055][WARN]:  KiCad PCB Board Reader: Unsupported keyword: 'attr' of parentNode 'zone' at line: 31705
[2026-09-25 17:08:33,055][WARN]:  KiCad PCB Board Reader: Unsupported keyword: 'attr' of parentNode 'zone' at line: 31745
[2026-09-25 17:08:33,055][WARN]:  KiCad PCB Board Reader: Unsupported keyword: 'attr' of parentNode 'zone' at line: 31784
[2026-09-25 17:08:33,055][WARN]:  KiCad PCB Board Reader: Unsupported keyword: 'attr' of parentNode 'zone' at line: 31827
[2026-09-25 17:08:33,055][WARN]:  KiCad PCB Board Reader: Unsupported keyword: 'attr' of parentNode 'zone' at line: 31867
[2026-09-25 17:08:33,055][WARN]:  KiCad PCB Board Reader: Unsupported keyword: 'attr' of parentNode 'zone' at line: 31943
[2026-09-25 17:08:33,055][WARN]:  KiCad PCB Board Reader: Unsupported keyword: 'attr' of parentNode 'zone' at line: 31993
[2026-09-25 17:08:33,055][WARN]:  KiCad PCB Board Reader: Unsupported keyword: 'attr' of parentNode 'zone' at line: 32038
[2026-09-25 17:08:33,055][WARN]:  KiCad PCB Board Reader: Unsupported keyword: 'attr' of parentNode 'zone' at line: 32070
[2026-09-25 17:08:33,055][WARN]:  KiCad PCB Board Reader: Unsupported keyword: 'attr' of parentNode 'zone' at line: 32110
[2026-09-25 17:08:33,055][WARN]:  KiCad PCB Board Reader: Unsupported keyword: 'attr' of parentNode 'zone' at line: 32150
[2026-09-25 17:08:33,055][WARN]:  KiCad PCB Board Reader: Unsupported keyword: 'attr' of parentNode 'zone' at line: 32192
[2026-09-25 17:08:33,055][WARN]:  KiCad PCB Board Reader: Unsupported keyword: 'attr' of parentNode 'zone' at line: 32291
[2026-09-25 17:08:33,055][WARN]:  KiCad PCB Board Reader: Unsupported keyword: 'attr' of parentNode 'zone' at line: 32336
[2026-09-25 17:08:33,055][WARN]:  KiCad PCB Board Reader: Unsupported keyword: 'attr' of parentNode 'zone' at line: 32368
[2026-09-25 17:08:33,055][WARN]:  KiCad PCB Board Reader: Unsupported keyword: 'attr' of parentNode 'zone' at line: 32414
[2026-09-25 17:08:33,055][WARN]:  KiCad PCB Board Reader: Unsupported keyword: 'attr' of parentNode 'zone' at line: 32446
[2026-09-25 17:08:33,055][WARN]:  KiCad PCB Board Reader: Unsupported keyword: 'attr' of parentNode 'zone' at line: 32479
[2026-09-25 17:08:33,055][WARN]:  KiCad PCB Board Reader: Unsupported keyword: 'attr' of parentNode 'zone' at line: 32511
[2026-09-25 17:08:33,055][WARN]:  KiCad PCB Board Reader: Unsupported keyword: 'attr' of parentNode 'zone' at line: 32551
[2026-09-25 17:08:33,055][WARN]:  KiCad PCB Board Reader: Unsupported keyword: 'attr' of parentNode 'zone' at line: 32591
[2026-09-25 17:08:33,055][WARN]:  KiCad PCB Board Reader: Unsupported keyword: 'attr' of parentNode 'zone' at line: 32639
[2026-09-25 17:08:33,055][WARN]:  KiCad PCB Board Reader: Unsupported keyword: 'attr' of parentNode 'zone' at line: 32679
[2026-09-25 17:08:33,055][WARN]:  KiCad PCB Board Reader: Unsupported keyword: 'attr' of parentNode 'zone' at line: 32724
[2026-09-25 17:08:33,055][WARN]:  KiCad PCB Board Reader: Unsupported keyword: 'attr' of parentNode 'zone' at line: 32770
[2026-09-25 17:08:33,055][WARN]:  KiCad PCB Board Reader: Unsupported keyword: 'attr' of parentNode 'zone' at line: 32802
[2026-09-25 17:08:33,055][WARN]:  KiCad PCB Board Reader: Unsupported keyword: 'attr' of parentNode 'zone' at line: 32837
[2026-09-25 17:08:33,055][WARN]:  KiCad PCB Board Reader: Unsupported keyword: 'attr' of parentNode 'zone' at line: 32877
[2026-09-25 17:08:33,055][WARN]:  KiCad PCB Board Reader: Unsupported keyword: 'attr' of parentNode 'zone' at line: 32909
[2026-09-25 17:08:33,055][WARN]:  KiCad PCB Board Reader: Unsupported keyword: 'attr' of parentNode 'zone' at line: 32949
[2026-09-25 17:08:33,055][WARN]:  KiCad PCB Board Reader: Unsupported keyword: 'attr' of parentNode 'zone' at line: 32995
[2026-09-25 17:08:33,055][WARN]:  KiCad PCB Board Reader: Unsupported keyword: 'attr' of parentNode 'zone' at line: 33027
[2026-09-25 17:08:33,055][WARN]:  KiCad PCB Board Reader: Unsupported keyword: 'attr' of parentNode 'zone' at line: 33069
[2026-09-25 17:08:33,055][WARN]:  KiCad PCB Board Reader: Unsupported keyword: 'attr' of parentNode 'zone' at line: 33111
[2026-09-25 17:08:33,055][WARN]:  KiCad PCB Board Reader: Unsupported keyword: 'attr' of parentNode 'zone' at line: 33154
[2026-09-25 17:08:33,055][WARN]:  KiCad PCB Board Reader: Unsupported keyword: 'attr' of parentNode 'zone' at line: 33186
[2026-09-25 17:08:33,055][WARN]:  KiCad PCB Board Reader: Unsupported keyword: 'attr' of parentNode 'zone' at line: 33226
[2026-09-25 17:08:33,056][WARN]:  KiCad PCB Board Reader: Unsupported keyword: 'attr' of parentNode 'zone' at line: 33270
[2026-09-25 17:08:33,056][WARN]:  KiCad PCB Board Reader: Unsupported keyword: 'attr' of parentNode 'zone' at line: 33309
[2026-09-25 17:08:33,056][WARN]:  KiCad PCB Board Reader: Unsupported keyword: 'attr' of parentNode 'zone' at line: 33379
[2026-09-25 17:08:33,056][WARN]:  KiCad PCB Board Reader: Unsupported keyword: 'attr' of parentNode 'zone' at line: 33445
[2026-09-25 17:08:33,056][WARN]:  KiCad PCB Board Reader: Unsupported keyword: 'attr' of parentNode 'zone' at line: 33483
[2026-09-25 17:08:33,056][WARN]:  KiCad PCB Board Reader: Unsupported keyword: 'attr' of parentNode 'zone' at line: 33533
[2026-09-25 17:08:33,056][WARN]:  KiCad PCB Board Reader: Unsupported keyword: 'attr' of parentNode 'zone' at line: 33573
[2026-09-25 17:08:33,056][WARN]:  KiCad PCB Board Reader: Unsupported keyword: 'attr' of parentNode 'zone' at line: 33612
[2026-09-25 17:08:33,056][WARN]:  KiCad PCB Board Reader: Unsupported keyword: 'attr' of parentNode 'zone' at line: 33654
[2026-09-25 17:08:33,056][WARN]:  KiCad PCB Board Reader: Unsupported keyword: 'attr' of parentNode 'zone' at line: 33693
[2026-09-25 17:08:33,056][WARN]:  KiCad PCB Board Reader: Unsupported keyword: 'attr' of parentNode 'zone' at line: 33733
[2026-09-25 17:08:33,056][WARN]:  KiCad PCB Board Reader: Unsupported keyword: 'attr' of parentNode 'zone' at line: 33773
[2026-09-25 17:08:33,056][WARN]:  KiCad PCB Board Reader: Unsupported keyword: 'attr' of parentNode 'zone' at line: 33805
[2026-09-25 17:08:33,056][WARN]:  KiCad PCB Board Reader: Unsupported keyword: 'attr' of parentNode 'zone' at line: 33837
[2026-09-25 17:08:33,056][WARN]:  KiCad PCB Board Reader: Unsupported keyword: 'attr' of parentNode 'zone' at line: 33869
[2026-09-25 17:08:33,056][WARN]:  KiCad PCB Board Reader: Unsupported keyword: 'attr' of parentNode 'zone' at line: 33936
[2026-09-25 17:08:33,056][WARN]:  KiCad PCB Board Reader: Unsupported keyword: 'attr' of parentNode 'zone' at line: 33977
[2026-09-25 17:08:33,056][WARN]:  KiCad PCB Board Reader: Unsupported keyword: 'attr' of parentNode 'zone' at line: 34024
[2026-09-25 17:08:33,056][WARN]:  KiCad PCB Board Reader: Unsupported keyword: 'attr' of parentNode 'zone' at line: 34064
[2026-09-25 17:08:33,056][WARN]:  KiCad PCB Board Reader: Unsupported keyword: 'attr' of parentNode 'zone' at line: 34104
[2026-09-25 17:08:33,056][WARN]:  KiCad PCB Board Reader: Unsupported keyword: 'attr' of parentNode 'zone' at line: 34150
[2026-09-25 17:08:33,056][WARN]:  KiCad PCB Board Reader: Unsupported keyword: 'attr' of parentNode 'zone' at line: 34190
[2026-09-25 17:08:33,056][WARN]:  KiCad PCB Board Reader: Unsupported keyword: 'attr' of parentNode 'zone' at line: 34228
[2026-09-25 17:08:33,056][WARN]:  KiCad PCB Board Reader: Unsupported keyword: 'attr' of parentNode 'zone' at line: 34268
[2026-09-25 17:08:33,056][WARN]:  KiCad PCB Board Reader: Unsupported keyword: 'attr' of parentNode 'zone' at line: 34312
[2026-09-25 17:08:33,056][WARN]:  KiCad PCB Board Reader: Unsupported keyword: 'attr' of parentNode 'zone' at line: 34384
[2026-09-25 17:08:33,056][WARN]:  KiCad PCB Board Reader: Unsupported keyword: 'attr' of parentNode 'zone' at line: 34424
[2026-09-25 17:08:33,056][WARN]:  KiCad PCB Board Reader: Unsupported keyword: 'attr' of parentNode 'zone' at line: 34499
[2026-09-25 17:08:33,056][WARN]:  KiCad PCB Board Reader: Unsupported keyword: 'attr' of parentNode 'zone' at line: 34610
[2026-09-25 17:08:33,056][WARN]:  KiCad PCB Board Reader: Unsupported keyword: 'attr' of parentNode 'zone' at line: 34650
[2026-09-25 17:08:33,056][WARN]:  KiCad PCB Board Reader: Unsupported keyword: 'attr' of parentNode 'zone' at line: 34690
[2026-09-25 17:08:33,056][WARN]:  KiCad PCB Board Reader: Unsupported keyword: 'attr' of parentNode 'zone' at line: 34725
[2026-09-25 17:08:33,056][WARN]:  KiCad PCB Board Reader: Unsupported keyword: 'attr' of parentNode 'zone' at line: 34765
[2026-09-25 17:08:33,056][WARN]:  KiCad PCB Board Reader: Unsupported keyword: 'attr' of parentNode 'zone' at line: 34808
[2026-09-25 17:08:33,056][WARN]:  KiCad PCB Board Reader: Unsupported keyword: 'attr' of parentNode 'zone' at line: 34843
[2026-09-25 17:08:33,056][WARN]:  KiCad PCB Board Reader: Unsupported keyword: 'attr' of parentNode 'zone' at line: 34879
[2026-09-25 17:08:33,056][WARN]:  KiCad PCB Board Reader: Unsupported keyword: 'attr' of parentNode 'zone' at line: 34962
[2026-09-25 17:08:33,056][WARN]:  KiCad PCB Board Reader: Unsupported keyword: 'attr' of parentNode 'zone' at line: 35038
[2026-09-25 17:08:33,056][WARN]:  KiCad PCB Board Reader: Unsupported keyword: 'attr' of parentNode 'zone' at line: 35078
[2026-09-25 17:08:33,056][WARN]:  KiCad PCB Board Reader: Unsupported keyword: 'attr' of parentNode 'zone' at line: 35199
[2026-09-25 17:08:33,056][WARN]:  KiCad PCB Board Reader: Unsupported keyword: 'attr' of parentNode 'zone' at line: 35232
[2026-09-25 17:08:33,056][WARN]:  KiCad PCB Board Reader: Unsupported keyword: 'attr' of parentNode 'zone' at line: 35272
[2026-09-25 17:08:33,056][WARN]:  KiCad PCB Board Reader: Unsupported keyword: 'attr' of parentNode 'zone' at line: 35304
[2026-09-25 17:08:33,056][WARN]:  KiCad PCB Board Reader: Unsupported keyword: 'attr' of parentNode 'zone' at line: 35380
[2026-09-25 17:08:33,056][WARN]:  KiCad PCB Board Reader: Unsupported keyword: 'attr' of parentNode 'zone' at line: 35420
[2026-09-25 17:08:33,056][WARN]:  KiCad PCB Board Reader: Unsupported keyword: 'attr' of parentNode 'zone' at line: 35461
[2026-09-25 17:08:33,056][WARN]:  KiCad PCB Board Reader: Unsupported keyword: 'attr' of parentNode 'zone' at line: 35502
[2026-09-25 17:08:33,057][WARN]:  KiCad PCB Board Reader: Unsupported keyword: 'attr' of parentNode 'zone' at line: 35541
[2026-09-25 17:08:33,057][WARN]:  KiCad PCB Board Reader: Unsupported keyword: 'attr' of parentNode 'zone' at line: 35573
[2026-09-25 17:08:33,057][WARN]:  KiCad PCB Board Reader: Unsupported keyword: 'attr' of parentNode 'zone' at line: 35613
[2026-09-25 17:08:33,057][WARN]:  KiCad PCB Board Reader: Unsupported keyword: 'attr' of parentNode 'zone' at line: 35683
[2026-09-25 17:08:33,057][WARN]:  KiCad PCB Board Reader: Unsupported keyword: 'attr' of parentNode 'zone' at line: 35725
[2026-09-25 17:08:33,057][WARN]:  KiCad PCB Board Reader: Unsupported keyword: 'attr' of parentNode 'zone' at line: 35770
[2026-09-25 17:08:33,057][WARN]:  KiCad PCB Board Reader: Unsupported keyword: 'attr' of parentNode 'zone' at line: 35814
[2026-09-25 17:08:33,057][WARN]:  KiCad PCB Board Reader: Unsupported keyword: 'attr' of parentNode 'zone' at line: 35854
[2026-09-25 17:08:33,057][WARN]:  KiCad PCB Board Reader: Unsupported keyword: 'attr' of parentNode 'zone' at line: 35894
[2026-09-25 17:08:33,057][WARN]:  KiCad PCB Board Reader: Unsupported keyword: 'attr' of parentNode 'zone' at line: 35935
[2026-09-25 17:08:33,057][WARN]:  KiCad PCB Board Reader: Unsupported keyword: 'attr' of parentNode 'zone' at line: 35975
[2026-09-25 17:08:33,057][WARN]:  KiCad PCB Board Reader: Unsupported keyword: 'attr' of parentNode 'zone' at line: 36017
[2026-09-25 17:08:33,057][WARN]:  KiCad PCB Board Reader: Unsupported keyword: 'attr' of parentNode 'zone' at line: 36062
[2026-09-25 17:08:33,057][WARN]:  KiCad PCB Board Reader: Unsupported keyword: 'attr' of parentNode 'zone' at line: 36102
[2026-09-25 17:08:33,057][WARN]:  KiCad PCB Board Reader: Unsupported keyword: 'attr' of parentNode 'zone' at line: 36142
[2026-09-25 17:08:33,057][WARN]:  KiCad PCB Board Reader: Unsupported keyword: 'attr' of parentNode 'zone' at line: 36185
[2026-09-25 17:08:33,057][WARN]:  KiCad PCB Board Reader: Unsupported keyword: 'attr' of parentNode 'zone' at line: 36225
[2026-09-25 17:08:33,057][WARN]:  KiCad PCB Board Reader: Unsupported keyword: 'attr' of parentNode 'zone' at line: 36265
[2026-09-25 17:08:33,057][WARN]:  KiCad PCB Board Reader: Unsupported keyword: 'attr' of parentNode 'zone' at line: 36310
[2026-09-25 17:08:33,057][WARN]:  KiCad PCB Board Reader: Unsupported keyword: 'attr' of parentNode 'zone' at line: 36350
[2026-09-25 17:08:33,057][WARN]:  KiCad PCB Board Reader: Unsupported keyword: 'attr' of parentNode 'zone' at line: 36393
[2026-09-25 17:08:33,057][WARN]:  KiCad PCB Board Reader: Unsupported keyword: 'attr' of parentNode 'zone' at line: 36433
[2026-09-25 17:08:33,057][WARN]:  KiCad PCB Board Reader: Unsupported keyword: 'attr' of parentNode 'zone' at line: 36481
[2026-09-25 17:08:33,057][WARN]:  KiCad PCB Board Reader: Unsupported keyword: 'attr' of parentNode 'zone' at line: 36523
[2026-09-25 17:08:33,057][WARN]:  KiCad PCB Board Reader: Unsupported keyword: 'attr' of parentNode 'zone' at line: 36563
[2026-09-25 17:08:33,057][WARN]:  KiCad PCB Board Reader: Unsupported keyword: 'attr' of parentNode 'zone' at line: 36603
[2026-09-25 17:08:33,057][WARN]:  KiCad PCB Board Reader: Unsupported keyword: 'attr' of parentNode 'zone' at line: 36646
[2026-09-25 17:08:33,057][WARN]:  KiCad PCB Board Reader: Unsupported keyword: 'attr' of parentNode 'zone' at line: 36686
[2026-09-25 17:08:33,057][WARN]:  KiCad PCB Board Reader: Unsupported keyword: 'attr' of parentNode 'zone' at line: 36726
[2026-09-25 17:08:33,057][WARN]:  KiCad PCB Board Reader: Unsupported keyword: 'attr' of parentNode 'zone' at line: 36766
[2026-09-25 17:08:33,057][WARN]:  KiCad PCB Board Reader: Unsupported keyword: 'attr' of parentNode 'zone' at line: 36806
[2026-09-25 17:08:33,057][WARN]:  KiCad PCB Board Reader: Unsupported keyword: 'attr' of parentNode 'zone' at line: 36851
[2026-09-25 17:08:33,057][WARN]:  KiCad PCB Board Reader: Unsupported keyword: 'attr' of parentNode 'zone' at line: 36891
[2026-09-25 17:08:33,057][WARN]:  KiCad PCB Board Reader: Unsupported keyword: 'attr' of parentNode 'zone' at line: 36931
[2026-09-25 17:08:33,057][WARN]:  KiCad PCB Board Reader: Unsupported keyword: 'attr' of parentNode 'zone' at line: 36975
[2026-09-25 17:08:33,057][WARN]:  KiCad PCB Board Reader: Unsupported keyword: 'attr' of parentNode 'zone' at line: 37015
[2026-09-25 17:08:33,057][WARN]:  KiCad PCB Board Reader: Unsupported keyword: 'attr' of parentNode 'zone' at line: 37061
[2026-09-25 17:08:33,057][WARN]:  KiCad PCB Board Reader: Unsupported keyword: 'attr' of parentNode 'zone' at line: 37101
[2026-09-25 17:08:33,057][WARN]:  KiCad PCB Board Reader: Unsupported keyword: 'attr' of parentNode 'zone' at line: 37141
[2026-09-25 17:08:33,057][WARN]:  KiCad PCB Board Reader: Unsupported keyword: 'attr' of parentNode 'zone' at line: 37181
[2026-09-25 17:08:33,057][WARN]:  KiCad PCB Board Reader: Unsupported keyword: 'attr' of parentNode 'zone' at line: 37221
[2026-09-25 17:08:33,057][WARN]:  KiCad PCB Board Reader: Unsupported keyword: 'attr' of parentNode 'zone' at line: 42511
[2026-09-25 17:08:33,057][WARN]:  KiCad PCB Board Reader: Unsupported keyword: 'attr' of parentNode 'zone' at line: 42551
[2026-09-25 17:08:33,057][WARN]:  KiCad PCB Board Reader: Unsupported keyword: 'group' of parentNode 'kicad_pcb' at line: 43168
[2026-09-25 17:08:33,065][INFO]:  Converting document: 'C:/Users/willi/KiCad/projects/EPICS_Connect4/PCB/EPICS_Connect4.kicad_pcb'
[2026-09-25 17:08:33,069][INFO]:  KiCad Pcb Converter: Attribute name 'Description' from line 193 need to be changed to 'DESCRIPTION'
[2026-09-25 17:08:33,069][INFO]:  KiCad Pcb Converter: Attribute name 'KiLib_Generator' from line 204 need to be changed to 'KILIB_GENERATOR'
[2026-09-25 17:08:33,070][INFO]:  KiCad Pcb Converter: Attribute name 'Description' from line 362 need to be changed to 'DESCRIPTION'
[2026-09-25 17:08:33,070][INFO]:  KiCad Pcb Converter: Attribute name 'KiLib_Generator' from line 373 need to be changed to 'KILIB_GENERATOR'
[2026-09-25 17:08:33,071][INFO]:  KiCad Pcb Converter: Attribute name 'Description' from line 520 need to be changed to 'DESCRIPTION'
[2026-09-25 17:08:33,071][INFO]:  KiCad Pcb Converter: Attribute name 'KiLib_Generator' from line 531 need to be changed to 'KILIB_GENERATOR'
[2026-09-25 17:08:33,071][INFO]:  KiCad Pcb Converter: Attribute name 'Sim.Pins' from line 543 need to be changed to 'SIM_PINS'
[2026-09-25 17:08:33,072][INFO]:  KiCad Pcb Converter: Attribute name 'Description' from line 844 need to be changed to 'DESCRIPTION'
[2026-09-25 17:08:33,072][INFO]:  KiCad Pcb Converter: Attribute name 'KiLib_Generator' from line 855 need to be changed to 'KILIB_GENERATOR'
[2026-09-25 17:08:33,072][INFO]:  KiCad Pcb Converter: Attribute name 'Description' from line 1104 need to be changed to 'DESCRIPTION'
[2026-09-25 17:08:33,072][INFO]:  KiCad Pcb Converter: Attribute name 'KiLib_Generator' from line 1115 need to be changed to 'KILIB_GENERATOR'
[2026-09-25 17:08:33,073][INFO]:  KiCad Pcb Converter: Attribute name 'Description' from line 1366 need to be changed to 'DESCRIPTION'
[2026-09-25 17:08:33,073][INFO]:  KiCad Pcb Converter: Attribute name 'KiLib_Generator' from line 1377 need to be changed to 'KILIB_GENERATOR'
[2026-09-25 17:08:33,073][INFO]:  KiCad Pcb Converter: Attribute name 'Description' from line 1573 need to be changed to 'DESCRIPTION'
[2026-09-25 17:08:33,073][INFO]:  KiCad Pcb Converter: Attribute name 'KiLib_Generator' from line 1584 need to be changed to 'KILIB_GENERATOR'
[2026-09-25 17:08:33,073][INFO]:  KiCad Pcb Converter: Attribute name 'Description' from line 1844 need to be changed to 'DESCRIPTION'
[2026-09-25 17:08:33,074][INFO]:  KiCad Pcb Converter: Attribute name 'KiLib_Generator' from line 1855 need to be changed to 'KILIB_GENERATOR'
[2026-09-25 17:08:33,074][INFO]:  KiCad Pcb Converter: Attribute name 'Description' from line 2104 need to be changed to 'DESCRIPTION'
[2026-09-25 17:08:33,074][INFO]:  KiCad Pcb Converter: Attribute name 'KiLib_Generator' from line 2115 need to be changed to 'KILIB_GENERATOR'
[2026-09-25 17:08:33,074][INFO]:  KiCad Pcb Converter: Attribute name 'Description' from line 2353 need to be changed to 'DESCRIPTION'
[2026-09-25 17:08:33,074][INFO]:  KiCad Pcb Converter: Attribute name 'KiLib_Generator' from line 2364 need to be changed to 'KILIB_GENERATOR'
[2026-09-25 17:08:33,075][INFO]:  KiCad Pcb Converter: Attribute name 'Description' from line 2511 need to be changed to 'DESCRIPTION'
[2026-09-25 17:08:33,075][INFO]:  KiCad Pcb Converter: Attribute name 'KiLib_Generator' from line 2522 need to be changed to 'KILIB_GENERATOR'
[2026-09-25 17:08:33,075][INFO]:  KiCad Pcb Converter: Attribute name 'Description' from line 2771 need to be changed to 'DESCRIPTION'
[2026-09-25 17:08:33,075][INFO]:  KiCad Pcb Converter: Attribute name 'KiLib_Generator' from line 2782 need to be changed to 'KILIB_GENERATOR'
[2026-09-25 17:08:33,076][INFO]:  KiCad Pcb Converter: Attribute name 'Description' from line 2940 need to be changed to 'DESCRIPTION'
[2026-09-25 17:08:33,076][INFO]:  KiCad Pcb Converter: Attribute name 'KiLib_Generator' from line 2951 need to be changed to 'KILIB_GENERATOR'
[2026-09-25 17:08:33,076][INFO]:  KiCad Pcb Converter: Attribute name 'Description' from line 3189 need to be changed to 'DESCRIPTION'
[2026-09-25 17:08:33,076][INFO]:  KiCad Pcb Converter: Attribute name 'KiLib_Generator' from line 3200 need to be changed to 'KILIB_GENERATOR'
[2026-09-25 17:08:33,077][INFO]:  KiCad Pcb Converter: Attribute name 'Description' from line 3449 need to be changed to 'DESCRIPTION'
[2026-09-25 17:08:33,077][INFO]:  KiCad Pcb Converter: Attribute name 'KiLib_Generator' from line 3460 need to be changed to 'KILIB_GENERATOR'
[2026-09-25 17:08:33,077][INFO]:  KiCad Pcb Converter: Attribute name 'Description' from line 3621 need to be changed to 'DESCRIPTION'
[2026-09-25 17:08:33,078][INFO]:  KiCad Pcb Converter: Attribute name 'Description' from line 4010 need to be changed to 'DESCRIPTION'
[2026-09-25 17:08:33,078][INFO]:  KiCad Pcb Converter: Attribute name 'KiLib_Generator' from line 4021 need to be changed to 'KILIB_GENERATOR'
[2026-09-25 17:08:33,079][INFO]:  KiCad Pcb Converter: Attribute name 'Description' from line 4259 need to be changed to 'DESCRIPTION'
[2026-09-25 17:08:33,079][INFO]:  KiCad Pcb Converter: Attribute name 'KiLib_Generator' from line 4270 need to be changed to 'KILIB_GENERATOR'
[2026-09-25 17:08:33,079][INFO]:  KiCad Pcb Converter: Attribute name 'Description' from line 4659 need to be changed to 'DESCRIPTION'
[2026-09-25 17:08:33,079][INFO]:  KiCad Pcb Converter: Attribute name 'KiLib_Generator' from line 4670 need to be changed to 'KILIB_GENERATOR'
[2026-09-25 17:08:33,080][INFO]:  KiCad Pcb Converter: Attribute name 'Description' from line 4817 need to be changed to 'DESCRIPTION'
[2026-09-25 17:08:33,080][INFO]:  KiCad Pcb Converter: Attribute name 'KiLib_Generator' from line 4828 need to be changed to 'KILIB_GENERATOR'
[2026-09-25 17:08:33,080][INFO]:  KiCad Pcb Converter: Attribute name 'Description' from line 4975 need to be changed to 'DESCRIPTION'
[2026-09-25 17:08:33,081][INFO]:  KiCad Pcb Converter: Attribute name 'KiLib_Generator' from line 4986 need to be changed to 'KILIB_GENERATOR'
[2026-09-25 17:08:33,081][INFO]:  KiCad Pcb Converter: Attribute name 'Description' from line 5235 need to be changed to 'DESCRIPTION'
[2026-09-25 17:08:33,081][INFO]:  KiCad Pcb Converter: Attribute name 'KiLib_Generator' from line 5246 need to be changed to 'KILIB_GENERATOR'
[2026-09-25 17:08:33,081][INFO]:  KiCad Pcb Converter: Attribute name 'Description' from line 5393 need to be changed to 'DESCRIPTION'
[2026-09-25 17:08:33,081][INFO]:  KiCad Pcb Converter: Attribute name 'KiLib_Generator' from line 5404 need to be changed to 'KILIB_GENERATOR'
[2026-09-25 17:08:33,082][INFO]:  KiCad Pcb Converter: Attribute name 'Description' from line 5642 need to be changed to 'DESCRIPTION'
[2026-09-25 17:08:33,082][INFO]:  KiCad Pcb Converter: Attribute name 'KiLib_Generator' from line 5653 need to be changed to 'KILIB_GENERATOR'
[2026-09-25 17:08:33,082][INFO]:  KiCad Pcb Converter: Attribute name 'Sim.Pins' from line 5665 need to be changed to 'SIM_PINS'
[2026-09-25 17:08:33,082][INFO]:  KiCad Pcb Converter: Attribute name 'Description' from line 5966 need to be changed to 'DESCRIPTION'
[2026-09-25 17:08:33,083][INFO]:  KiCad Pcb Converter: Attribute name 'KiLib_Generator' from line 5977 need to be changed to 'KILIB_GENERATOR'
[2026-09-25 17:08:33,083][INFO]:  KiCad Pcb Converter: Attribute name 'Description' from line 6226 need to be changed to 'DESCRIPTION'
[2026-09-25 17:08:33,083][INFO]:  KiCad Pcb Converter: Attribute name 'KiLib_Generator' from line 6237 need to be changed to 'KILIB_GENERATOR'
[2026-09-25 17:08:33,083][INFO]:  KiCad Pcb Converter: Attribute name 'Description' from line 6486 need to be changed to 'DESCRIPTION'
[2026-09-25 17:08:33,083][INFO]:  KiCad Pcb Converter: Attribute name 'KiLib_Generator' from line 6497 need to be changed to 'KILIB_GENERATOR'
[2026-09-25 17:08:33,084][INFO]:  KiCad Pcb Converter: Attribute name 'Description' from line 6759 need to be changed to 'DESCRIPTION'
[2026-09-25 17:08:33,084][INFO]:  KiCad Pcb Converter: Attribute name 'Description' from line 7037 need to be changed to 'DESCRIPTION'
[2026-09-25 17:08:33,085][INFO]:  KiCad Pcb Converter: Attribute name 'KiLib_Generator' from line 7048 need to be changed to 'KILIB_GENERATOR'
[2026-09-25 17:08:33,085][INFO]:  KiCad Pcb Converter: Attribute name 'Datasheet' from line 7297 need to be changed to 'DATASHEET'
[2026-09-25 17:08:33,085][INFO]:  KiCad Pcb Converter: Attribute name 'Description' from line 7310 need to be changed to 'DESCRIPTION'
[2026-09-25 17:08:33,086][INFO]:  KiCad Pcb Converter: Attribute name 'Description' from line 7612 need to be changed to 'DESCRIPTION'
[2026-09-25 17:08:33,086][INFO]:  KiCad Pcb Converter: Attribute name 'KiLib_Generator' from line 7623 need to be changed to 'KILIB_GENERATOR'
[2026-09-25 17:08:33,086][INFO]:  KiCad Pcb Converter: Attribute name 'Description' from line 7861 need to be changed to 'DESCRIPTION'
[2026-09-25 17:08:33,086][INFO]:  KiCad Pcb Converter: Attribute name 'KiLib_Generator' from line 7872 need to be changed to 'KILIB_GENERATOR'
[2026-09-25 17:08:33,087][INFO]:  KiCad Pcb Converter: Attribute name 'Datasheet' from line 8099 need to be changed to 'DATASHEET'
[2026-09-25 17:08:33,087][INFO]:  KiCad Pcb Converter: Attribute name 'Description' from line 8112 need to be changed to 'DESCRIPTION'
[2026-09-25 17:08:33,087][INFO]:  KiCad Pcb Converter: Attribute name 'Description' from line 8484 need to be changed to 'DESCRIPTION'
[2026-09-25 17:08:33,087][INFO]:  KiCad Pcb Converter: Attribute name 'KiLib_Generator' from line 8495 need to be changed to 'KILIB_GENERATOR'
[2026-09-25 17:08:33,088][INFO]:  KiCad Pcb Converter: Attribute name 'Datasheet' from line 8722 need to be changed to 'DATASHEET'
[2026-09-25 17:08:33,088][INFO]:  KiCad Pcb Converter: Attribute name 'Description' from line 8735 need to be changed to 'DESCRIPTION'
[2026-09-25 17:08:33,089][INFO]:  KiCad Pcb Converter: Attribute name 'Description' from line 9142 need to be changed to 'DESCRIPTION'
[2026-09-25 17:08:33,089][INFO]:  KiCad Pcb Converter: Attribute name 'KiLib_Generator' from line 9153 need to be changed to 'KILIB_GENERATOR'
[2026-09-25 17:08:33,089][INFO]:  KiCad Pcb Converter: Attribute name 'Description' from line 9349 need to be changed to 'DESCRIPTION'
[2026-09-25 17:08:33,089][INFO]:  KiCad Pcb Converter: Attribute name 'KiLib_Generator' from line 9360 need to be changed to 'KILIB_GENERATOR'
[2026-09-25 17:08:33,090][INFO]:  KiCad Pcb Converter: Attribute name 'Description' from line 9507 need to be changed to 'DESCRIPTION'
[2026-09-25 17:08:33,090][INFO]:  KiCad Pcb Converter: Attribute name 'KiLib_Generator' from line 9518 need to be changed to 'KILIB_GENERATOR'
[2026-09-25 17:08:33,090][INFO]:  KiCad Pcb Converter: Attribute name 'Description' from line 9767 need to be changed to 'DESCRIPTION'
[2026-09-25 17:08:33,090][INFO]:  KiCad Pcb Converter: Attribute name 'KiLib_Generator' from line 9778 need to be changed to 'KILIB_GENERATOR'
[2026-09-25 17:08:33,091][INFO]:  KiCad Pcb Converter: Attribute name 'Datasheet' from line 10016 need to be changed to 'DATASHEET'
[2026-09-25 17:08:33,091][INFO]:  KiCad Pcb Converter: Attribute name 'Description' from line 10027 need to be changed to 'DESCRIPTION'
[2026-09-25 17:08:33,091][INFO]:  KiCad Pcb Converter: Attribute name 'KiLib_Generator' from line 10038 need to be changed to 'KILIB_GENERATOR'
[2026-09-25 17:08:33,092][INFO]:  KiCad Pcb Converter: Attribute name 'Description' from line 10519 need to be changed to 'DESCRIPTION'
[2026-09-25 17:08:33,092][INFO]:  KiCad Pcb Converter: Attribute name 'KiLib_Generator' from line 10530 need to be changed to 'KILIB_GENERATOR'
[2026-09-25 17:08:33,092][INFO]:  KiCad Pcb Converter: Attribute name 'Description' from line 10966 need to be changed to 'DESCRIPTION'
[2026-09-25 17:08:33,093][INFO]:  KiCad Pcb Converter: Attribute name 'KiLib_Generator' from line 10977 need to be changed to 'KILIB_GENERATOR'
[2026-09-25 17:08:33,093][INFO]:  KiCad Pcb Converter: Attribute name 'Description' from line 11226 need to be changed to 'DESCRIPTION'
[2026-09-25 17:08:33,093][INFO]:  KiCad Pcb Converter: Attribute name 'KiLib_Generator' from line 11237 need to be changed to 'KILIB_GENERATOR'
[2026-09-25 17:08:33,094][INFO]:  KiCad Pcb Converter: Attribute name 'Datasheet' from line 11375 need to be changed to 'DATASHEET'
[2026-09-25 17:08:33,094][INFO]:  KiCad Pcb Converter: Attribute name 'Description' from line 11388 need to be changed to 'DESCRIPTION'
[2026-09-25 17:08:33,095][INFO]:  KiCad Pcb Converter: Attribute name 'Datasheet' from line 12081 need to be changed to 'DATASHEET'
[2026-09-25 17:08:33,095][INFO]:  KiCad Pcb Converter: Attribute name 'Description' from line 12092 need to be changed to 'DESCRIPTION'
[2026-09-25 17:08:33,095][INFO]:  KiCad Pcb Converter: Attribute name 'KiLib_Generator' from line 12103 need to be changed to 'KILIB_GENERATOR'
[2026-09-25 17:08:33,096][INFO]:  KiCad Pcb Converter: Attribute name 'Description' from line 12584 need to be changed to 'DESCRIPTION'
[2026-09-25 17:08:33,096][INFO]:  KiCad Pcb Converter: Attribute name 'KiLib_Generator' from line 12595 need to be changed to 'KILIB_GENERATOR'
[2026-09-25 17:08:33,096][WARN]:  KiCad Footprint Converter: Rounded rectangular pads are not supported. Importing pad from line '12999' as regular square pad.
[2026-09-25 17:08:33,097][INFO]:  KiCad Pcb Converter: Attribute name 'Datasheet' from line 13454 need to be changed to 'DATASHEET'
[2026-09-25 17:08:33,097][INFO]:  KiCad Pcb Converter: Attribute name 'Description' from line 13467 need to be changed to 'DESCRIPTION'
[2026-09-25 17:08:33,097][INFO]:  KiCad Pcb Converter: Attribute name 'Field5' from line 13480 need to be changed to 'FIELD5'
[2026-09-25 17:08:33,098][INFO]:  KiCad Pcb Converter: Attribute name 'Datasheet' from line 13851 need to be changed to 'DATASHEET'
[2026-09-25 17:08:33,099][INFO]:  KiCad Pcb Converter: Attribute name 'Description' from line 13864 need to be changed to 'DESCRIPTION'
[2026-09-25 17:08:33,099][INFO]:  KiCad Pcb Converter: Attribute name 'Description' from line 14825 need to be changed to 'DESCRIPTION'
[2026-09-25 17:08:33,099][INFO]:  KiCad Pcb Converter: Attribute name 'KiLib_Generator' from line 14836 need to be changed to 'KILIB_GENERATOR'
[2026-09-25 17:08:33,100][INFO]:  KiCad Pcb Converter: Attribute name 'Description' from line 15087 need to be changed to 'DESCRIPTION'
[2026-09-25 17:08:33,100][INFO]:  KiCad Pcb Converter: Attribute name 'KiLib_Generator' from line 15098 need to be changed to 'KILIB_GENERATOR'
[2026-09-25 17:08:33,100][INFO]:  KiCad Pcb Converter: Attribute name 'Description' from line 15294 need to be changed to 'DESCRIPTION'
[2026-09-25 17:08:33,100][INFO]:  KiCad Pcb Converter: Attribute name 'KiLib_Generator' from line 15305 need to be changed to 'KILIB_GENERATOR'
[2026-09-25 17:08:33,100][INFO]:  KiCad Pcb Converter: Attribute name 'Description' from line 15543 need to be changed to 'DESCRIPTION'
[2026-09-25 17:08:33,101][INFO]:  KiCad Pcb Converter: Attribute name 'KiLib_Generator' from line 15554 need to be changed to 'KILIB_GENERATOR'
[2026-09-25 17:08:33,101][INFO]:  KiCad Pcb Converter: Attribute name 'Description' from line 15803 need to be changed to 'DESCRIPTION'
[2026-09-25 17:08:33,101][INFO]:  KiCad Pcb Converter: Attribute name 'KiLib_Generator' from line 15814 need to be changed to 'KILIB_GENERATOR'
[2026-09-25 17:08:33,101][WARN]:  Component 'SYM1' at line '16024' has a 'Not in schematic' flag, meaning it has no matching schematic component. This can cause an issue in Fusion
[2026-09-25 17:08:33,103][INFO]:  KiCad Pcb Converter: Attribute name 'Description' from line 16063 need to be changed to 'DESCRIPTION'
[2026-09-25 17:08:33,103][INFO]:  KiCad Pcb Converter: Attribute name 'Description' from line 16325 need to be changed to 'DESCRIPTION'
[2026-09-25 17:08:33,103][INFO]:  KiCad Pcb Converter: Attribute name 'KiLib_Generator' from line 16336 need to be changed to 'KILIB_GENERATOR'
[2026-09-25 17:08:33,103][INFO]:  KiCad Pcb Converter: Attribute name 'Description' from line 16483 need to be changed to 'DESCRIPTION'
[2026-09-25 17:08:33,103][INFO]:  KiCad Pcb Converter: Attribute name 'KiLib_Generator' from line 16494 need to be changed to 'KILIB_GENERATOR'
[2026-09-25 17:08:33,105][INFO]:  KiCad Pcb Converter: Attribute name 'Description' from line 16652 need to be changed to 'DESCRIPTION'
[2026-09-25 17:08:33,105][INFO]:  KiCad Pcb Converter: Attribute name 'KiLib_Generator' from line 16663 need to be changed to 'KILIB_GENERATOR'
[2026-09-25 17:08:33,105][INFO]:  KiCad Pcb Converter: Attribute name 'Description' from line 16821 need to be changed to 'DESCRIPTION'
[2026-09-25 17:08:33,105][INFO]:  KiCad Pcb Converter: Attribute name 'KiLib_Generator' from line 16832 need to be changed to 'KILIB_GENERATOR'
[2026-09-25 17:08:33,105][INFO]:  KiCad Pcb Converter: Attribute name 'Description' from line 16979 need to be changed to 'DESCRIPTION'
[2026-09-25 17:08:33,106][INFO]:  KiCad Pcb Converter: Attribute name 'KiLib_Generator' from line 16990 need to be changed to 'KILIB_GENERATOR'
[2026-09-25 17:08:33,106][INFO]:  KiCad Pcb Converter: Attribute name 'Description' from line 17148 need to be changed to 'DESCRIPTION'
[2026-09-25 17:08:33,106][INFO]:  KiCad Pcb Converter: Attribute name 'KiLib_Generator' from line 17159 need to be changed to 'KILIB_GENERATOR'
[2026-09-25 17:08:33,106][INFO]:  KiCad Pcb Converter: Attribute name 'Description' from line 17306 need to be changed to 'DESCRIPTION'
[2026-09-25 17:08:33,106][INFO]:  KiCad Pcb Converter: Attribute name 'KiLib_Generator' from line 17317 need to be changed to 'KILIB_GENERATOR'
[2026-09-25 17:08:33,107][INFO]:  KiCad Pcb Converter: Attribute name 'Description' from line 17568 need to be changed to 'DESCRIPTION'
[2026-09-25 17:08:33,107][INFO]:  KiCad Pcb Converter: Attribute name 'KiLib_Generator' from line 17579 need to be changed to 'KILIB_GENERATOR'
[2026-09-25 17:08:33,107][INFO]:  KiCad Pcb Converter: Attribute name 'Description' from line 17775 need to be changed to 'DESCRIPTION'
[2026-09-25 17:08:33,107][INFO]:  KiCad Pcb Converter: Attribute name 'KiLib_Generator' from line 17786 need to be changed to 'KILIB_GENERATOR'
[2026-09-25 17:08:33,108][INFO]:  KiCad Pcb Converter: Attribute name 'Description' from line 18035 need to be changed to 'DESCRIPTION'
[2026-09-25 17:08:33,108][INFO]:  KiCad Pcb Converter: Attribute name 'KiLib_Generator' from line 18046 need to be changed to 'KILIB_GENERATOR'
[2026-09-25 17:08:33,108][INFO]:  KiCad Pcb Converter: Attribute name 'Description' from line 18204 need to be changed to 'DESCRIPTION'
[2026-09-25 17:08:33,108][INFO]:  KiCad Pcb Converter: Attribute name 'KiLib_Generator' from line 18215 need to be changed to 'KILIB_GENERATOR'
[2026-09-25 17:08:33,109][INFO]:  KiCad Pcb Converter: Attribute name 'Description' from line 18467 need to be changed to 'DESCRIPTION'
[2026-09-25 17:08:33,109][INFO]:  KiCad Pcb Converter: Attribute name 'Datasheet' from line 18845 need to be changed to 'DATASHEET'
[2026-09-25 17:08:33,110][INFO]:  KiCad Pcb Converter: Attribute name 'Description' from line 18856 need to be changed to 'DESCRIPTION'
[2026-09-25 17:08:33,110][INFO]:  KiCad Pcb Converter: Attribute name 'KiLib_Generator' from line 18867 need to be changed to 'KILIB_GENERATOR'
[2026-09-25 17:08:33,111][WARN]:  KiCad Footprint Converter: Rounded rectangular pads are not supported. Importing pad from line '20092' as regular square pad.
[2026-09-25 17:08:33,111][INFO]:  KiCad Pcb Converter: Attribute name 'Description' from line 19836 need to be changed to 'DESCRIPTION'
[2026-09-25 17:08:33,111][INFO]:  KiCad Pcb Converter: Attribute name 'KiLib_Generator' from line 19848 need to be changed to 'KILIB_GENERATOR'
[2026-09-25 17:08:33,112][INFO]:  KiCad Pcb Converter: Attribute name 'Description' from line 20173 need to be changed to 'DESCRIPTION'
[2026-09-25 17:08:33,113][INFO]:  KiCad Pcb Converter: Attribute name 'Description' from line 20346 need to be changed to 'DESCRIPTION'
[2026-09-25 17:08:33,113][INFO]:  KiCad Pcb Converter: Attribute name 'Description' from line 20519 need to be changed to 'DESCRIPTION'
[2026-09-25 17:08:33,114][INFO]:  KiCad Pcb Converter: Attribute name 'Description' from line 20702 need to be changed to 'DESCRIPTION'
[2026-09-25 17:08:33,115][INFO]:  KiCad Pcb Converter: Attribute name 'Description' from line 20998 need to be changed to 'DESCRIPTION'
[2026-09-25 17:08:33,115][INFO]:  KiCad Pcb Converter: Attribute name 'Description' from line 21170 need to be changed to 'DESCRIPTION'
[2026-09-25 17:08:33,116][WARN]:  KiCad Footprint Converter: Rounded rectangular pads are not supported. Importing pad from line '21675' as regular square pad.
[2026-09-25 17:08:33,117][INFO]:  KiCad Pcb Converter: Attribute name 'Description' from line 21463 need to be changed to 'DESCRIPTION'
[2026-09-25 17:08:33,117][INFO]:  KiCad Pcb Converter: Attribute name 'KiLib_Generator' from line 21475 need to be changed to 'KILIB_GENERATOR'
[2026-09-25 17:08:33,118][INFO]:  KiCad Pcb Converter: Attribute name 'Description' from line 21822 need to be changed to 'DESCRIPTION'
[2026-09-25 17:08:33,118][INFO]:  KiCad Pcb Converter: Attribute name 'Description' from line 21995 need to be changed to 'DESCRIPTION'
[2026-09-25 17:08:33,119][INFO]:  KiCad Pcb Converter: Attribute name 'Description' from line 22179 need to be changed to 'DESCRIPTION'
[2026-09-25 17:08:33,119][WARN]:  KiCad Footprint Converter: Rounded rectangular pads are not supported. Importing pad from line '22561' as regular square pad.
[2026-09-25 17:08:33,119][INFO]:  KiCad Pcb Converter: Attribute name 'Description' from line 22349 need to be changed to 'DESCRIPTION'
[2026-09-25 17:08:33,119][INFO]:  KiCad Pcb Converter: Attribute name 'KiLib_Generator' from line 22361 need to be changed to 'KILIB_GENERATOR'
[2026-09-25 17:08:33,120][WARN]:  KiCad Footprint Converter: Rounded rectangular pads are not supported. Importing pad from line '22851' as regular square pad.
[2026-09-25 17:08:33,121][INFO]:  KiCad Pcb Converter: Attribute name 'Description' from line 22639 need to be changed to 'DESCRIPTION'
[2026-09-25 17:08:33,121][INFO]:  KiCad Pcb Converter: Attribute name 'KiLib_Generator' from line 22651 need to be changed to 'KILIB_GENERATOR'
[2026-09-25 17:08:33,121][INFO]:  KiCad Pcb Converter: Attribute name 'Description' from line 22943 need to be changed to 'DESCRIPTION'
[2026-09-25 17:08:33,122][INFO]:  KiCad Pcb Converter: Attribute name 'Description' from line 23113 need to be changed to 'DESCRIPTION'
[2026-09-25 17:08:33,122][INFO]:  KiCad Pcb Converter: Attribute name 'KiLib_Generator' from line 23125 need to be changed to 'KILIB_GENERATOR'
[2026-09-25 17:08:33,123][INFO]:  KiCad Pcb Converter: Attribute name 'Description' from line 23403 need to be changed to 'DESCRIPTION'
[2026-09-25 17:08:33,123][INFO]:  KiCad Pcb Converter: Attribute name 'KiLib_Generator' from line 23415 need to be changed to 'KILIB_GENERATOR'
[2026-09-25 17:08:33,124][INFO]:  KiCad Pcb Converter: Attribute name 'Description' from line 23707 need to be changed to 'DESCRIPTION'
[2026-09-25 17:08:33,125][INFO]:  KiCad Pcb Converter: Attribute name 'Description' from line 23891 need to be changed to 'DESCRIPTION'
[2026-09-25 17:08:33,126][INFO]:  KiCad Pcb Converter: Attribute name 'Description' from line 24064 need to be changed to 'DESCRIPTION'
[2026-09-25 17:08:33,126][INFO]:  KiCad Pcb Converter: Attribute name 'Description' from line 24248 need to be changed to 'DESCRIPTION'
[2026-09-25 17:08:33,127][INFO]:  KiCad Pcb Converter: Attribute name 'Description' from line 24432 need to be changed to 'DESCRIPTION'
[2026-09-25 17:08:33,127][INFO]:  KiCad Pcb Converter: Attribute name 'Description' from line 24605 need to be changed to 'DESCRIPTION'
[2026-09-25 17:08:33,212][INFO]:  Finished processing document: 'C:/Users/willi/KiCad/projects/EPICS_Connect4/PCB/EPICS_Connect4.kicad_pcb'
[2026-09-25 17:08:33,212][INFO]:  Reading document: EPICS_Connect4.kicad_sch
[2026-09-25 17:08:33,212][WARN]:  KiCad Schematic Reader: Unsupported keyword: 'in_pos_files' of parentNode 'symbol' at line: 25
[2026-09-25 17:08:33,212][WARN]:  KiCad Schematic Reader: Unsupported keyword: 'duplicate_pin_numbers_are_jumpers' of parentNode 'symbol' at line: 26
[2026-09-25 17:08:33,212][WARN]:  KiCad Schematic Reader: Unsupported keyword: 'in_pos_files' of parentNode 'symbol' at line: 145
[2026-09-25 17:08:33,212][WARN]:  KiCad Schematic Reader: Unsupported keyword: 'duplicate_pin_numbers_are_jumpers' of parentNode 'symbol' at line: 146
[2026-09-25 17:08:33,212][WARN]:  KiCad Schematic Reader: Unsupported keyword: 'in_pos_files' of parentNode 'symbol' at line: 303
[2026-09-25 17:08:33,212][WARN]:  KiCad Schematic Reader: Unsupported keyword: 'duplicate_pin_numbers_are_jumpers' of parentNode 'symbol' at line: 304
[2026-09-25 17:08:33,212][WARN]:  KiCad Schematic Reader: Unsupported keyword: 'in_pos_files' of parentNode 'symbol' at line: 490
[2026-09-25 17:08:33,212][WARN]:  KiCad Schematic Reader: Unsupported keyword: 'duplicate_pin_numbers_are_jumpers' of parentNode 'symbol' at line: 491
[2026-09-25 17:08:33,212][WARN]:  KiCad Schematic Reader: Unsupported keyword: 'in_pos_files' of parentNode 'symbol' at line: 709
[2026-09-25 17:08:33,212][WARN]:  KiCad Schematic Reader: Unsupported keyword: 'duplicate_pin_numbers_are_jumpers' of parentNode 'symbol' at line: 710
[2026-09-25 17:08:33,212][WARN]:  KiCad Schematic Reader: Unsupported keyword: 'in_pos_files' of parentNode 'symbol' at line: 865
[2026-09-25 17:08:33,212][WARN]:  KiCad Schematic Reader: Unsupported keyword: 'duplicate_pin_numbers_are_jumpers' of parentNode 'symbol' at line: 866
[2026-09-25 17:08:33,212][WARN]:  KiCad Schematic Reader: Unsupported keyword: 'in_pos_files' of parentNode 'symbol' at line: 1031
[2026-09-25 17:08:33,212][WARN]:  KiCad Schematic Reader: Unsupported keyword: 'duplicate_pin_numbers_are_jumpers' of parentNode 'symbol' at line: 1032
[2026-09-25 17:08:33,212][WARN]:  KiCad Schematic Reader: Unsupported keyword: 'in_pos_files' of parentNode 'symbol' at line: 1177
[2026-09-25 17:08:33,212][WARN]:  KiCad Schematic Reader: Unsupported keyword: 'duplicate_pin_numbers_are_jumpers' of parentNode 'symbol' at line: 1178
[2026-09-25 17:08:33,212][WARN]:  KiCad Schematic Reader: Unsupported keyword: 'in_pos_files' of parentNode 'symbol' at line: 1333
[2026-09-25 17:08:33,212][WARN]:  KiCad Schematic Reader: Unsupported keyword: 'duplicate_pin_numbers_are_jumpers' of parentNode 'symbol' at line: 1334
[2026-09-25 17:08:33,212][WARN]:  KiCad Schematic Reader: Unsupported keyword: 'in_pos_files' of parentNode 'symbol' at line: 1437
[2026-09-25 17:08:33,212][WARN]:  KiCad Schematic Reader: Unsupported keyword: 'duplicate_pin_numbers_are_jumpers' of parentNode 'symbol' at line: 1438
[2026-09-25 17:08:33,212][WARN]:  KiCad Schematic Reader: Unsupported keyword: 'in_pos_files' of parentNode 'symbol' at line: 1576
[2026-09-25 17:08:33,212][WARN]:  KiCad Schematic Reader: Unsupported keyword: 'duplicate_pin_numbers_are_jumpers' of parentNode 'symbol' at line: 1577
[2026-09-25 17:08:33,212][WARN]:  KiCad Schematic Reader: Unsupported keyword: 'in_pos_files' of parentNode 'symbol' at line: 1715
[2026-09-25 17:08:33,212][WARN]:  KiCad Schematic Reader: Unsupported keyword: 'duplicate_pin_numbers_are_jumpers' of parentNode 'symbol' at line: 1716
[2026-09-25 17:08:33,212][WARN]:  KiCad Schematic Reader: Unsupported keyword: 'in_pos_files' of parentNode 'symbol' at line: 1854
[2026-09-25 17:08:33,212][WARN]:  KiCad Schematic Reader: Unsupported keyword: 'duplicate_pin_numbers_are_jumpers' of parentNode 'symbol' at line: 1855
[2026-09-25 17:08:33,212][WARN]:  KiCad Schematic Reader: Unsupported keyword: 'uuid' of parentNode 'rectangle' at line: 1968
[2026-09-25 17:08:33,212][WARN]:  KiCad Schematic Reader: Unsupported keyword: 'body_style' of parentNode 'symbol' at line: 130625
[2026-09-25 17:08:33,212][WARN]:  KiCad Schematic Reader: Unsupported keyword: 'in_pos_files' of parentNode 'symbol' at line: 130629
[2026-09-25 17:08:33,212][WARN]:  KiCad Schematic Reader: Unsupported keyword: 'body_style' of parentNode 'symbol' at line: 130703
[2026-09-25 17:08:33,212][WARN]:  KiCad Schematic Reader: Unsupported keyword: 'in_pos_files' of parentNode 'symbol' at line: 130707
[2026-09-25 17:08:33,212][WARN]:  KiCad Schematic Reader: Unsupported keyword: 'body_style' of parentNode 'symbol' at line: 130786
[2026-09-25 17:08:33,212][WARN]:  KiCad Schematic Reader: Unsupported keyword: 'in_pos_files' of parentNode 'symbol' at line: 130790
[2026-09-25 17:08:33,212][WARN]:  KiCad Schematic Reader: Unsupported keyword: 'body_style' of parentNode 'symbol' at line: 130868
[2026-09-25 17:08:33,212][WARN]:  KiCad Schematic Reader: Unsupported keyword: 'in_pos_files' of parentNode 'symbol' at line: 130872
[2026-09-25 17:08:33,212][WARN]:  KiCad Schematic Reader: Unsupported keyword: 'body_style' of parentNode 'symbol' at line: 130946
[2026-09-25 17:08:33,212][WARN]:  KiCad Schematic Reader: Unsupported keyword: 'in_pos_files' of parentNode 'symbol' at line: 130950
[2026-09-25 17:08:33,212][WARN]:  KiCad Schematic Reader: Unsupported keyword: 'body_style' of parentNode 'symbol' at line: 131024
[2026-09-25 17:08:33,212][WARN]:  KiCad Schematic Reader: Unsupported keyword: 'in_pos_files' of parentNode 'symbol' at line: 131028
[2026-09-25 17:08:33,213][WARN]:  KiCad Schematic Reader: Unsupported keyword: 'body_style' of parentNode 'symbol' at line: 131103
[2026-09-25 17:08:33,213][WARN]:  KiCad Schematic Reader: Unsupported keyword: 'in_pos_files' of parentNode 'symbol' at line: 131107
[2026-09-25 17:08:33,213][WARN]:  KiCad Schematic Reader: Unsupported keyword: 'body_style' of parentNode 'symbol' at line: 131182
[2026-09-25 17:08:33,213][WARN]:  KiCad Schematic Reader: Unsupported keyword: 'in_pos_files' of parentNode 'symbol' at line: 131186
[2026-09-25 17:08:33,213][WARN]:  KiCad Schematic Reader: Unsupported keyword: 'body_style' of parentNode 'symbol' at line: 131259
[2026-09-25 17:08:33,213][WARN]:  KiCad Schematic Reader: Unsupported keyword: 'in_pos_files' of parentNode 'symbol' at line: 131263
[2026-09-25 17:08:33,213][WARN]:  KiCad Schematic Reader: Unsupported keyword: 'body_style' of parentNode 'symbol' at line: 131342
[2026-09-25 17:08:33,213][WARN]:  KiCad Schematic Reader: Unsupported keyword: 'in_pos_files' of parentNode 'symbol' at line: 131346
[2026-09-25 17:08:33,213][WARN]:  KiCad Schematic Reader: Unsupported keyword: 'body_style' of parentNode 'symbol' at line: 131419
[2026-09-25 17:08:33,213][WARN]:  KiCad Schematic Reader: Unsupported keyword: 'in_pos_files' of parentNode 'symbol' at line: 131423
[2026-09-25 17:08:33,213][WARN]:  KiCad Schematic Reader: Unsupported keyword: 'body_style' of parentNode 'symbol' at line: 131497
[2026-09-25 17:08:33,213][WARN]:  KiCad Schematic Reader: Unsupported keyword: 'in_pos_files' of parentNode 'symbol' at line: 131501
[2026-09-25 17:08:33,213][WARN]:  KiCad Schematic Reader: Unsupported keyword: 'body_style' of parentNode 'symbol' at line: 131575
[2026-09-25 17:08:33,213][WARN]:  KiCad Schematic Reader: Unsupported keyword: 'in_pos_files' of parentNode 'symbol' at line: 131579
[2026-09-25 17:08:33,213][WARN]:  KiCad Schematic Reader: Unsupported keyword: 'body_style' of parentNode 'symbol' at line: 131655
[2026-09-25 17:08:33,213][WARN]:  KiCad Schematic Reader: Unsupported keyword: 'in_pos_files' of parentNode 'symbol' at line: 131659
[2026-09-25 17:08:33,213][WARN]:  KiCad Schematic Reader: Unsupported keyword: 'body_style' of parentNode 'symbol' at line: 131736
[2026-09-25 17:08:33,213][WARN]:  KiCad Schematic Reader: Unsupported keyword: 'in_pos_files' of parentNode 'symbol' at line: 131740
[2026-09-25 17:08:33,213][WARN]:  KiCad Schematic Reader: Unsupported keyword: 'body_style' of parentNode 'symbol' at line: 131822
[2026-09-25 17:08:33,213][WARN]:  KiCad Schematic Reader: Unsupported keyword: 'in_pos_files' of parentNode 'symbol' at line: 131826
[2026-09-25 17:08:33,213][WARN]:  KiCad Schematic Reader: Unsupported keyword: 'body_style' of parentNode 'symbol' at line: 131903
[2026-09-25 17:08:33,213][WARN]:  KiCad Schematic Reader: Unsupported keyword: 'in_pos_files' of parentNode 'symbol' at line: 131907
[2026-09-25 17:08:33,213][WARN]:  KiCad Schematic Reader: Unsupported keyword: 'body_style' of parentNode 'symbol' at line: 131982
[2026-09-25 17:08:33,213][WARN]:  KiCad Schematic Reader: Unsupported keyword: 'in_pos_files' of parentNode 'symbol' at line: 131986
[2026-09-25 17:08:33,213][WARN]:  KiCad Schematic Reader: Unsupported keyword: 'body_style' of parentNode 'symbol' at line: 132064
[2026-09-25 17:08:33,213][WARN]:  KiCad Schematic Reader: Unsupported keyword: 'in_pos_files' of parentNode 'symbol' at line: 132068
[2026-09-25 17:08:33,213][WARN]:  KiCad Schematic Reader: Unsupported keyword: 'body_style' of parentNode 'symbol' at line: 132142
[2026-09-25 17:08:33,213][WARN]:  KiCad Schematic Reader: Unsupported keyword: 'in_pos_files' of parentNode 'symbol' at line: 132146
[2026-09-25 17:08:33,213][WARN]:  KiCad Schematic Reader: Unsupported keyword: 'body_style' of parentNode 'symbol' at line: 132296
[2026-09-25 17:08:33,213][WARN]:  KiCad Schematic Reader: Unsupported keyword: 'in_pos_files' of parentNode 'symbol' at line: 132300
[2026-09-25 17:08:33,213][WARN]:  KiCad Schematic Reader: Unsupported keyword: 'body_style' of parentNode 'symbol' at line: 132375
[2026-09-25 17:08:33,213][WARN]:  KiCad Schematic Reader: Unsupported keyword: 'in_pos_files' of parentNode 'symbol' at line: 132379
[2026-09-25 17:08:33,213][WARN]:  KiCad Schematic Reader: Unsupported keyword: 'body_style' of parentNode 'symbol' at line: 132454
[2026-09-25 17:08:33,213][WARN]:  KiCad Schematic Reader: Unsupported keyword: 'in_pos_files' of parentNode 'symbol' at line: 132458
[2026-09-25 17:08:33,213][WARN]:  KiCad Schematic Reader: Unsupported keyword: 'body_style' of parentNode 'symbol' at line: 132532
[2026-09-25 17:08:33,213][WARN]:  KiCad Schematic Reader: Unsupported keyword: 'in_pos_files' of parentNode 'symbol' at line: 132536
[2026-09-25 17:08:33,213][WARN]:  KiCad Schematic Reader: Unsupported keyword: 'body_style' of parentNode 'symbol' at line: 132612
[2026-09-25 17:08:33,213][WARN]:  KiCad Schematic Reader: Unsupported keyword: 'in_pos_files' of parentNode 'symbol' at line: 132616
[2026-09-25 17:08:33,213][WARN]:  KiCad Schematic Reader: Unsupported keyword: 'body_style' of parentNode 'symbol' at line: 132690
[2026-09-25 17:08:33,213][WARN]:  KiCad Schematic Reader: Unsupported keyword: 'in_pos_files' of parentNode 'symbol' at line: 132694
[2026-09-25 17:08:33,213][WARN]:  KiCad Schematic Reader: Unsupported keyword: 'body_style' of parentNode 'symbol' at line: 132777
[2026-09-25 17:08:33,213][WARN]:  KiCad Schematic Reader: Unsupported keyword: 'in_pos_files' of parentNode 'symbol' at line: 132781
[2026-09-25 17:08:33,213][WARN]:  KiCad Schematic Reader: Unsupported keyword: 'body_style' of parentNode 'symbol' at line: 132855
[2026-09-25 17:08:33,213][WARN]:  KiCad Schematic Reader: Unsupported keyword: 'in_pos_files' of parentNode 'symbol' at line: 132859
[2026-09-25 17:08:33,213][WARN]:  KiCad Schematic Reader: Unsupported keyword: 'body_style' of parentNode 'symbol' at line: 133009
[2026-09-25 17:08:33,213][WARN]:  KiCad Schematic Reader: Unsupported keyword: 'in_pos_files' of parentNode 'symbol' at line: 133013
[2026-09-25 17:08:33,213][WARN]:  KiCad Schematic Reader: Unsupported keyword: 'body_style' of parentNode 'symbol' at line: 133089
[2026-09-25 17:08:33,213][WARN]:  KiCad Schematic Reader: Unsupported keyword: 'in_pos_files' of parentNode 'symbol' at line: 133093
[2026-09-25 17:08:33,213][WARN]:  KiCad Schematic Reader: Unsupported keyword: 'body_style' of parentNode 'symbol' at line: 133172
[2026-09-25 17:08:33,213][WARN]:  KiCad Schematic Reader: Unsupported keyword: 'in_pos_files' of parentNode 'symbol' at line: 133176
[2026-09-25 17:08:33,213][WARN]:  KiCad Schematic Reader: Unsupported keyword: 'body_style' of parentNode 'symbol' at line: 133250
[2026-09-25 17:08:33,213][WARN]:  KiCad Schematic Reader: Unsupported keyword: 'in_pos_files' of parentNode 'symbol' at line: 133254
[2026-09-25 17:08:33,213][WARN]:  KiCad Schematic Reader: Unsupported keyword: 'body_style' of parentNode 'symbol' at line: 133330
[2026-09-25 17:08:33,213][WARN]:  KiCad Schematic Reader: Unsupported keyword: 'in_pos_files' of parentNode 'symbol' at line: 133334
[2026-09-25 17:08:33,213][WARN]:  KiCad Schematic Reader: Unsupported keyword: 'body_style' of parentNode 'symbol' at line: 133408
[2026-09-25 17:08:33,213][WARN]:  KiCad Schematic Reader: Unsupported keyword: 'in_pos_files' of parentNode 'symbol' at line: 133412
[2026-09-25 17:08:33,213][WARN]:  KiCad Schematic Reader: Unsupported keyword: 'body_style' of parentNode 'symbol' at line: 133487
[2026-09-25 17:08:33,213][WARN]:  KiCad Schematic Reader: Unsupported keyword: 'in_pos_files' of parentNode 'symbol' at line: 133491
[2026-09-25 17:08:33,213][WARN]:  KiCad Schematic Reader: Unsupported keyword: 'body_style' of parentNode 'symbol' at line: 133563
[2026-09-25 17:08:33,213][WARN]:  KiCad Schematic Reader: Unsupported keyword: 'in_pos_files' of parentNode 'symbol' at line: 133567
[2026-09-25 17:08:33,213][WARN]:  KiCad Schematic Reader: Unsupported keyword: 'body_style' of parentNode 'symbol' at line: 133641
[2026-09-25 17:08:33,213][WARN]:  KiCad Schematic Reader: Unsupported keyword: 'in_pos_files' of parentNode 'symbol' at line: 133645
[2026-09-25 17:08:33,213][WARN]:  KiCad Schematic Reader: Unsupported keyword: 'body_style' of parentNode 'symbol' at line: 133795
[2026-09-25 17:08:33,213][WARN]:  KiCad Schematic Reader: Unsupported keyword: 'in_pos_files' of parentNode 'symbol' at line: 133799
[2026-09-25 17:08:33,213][WARN]:  KiCad Schematic Reader: Unsupported keyword: 'body_style' of parentNode 'symbol' at line: 133873
[2026-09-25 17:08:33,213][WARN]:  KiCad Schematic Reader: Unsupported keyword: 'in_pos_files' of parentNode 'symbol' at line: 133877
[2026-09-25 17:08:33,213][WARN]:  KiCad Schematic Reader: Unsupported keyword: 'body_style' of parentNode 'symbol' at line: 133952
[2026-09-25 17:08:33,214][WARN]:  KiCad Schematic Reader: Unsupported keyword: 'in_pos_files' of parentNode 'symbol' at line: 133956
[2026-09-25 17:08:33,214][WARN]:  KiCad Schematic Reader: Unsupported keyword: 'body_style' of parentNode 'symbol' at line: 134037
[2026-09-25 17:08:33,214][WARN]:  KiCad Schematic Reader: Unsupported keyword: 'in_pos_files' of parentNode 'symbol' at line: 134041
[2026-09-25 17:08:33,214][WARN]:  KiCad Schematic Reader: Unsupported keyword: 'body_style' of parentNode 'symbol' at line: 134116
[2026-09-25 17:08:33,214][WARN]:  KiCad Schematic Reader: Unsupported keyword: 'in_pos_files' of parentNode 'symbol' at line: 134120
[2026-09-25 17:08:33,214][WARN]:  KiCad Schematic Reader: Unsupported keyword: 'body_style' of parentNode 'symbol' at line: 134196
[2026-09-25 17:08:33,214][WARN]:  KiCad Schematic Reader: Unsupported keyword: 'in_pos_files' of parentNode 'symbol' at line: 134200
[2026-09-25 17:08:33,214][WARN]:  KiCad Schematic Reader: Unsupported keyword: 'body_style' of parentNode 'symbol' at line: 134275
[2026-09-25 17:08:33,214][WARN]:  KiCad Schematic Reader: Unsupported keyword: 'in_pos_files' of parentNode 'symbol' at line: 134279
[2026-09-25 17:08:33,214][WARN]:  KiCad Schematic Reader: Unsupported keyword: 'body_style' of parentNode 'symbol' at line: 134353
[2026-09-25 17:08:33,214][WARN]:  KiCad Schematic Reader: Unsupported keyword: 'in_pos_files' of parentNode 'symbol' at line: 134357
[2026-09-25 17:08:33,217][INFO]:  Converting document: 'C:/Users/willi/KiCad/projects/EPICS_Connect4/PCB/EPICS_Connect4.kicad_sch'
[2026-09-25 17:08:33,217][INFO]:  KiCad Symbol Converter: Converting KiCad symbol: 'Connector:TestPoint'
[2026-09-25 17:08:33,218][INFO]:  KiCad Symbol Converter: Generating DeviceSet: 'TestPoint'
[2026-09-25 17:08:33,218][INFO]:  KiCad Symbol Converter: Generating DeviceSet: 'TESTPOINT' finished successfully
[2026-09-25 17:08:33,218][INFO]:  KiCad Symbol Converter: Converting KiCad symbol: 'Connector:TestPoint' finished successfully
[2026-09-25 17:08:33,218][INFO]:  KiCad Symbol Converter: Converting KiCad symbol: 'Connector_Generic:Conn_01x02'
[2026-09-25 17:08:33,218][INFO]:  KiCad Symbol Converter: Generating DeviceSet: 'Conn_01x02'
[2026-09-25 17:08:33,219][INFO]:  KiCad Symbol Converter: Generating DeviceSet: 'CONN_01X02' finished successfully
[2026-09-25 17:08:33,219][INFO]:  KiCad Symbol Converter: Converting KiCad symbol: 'Connector_Generic:Conn_01x02' finished successfully
[2026-09-25 17:08:33,219][INFO]:  KiCad Symbol Converter: Converting KiCad symbol: 'Connector_Generic:Conn_01x03'
[2026-09-25 17:08:33,219][INFO]:  KiCad Symbol Converter: Generating DeviceSet: 'Conn_01x03'
[2026-09-25 17:08:33,219][INFO]:  KiCad Symbol Converter: Generating DeviceSet: 'CONN_01X03' finished successfully
[2026-09-25 17:08:33,219][INFO]:  KiCad Symbol Converter: Converting KiCad symbol: 'Connector_Generic:Conn_01x03' finished successfully
[2026-09-25 17:08:33,219][INFO]:  KiCad Symbol Converter: Converting KiCad symbol: 'Connector_Generic:Conn_01x04'
[2026-09-25 17:08:33,219][INFO]:  KiCad Symbol Converter: Generating DeviceSet: 'Conn_01x04'
[2026-09-25 17:08:33,220][INFO]:  KiCad Symbol Converter: Generating DeviceSet: 'CONN_01X04' finished successfully
[2026-09-25 17:08:33,220][INFO]:  KiCad Symbol Converter: Converting KiCad symbol: 'Connector_Generic:Conn_01x04' finished successfully
[2026-09-25 17:08:33,220][INFO]:  KiCad Symbol Converter: Converting KiCad symbol: 'Device:C_Small'
[2026-09-25 17:08:33,220][INFO]:  KiCad Symbol Converter: Generating DeviceSet: 'C_Small'
[2026-09-25 17:08:33,220][INFO]:  KiCad Symbol Converter: Symbol pin '' at line '815' was renamed to '@1' because of name duplication
[2026-09-25 17:08:33,220][INFO]:  KiCad Symbol Converter: Symbol pin '' at line '833' was renamed to '@2' because of name duplication
[2026-09-25 17:08:33,220][INFO]:  KiCad Symbol Converter: Generating DeviceSet: 'C_SMALL' finished successfully
[2026-09-25 17:08:33,220][INFO]:  KiCad Symbol Converter: Converting KiCad symbol: 'Device:C_Small' finished successfully
[2026-09-25 17:08:33,220][INFO]:  KiCad Symbol Converter: Converting KiCad symbol: 'Device:D_TVS_Small'
[2026-09-25 17:08:33,220][INFO]:  KiCad Symbol Converter: Generating DeviceSet: 'D_TVS_Small'
[2026-09-25 17:08:33,220][INFO]:  KiCad Symbol Converter: Generating DeviceSet: 'D_TVS_SMALL' finished successfully
[2026-09-25 17:08:33,220][INFO]:  KiCad Symbol Converter: Converting KiCad symbol: 'Device:D_TVS_Small' finished successfully
[2026-09-25 17:08:33,220][INFO]:  KiCad Symbol Converter: Converting KiCad symbol: 'Device:Fuse_Small'
[2026-09-25 17:08:33,220][INFO]:  KiCad Symbol Converter: Generating DeviceSet: 'Fuse_Small'
[2026-09-25 17:08:33,220][INFO]:  KiCad Symbol Converter: Symbol pin '' at line '1134' was renamed to '@1' because of name duplication
[2026-09-25 17:08:33,221][INFO]:  KiCad Symbol Converter: Symbol pin '' at line '1152' was renamed to '@2' because of name duplication
[2026-09-25 17:08:33,221][INFO]:  KiCad Symbol Converter: Generating DeviceSet: 'FUSE_SMALL' finished successfully
[2026-09-25 17:08:33,221][INFO]:  KiCad Symbol Converter: Converting KiCad symbol: 'Device:Fuse_Small' finished successfully
[2026-09-25 17:08:33,221][INFO]:  KiCad Symbol Converter: Converting KiCad symbol: 'Graphic:Logo_Open_Hardware_Large'
[2026-09-25 17:08:33,221][INFO]:  KiCad Symbol Converter: Generating DeviceSet: 'Logo_Open_Hardware_Large'
[2026-09-25 17:08:33,222][INFO]:  KiCad Symbol Converter: Generating DeviceSet: 'LOGO_OPEN_HARDWARE_LARGE' finished successfully
[2026-09-25 17:08:33,222][INFO]:  KiCad Symbol Converter: Converting KiCad symbol: 'Graphic:Logo_Open_Hardware_Large' finished successfully
[2026-09-25 17:08:33,222][INFO]:  KiCad Symbol Converter: Converting KiCad symbol: 'Mechanical:MountingHole'
[2026-09-25 17:08:33,222][INFO]:  KiCad Symbol Converter: Generating DeviceSet: 'MountingHole'
[2026-09-25 17:08:33,223][INFO]:  KiCad Symbol Converter: Generating DeviceSet: 'MOUNTINGHOLE' finished successfully
[2026-09-25 17:08:33,223][INFO]:  KiCad Symbol Converter: Converting KiCad symbol: 'Mechanical:MountingHole' finished successfully
[2026-09-25 17:08:33,223][INFO]:  KiCad Symbol Converter: Converting KiCad symbol: 'power:+12V'
[2026-09-25 17:08:33,223][INFO]:  KiCad Symbol Converter: Generating DeviceSet: '+12V'
[2026-09-25 17:08:33,223][INFO]:  KiCad Symbol Converter: Generating DeviceSet: '+12V' finished successfully
[2026-09-25 17:08:33,223][INFO]:  KiCad Symbol Converter: Converting KiCad symbol: 'power:+12V' finished successfully
[2026-09-25 17:08:33,223][INFO]:  KiCad Symbol Converter: Converting KiCad symbol: 'power:+3V3'
[2026-09-25 17:08:33,223][INFO]:  KiCad Symbol Converter: Generating DeviceSet: '+3V3'
[2026-09-25 17:08:33,223][INFO]:  KiCad Symbol Converter: Generating DeviceSet: '+3V3' finished successfully
[2026-09-25 17:08:33,223][INFO]:  KiCad Symbol Converter: Converting KiCad symbol: 'power:+3V3' finished successfully
[2026-09-25 17:08:33,223][INFO]:  KiCad Symbol Converter: Converting KiCad symbol: 'power:+5V'
[2026-09-25 17:08:33,223][INFO]:  KiCad Symbol Converter: Generating DeviceSet: '+5V'
[2026-09-25 17:08:33,223][INFO]:  KiCad Symbol Converter: Generating DeviceSet: '+5V' finished successfully
[2026-09-25 17:08:33,223][INFO]:  KiCad Symbol Converter: Converting KiCad symbol: 'power:+5V' finished successfully
[2026-09-25 17:08:33,223][INFO]:  KiCad Symbol Converter: Converting KiCad symbol: 'power:GND'
[2026-09-25 17:08:33,223][INFO]:  KiCad Symbol Converter: Generating DeviceSet: 'GND'
[2026-09-25 17:08:33,223][INFO]:  KiCad Symbol Converter: Generating DeviceSet: 'GND' finished successfully
[2026-09-25 17:08:33,223][INFO]:  KiCad Symbol Converter: Converting KiCad symbol: 'power:GND' finished successfully
[2026-09-25 17:08:33,223][INFO]:  Converted 13 schematic symbols
[2026-09-25 17:08:33,231][INFO]:  KiCad Schematic Converter: Attribute name 'Description' from line 130676 need to be changed to 'DESCRIPTION'
[2026-09-25 17:08:33,231][INFO]:  KiCad Schematic Converter: Attribute name 'Footprint' from line 130733 need to be changed to 'FOOTPRINT'
[2026-09-25 17:08:33,231][INFO]:  KiCad Schematic Converter: Attribute name 'Description' from line 130755 need to be changed to 'DESCRIPTION'
[2026-09-25 17:08:33,231][INFO]:  KiCad Schematic Converter: Attribute name 'Footprint' from line 130815 need to be changed to 'FOOTPRINT'
[2026-09-25 17:08:33,231][INFO]:  KiCad Schematic Converter: Attribute name 'Description' from line 130837 need to be changed to 'DESCRIPTION'
[2026-09-25 17:08:33,232][INFO]:  KiCad Schematic Converter: Attribute name 'Footprint' from line 130897 need to be changed to 'FOOTPRINT'
[2026-09-25 17:08:33,232][INFO]:  KiCad Schematic Converter: Attribute name 'Description' from line 130919 need to be changed to 'DESCRIPTION'
[2026-09-25 17:08:33,232][INFO]:  KiCad Schematic Converter: Attribute name 'Footprint' from line 130975 need to be changed to 'FOOTPRINT'
[2026-09-25 17:08:33,232][INFO]:  KiCad Schematic Converter: Attribute name 'Description' from line 130997 need to be changed to 'DESCRIPTION'
[2026-09-25 17:08:33,232][INFO]:  KiCad Schematic Converter: Attribute name 'Footprint' from line 131054 need to be changed to 'FOOTPRINT'
[2026-09-25 17:08:33,232][INFO]:  KiCad Schematic Converter: Attribute name 'Description' from line 131076 need to be changed to 'DESCRIPTION'
[2026-09-25 17:08:33,233][INFO]:  KiCad Schematic Converter: Attribute name 'Description' from line 131154 need to be changed to 'DESCRIPTION'
[2026-09-25 17:08:33,233][INFO]:  KiCad Schematic Converter: Attribute name 'Footprint' from line 131210 need to be changed to 'FOOTPRINT'
[2026-09-25 17:08:33,233][INFO]:  KiCad Schematic Converter: Attribute name 'Description' from line 131232 need to be changed to 'DESCRIPTION'
[2026-09-25 17:08:33,233][INFO]:  KiCad Schematic Converter: Attribute name 'Footprint' from line 131289 need to be changed to 'FOOTPRINT'
[2026-09-25 17:08:33,233][INFO]:  KiCad Schematic Converter: Attribute name 'Description' from line 131311 need to be changed to 'DESCRIPTION'
[2026-09-25 17:08:33,233][INFO]:  KiCad Schematic Converter: Attribute name 'Footprint' from line 131370 need to be changed to 'FOOTPRINT'
[2026-09-25 17:08:33,233][INFO]:  KiCad Schematic Converter: Attribute name 'Description' from line 131392 need to be changed to 'DESCRIPTION'
[2026-09-25 17:08:33,234][INFO]:  KiCad Schematic Converter: Attribute name 'Footprint' from line 131448 need to be changed to 'FOOTPRINT'
[2026-09-25 17:08:33,234][INFO]:  KiCad Schematic Converter: Attribute name 'Description' from line 131470 need to be changed to 'DESCRIPTION'
[2026-09-25 17:08:33,234][INFO]:  KiCad Schematic Converter: Attribute name 'Footprint' from line 131526 need to be changed to 'FOOTPRINT'
[2026-09-25 17:08:33,234][INFO]:  KiCad Schematic Converter: Attribute name 'Description' from line 131548 need to be changed to 'DESCRIPTION'
[2026-09-25 17:08:33,234][INFO]:  KiCad Schematic Converter: Attribute name 'Footprint' from line 131605 need to be changed to 'FOOTPRINT'
[2026-09-25 17:08:33,234][INFO]:  KiCad Schematic Converter: Attribute name 'Description' from line 131627 need to be changed to 'DESCRIPTION'
[2026-09-25 17:08:33,235][INFO]:  KiCad Schematic Converter: Attribute name 'Footprint' from line 131684 need to be changed to 'FOOTPRINT'
[2026-09-25 17:08:33,235][INFO]:  KiCad Schematic Converter: Attribute name 'Description' from line 131706 need to be changed to 'DESCRIPTION'
[2026-09-25 17:08:33,235][INFO]:  KiCad Schematic Converter: Attribute name 'Footprint' from line 131766 need to be changed to 'FOOTPRINT'
[2026-09-25 17:08:33,235][INFO]:  KiCad Schematic Converter: Attribute name 'Description' from line 131788 need to be changed to 'DESCRIPTION'
[2026-09-25 17:08:33,236][INFO]:  KiCad Schematic Converter: Attribute name 'Footprint' from line 131851 need to be changed to 'FOOTPRINT'
[2026-09-25 17:08:33,236][INFO]:  KiCad Schematic Converter: Attribute name 'Description' from line 131873 need to be changed to 'DESCRIPTION'
[2026-09-25 17:08:33,236][INFO]:  KiCad Schematic Converter: Attribute name 'Footprint' from line 131932 need to be changed to 'FOOTPRINT'
[2026-09-25 17:08:33,236][INFO]:  KiCad Schematic Converter: Attribute name 'Description' from line 131954 need to be changed to 'DESCRIPTION'
[2026-09-25 17:08:33,236][INFO]:  KiCad Schematic Converter: Attribute name 'Footprint' from line 132012 need to be changed to 'FOOTPRINT'
[2026-09-25 17:08:33,236][INFO]:  KiCad Schematic Converter: Attribute name 'Description' from line 132034 need to be changed to 'DESCRIPTION'
[2026-09-25 17:08:33,237][INFO]:  KiCad Schematic Converter: Attribute name 'Footprint' from line 132093 need to be changed to 'FOOTPRINT'
[2026-09-25 17:08:33,237][INFO]:  KiCad Schematic Converter: Attribute name 'Description' from line 132115 need to be changed to 'DESCRIPTION'
[2026-09-25 17:08:33,237][INFO]:  KiCad Schematic Converter: Attribute name 'Footprint' from line 132173 need to be changed to 'FOOTPRINT'
[2026-09-25 17:08:33,237][INFO]:  KiCad Schematic Converter: Attribute name 'Description' from line 132195 need to be changed to 'DESCRIPTION'
[2026-09-25 17:08:33,237][INFO]:  KiCad Schematic Converter: Attribute name 'Footprint' from line 132326 need to be changed to 'FOOTPRINT'
[2026-09-25 17:08:33,237][INFO]:  KiCad Schematic Converter: Attribute name 'Description' from line 132348 need to be changed to 'DESCRIPTION'
[2026-09-25 17:08:33,238][INFO]:  KiCad Schematic Converter: Attribute name 'Footprint' from line 132405 need to be changed to 'FOOTPRINT'
[2026-09-25 17:08:33,238][INFO]:  KiCad Schematic Converter: Attribute name 'Description' from line 132427 need to be changed to 'DESCRIPTION'
[2026-09-25 17:08:33,238][INFO]:  KiCad Schematic Converter: Attribute name 'Footprint' from line 132483 need to be changed to 'FOOTPRINT'
[2026-09-25 17:08:33,238][INFO]:  KiCad Schematic Converter: Attribute name 'Description' from line 132505 need to be changed to 'DESCRIPTION'
[2026-09-25 17:08:33,239][INFO]:  KiCad Schematic Converter: Attribute name 'Footprint' from line 132560 need to be changed to 'FOOTPRINT'
[2026-09-25 17:08:33,239][INFO]:  KiCad Schematic Converter: Attribute name 'Description' from line 132582 need to be changed to 'DESCRIPTION'
[2026-09-25 17:08:33,239][INFO]:  KiCad Schematic Converter: Attribute name 'Footprint' from line 132641 need to be changed to 'FOOTPRINT'
[2026-09-25 17:08:33,239][INFO]:  KiCad Schematic Converter: Attribute name 'Description' from line 132663 need to be changed to 'DESCRIPTION'
[2026-09-25 17:08:33,239][INFO]:  KiCad Schematic Converter: Attribute name 'Footprint' from line 132719 need to be changed to 'FOOTPRINT'
[2026-09-25 17:08:33,239][INFO]:  KiCad Schematic Converter: Attribute name 'Description' from line 132741 need to be changed to 'DESCRIPTION'
[2026-09-25 17:08:33,240][INFO]:  KiCad Schematic Converter: Attribute name 'Footprint' from line 132806 need to be changed to 'FOOTPRINT'
[2026-09-25 17:08:33,240][INFO]:  KiCad Schematic Converter: Attribute name 'Description' from line 132828 need to be changed to 'DESCRIPTION'
[2026-09-25 17:08:33,240][INFO]:  KiCad Schematic Converter: Attribute name 'Footprint' from line 132886 need to be changed to 'FOOTPRINT'
[2026-09-25 17:08:33,240][INFO]:  KiCad Schematic Converter: Attribute name 'Description' from line 132908 need to be changed to 'DESCRIPTION'
[2026-09-25 17:08:33,240][INFO]:  KiCad Schematic Converter: Attribute name 'Footprint' from line 133039 need to be changed to 'FOOTPRINT'
[2026-09-25 17:08:33,240][INFO]:  KiCad Schematic Converter: Attribute name 'Description' from line 133061 need to be changed to 'DESCRIPTION'
[2026-09-25 17:08:33,241][INFO]:  KiCad Schematic Converter: Attribute name 'Footprint' from line 133119 need to be changed to 'FOOTPRINT'
[2026-09-25 17:08:33,241][INFO]:  KiCad Schematic Converter: Attribute name 'Description' from line 133141 need to be changed to 'DESCRIPTION'
[2026-09-25 17:08:33,241][INFO]:  KiCad Schematic Converter: Attribute name 'Footprint' from line 133201 need to be changed to 'FOOTPRINT'
[2026-09-25 17:08:33,241][INFO]:  KiCad Schematic Converter: Attribute name 'Description' from line 133223 need to be changed to 'DESCRIPTION'
[2026-09-25 17:08:33,241][INFO]:  KiCad Schematic Converter: Attribute name 'Footprint' from line 133278 need to be changed to 'FOOTPRINT'
[2026-09-25 17:08:33,241][INFO]:  KiCad Schematic Converter: Attribute name 'Description' from line 133300 need to be changed to 'DESCRIPTION'
[2026-09-25 17:08:33,242][INFO]:  KiCad Schematic Converter: Attribute name 'Description' from line 133381 need to be changed to 'DESCRIPTION'
[2026-09-25 17:08:33,242][INFO]:  KiCad Schematic Converter: Attribute name 'Footprint' from line 133438 need to be changed to 'FOOTPRINT'
[2026-09-25 17:08:33,242][INFO]:  KiCad Schematic Converter: Attribute name 'Description' from line 133460 need to be changed to 'DESCRIPTION'
[2026-09-25 17:08:33,243][INFO]:  KiCad Schematic Converter: Attribute name 'Footprint' from line 133517 need to be changed to 'FOOTPRINT'
[2026-09-25 17:08:33,243][INFO]:  KiCad Schematic Converter: Attribute name 'Description' from line 133539 need to be changed to 'DESCRIPTION'
[2026-09-25 17:08:33,243][INFO]:  KiCad Schematic Converter: Attribute name 'Description' from line 133614 need to be changed to 'DESCRIPTION'
[2026-09-25 17:08:33,244][INFO]:  KiCad Schematic Converter: Attribute name 'Footprint' from line 133672 need to be changed to 'FOOTPRINT'
[2026-09-25 17:08:33,244][INFO]:  KiCad Schematic Converter: Attribute name 'Description' from line 133694 need to be changed to 'DESCRIPTION'
[2026-09-25 17:08:33,244][INFO]:  KiCad Schematic Converter: Attribute name 'Footprint' from line 133824 need to be changed to 'FOOTPRINT'
[2026-09-25 17:08:33,244][INFO]:  KiCad Schematic Converter: Attribute name 'Description' from line 133846 need to be changed to 'DESCRIPTION'
[2026-09-25 17:08:33,244][INFO]:  KiCad Schematic Converter: Attribute name 'Footprint' from line 133903 need to be changed to 'FOOTPRINT'
[2026-09-25 17:08:33,244][INFO]:  KiCad Schematic Converter: Attribute name 'Description' from line 133925 need to be changed to 'DESCRIPTION'
[2026-09-25 17:08:33,245][INFO]:  KiCad Schematic Converter: Attribute name 'Footprint' from line 133982 need to be changed to 'FOOTPRINT'
[2026-09-25 17:08:33,245][INFO]:  KiCad Schematic Converter: Attribute name 'Description' from line 134004 need to be changed to 'DESCRIPTION'
[2026-09-25 17:08:33,245][INFO]:  KiCad Schematic Converter: Attribute name 'Footprint' from line 134067 need to be changed to 'FOOTPRINT'
[2026-09-25 17:08:33,246][INFO]:  KiCad Schematic Converter: Attribute name 'Description' from line 134089 need to be changed to 'DESCRIPTION'
[2026-09-25 17:08:33,246][INFO]:  KiCad Schematic Converter: Attribute name 'Footprint' from line 134144 need to be changed to 'FOOTPRINT'
[2026-09-25 17:08:33,246][INFO]:  KiCad Schematic Converter: Attribute name 'Description' from line 134166 need to be changed to 'DESCRIPTION'
[2026-09-25 17:08:33,246][INFO]:  KiCad Schematic Converter: Attribute name 'Footprint' from line 134226 need to be changed to 'FOOTPRINT'
[2026-09-25 17:08:33,246][INFO]:  KiCad Schematic Converter: Attribute name 'Description' from line 134248 need to be changed to 'DESCRIPTION'
[2026-09-25 17:08:33,247][INFO]:  KiCad Schematic Converter: Attribute name 'Footprint' from line 134304 need to be changed to 'FOOTPRINT'
[2026-09-25 17:08:33,247][INFO]:  KiCad Schematic Converter: Attribute name 'Description' from line 134326 need to be changed to 'DESCRIPTION'
[2026-09-25 17:08:33,247][INFO]:  KiCad Schematic Converter: Attribute name 'Footprint' from line 134384 need to be changed to 'FOOTPRINT'
[2026-09-25 17:08:33,247][INFO]:  KiCad Schematic Converter: Attribute name 'Description' from line 134406 need to be changed to 'DESCRIPTION'
[2026-09-25 17:08:33,248][WARN]:  KiCad Schematic Converter: Annotate module port at line '134541' Net 'N$779' to net 'BOOT'
[2026-09-25 17:08:33,248][WARN]:  KiCad Schematic Converter: Annotate module port at line '134551' Net 'N$772' to net 'END.A'
[2026-09-25 17:08:33,248][WARN]:  KiCad Schematic Converter: Annotate module port at line '134561' Net 'N$782' to net 'END.B'
[2026-09-25 17:08:33,248][WARN]:  KiCad Schematic Converter: Annotate module port at line '134571' Net 'N$783' to net 'INRP.A'
[2026-09-25 17:08:33,248][WARN]:  KiCad Schematic Converter: Annotate module port at line '134581' Net 'N$777' to net 'INRP.B'
[2026-09-25 17:08:33,248][WARN]:  KiCad Schematic Converter: Annotate module port at line '134591' Net 'N$766' to net 'ledDataA'
[2026-09-25 17:08:33,248][WARN]:  KiCad Schematic Converter: Annotate module port at line '134601' Net 'N$762' to net 'ledDataB'
[2026-09-25 17:08:33,248][WARN]:  KiCad Schematic Converter: Annotate module port at line '134611' Net 'N$780' to net 'NRST'
[2026-09-25 17:08:33,248][WARN]:  KiCad Schematic Converter: Annotate module port at line '134621' Net 'B$3' to net 'TMC'
[2026-09-25 17:08:33,248][WARN]:  KiCad Schematic Converter: Annotate module port at line '134621' Bus 'B$3' to bus 'TMC'
[2026-09-25 17:08:33,248][WARN]:  KiCad Schematic Converter: Annotate module port at line '134631' Net 'N$769' to net 'UART.RX'
[2026-09-25 17:08:33,248][WARN]:  KiCad Schematic Converter: Annotate module port at line '134641' Net 'N$770' to net 'UART.TX'
[2026-09-25 17:08:33,248][WARN]:  KiCad Schematic Converter: Annotate module port at line '134717' Net 'N$767' to net '+VIN'
[2026-09-25 17:08:33,248][WARN]:  KiCad Schematic Converter: Annotate module port at line '134773' Net 'B$3' to net 'TMC'
[2026-09-25 17:08:33,248][WARN]:  KiCad Schematic Converter: Annotate module port at line '134773' Bus 'B$3' to bus 'TMC'
[2026-09-25 17:08:33,248][WARN]:  KiCad Schematic Converter: Annotate module port at line '134793' Net 'B$2' to net 'M1[3..0]'
[2026-09-25 17:08:33,248][WARN]:  KiCad Schematic Converter: Annotate module port at line '134793' Bus 'B$2' to bus 'M1[3..0]' - different members count
[2026-09-25 17:08:33,248][WARN]:  KiCad Schematic Converter: Annotate module port at line '134848' Net 'N$779' to net 'BOOT'
[2026-09-25 17:08:33,248][WARN]:  KiCad Schematic Converter: Annotate module port at line '134858' Net 'N$770' to net 'IO20{slash}RXD'
[2026-09-25 17:08:33,248][WARN]:  KiCad Schematic Converter: Annotate module port at line '134868' Net 'N$769' to net 'IO21{slash}TXD'
[2026-09-25 17:08:33,248][WARN]:  KiCad Schematic Converter: Annotate module port at line '134878' Net 'N$780' to net 'NRST'
[2026-09-25 17:08:33,249][INFO]:  Finished processing document: 'C:/Users/willi/KiCad/projects/EPICS_Connect4/PCB/EPICS_Connect4.kicad_sch'
[2026-09-25 17:08:33,249][INFO]:  Reading document: esp32.kicad_sch
[2026-09-25 17:08:33,249][WARN]:  KiCad Schematic Reader: Unsupported keyword: 'in_pos_files' of parentNode 'symbol' at line: 25
[2026-09-25 17:08:33,249][WARN]:  KiCad Schematic Reader: Unsupported keyword: 'duplicate_pin_numbers_are_jumpers' of parentNode 'symbol' at line: 26
[2026-09-25 17:08:33,249][WARN]:  KiCad Schematic Reader: Unsupported keyword: 'in_pos_files' of parentNode 'symbol' at line: 144
[2026-09-25 17:08:33,249][WARN]:  KiCad Schematic Reader: Unsupported keyword: 'duplicate_pin_numbers_are_jumpers' of parentNode 'symbol' at line: 145
[2026-09-25 17:08:33,249][WARN]:  KiCad Schematic Reader: Unsupported keyword: 'in_pos_files' of parentNode 'symbol' at line: 803
[2026-09-25 17:08:33,249][WARN]:  KiCad Schematic Reader: Unsupported keyword: 'duplicate_pin_numbers_are_jumpers' of parentNode 'symbol' at line: 804
[2026-09-25 17:08:33,249][WARN]:  KiCad Schematic Reader: Unsupported keyword: 'in_pos_files' of parentNode 'symbol' at line: 959
[2026-09-25 17:08:33,249][WARN]:  KiCad Schematic Reader: Unsupported keyword: 'duplicate_pin_numbers_are_jumpers' of parentNode 'symbol' at line: 960
[2026-09-25 17:08:33,249][WARN]:  KiCad Schematic Reader: Unsupported keyword: 'in_pos_files' of parentNode 'symbol' at line: 1162
[2026-09-25 17:08:33,249][WARN]:  KiCad Schematic Reader: Unsupported keyword: 'duplicate_pin_numbers_are_jumpers' of parentNode 'symbol' at line: 1163
[2026-09-25 17:08:33,249][WARN]:  KiCad Schematic Reader: Unsupported keyword: 'in_pos_files' of parentNode 'symbol' at line: 1299
[2026-09-25 17:08:33,249][WARN]:  KiCad Schematic Reader: Unsupported keyword: 'duplicate_pin_numbers_are_jumpers' of parentNode 'symbol' at line: 1300
[2026-09-25 17:08:33,249][WARN]:  KiCad Schematic Reader: Unsupported keyword: 'in_pos_files' of parentNode 'symbol' at line: 1759
[2026-09-25 17:08:33,249][WARN]:  KiCad Schematic Reader: Unsupported keyword: 'duplicate_pin_numbers_are_jumpers' of parentNode 'symbol' at line: 1760
[2026-09-25 17:08:33,249][WARN]:  KiCad Schematic Reader: Unsupported keyword: 'in_pos_files' of parentNode 'symbol' at line: 2205
[2026-09-25 17:08:33,249][WARN]:  KiCad Schematic Reader: Unsupported keyword: 'duplicate_pin_numbers_are_jumpers' of parentNode 'symbol' at line: 2206
[2026-09-25 17:08:33,249][WARN]:  KiCad Schematic Reader: Unsupported keyword: 'in_pos_files' of parentNode 'symbol' at line: 2370
[2026-09-25 17:08:33,249][WARN]:  KiCad Schematic Reader: Unsupported keyword: 'duplicate_pin_numbers_are_jumpers' of parentNode 'symbol' at line: 2371
[2026-09-25 17:08:33,249][WARN]:  KiCad Schematic Reader: Unsupported keyword: 'in_pos_files' of parentNode 'symbol' at line: 2509
[2026-09-25 17:08:33,249][WARN]:  KiCad Schematic Reader: Unsupported keyword: 'duplicate_pin_numbers_are_jumpers' of parentNode 'symbol' at line: 2510
[2026-09-25 17:08:33,249][WARN]:  KiCad Schematic Reader: Unsupported keyword: 'uuid' of parentNode 'rectangle' at line: 2623
[2026-09-25 17:08:33,249][WARN]:  KiCad Schematic Reader: Unsupported keyword: 'uuid' of parentNode 'rectangle' at line: 2635
[2026-09-25 17:08:33,249][WARN]:  KiCad Schematic Reader: Unsupported keyword: 'body_style' of parentNode 'symbol' at line: 3418
[2026-09-25 17:08:33,249][WARN]:  KiCad Schematic Reader: Unsupported keyword: 'in_pos_files' of parentNode 'symbol' at line: 3422
[2026-09-25 17:08:33,249][WARN]:  KiCad Schematic Reader: Unsupported keyword: 'body_style' of parentNode 'symbol' at line: 3574
[2026-09-25 17:08:33,249][WARN]:  KiCad Schematic Reader: Unsupported keyword: 'in_pos_files' of parentNode 'symbol' at line: 3578
[2026-09-25 17:08:33,249][WARN]:  KiCad Schematic Reader: Unsupported keyword: 'body_style' of parentNode 'symbol' at line: 3734
[2026-09-25 17:08:33,249][WARN]:  KiCad Schematic Reader: Unsupported keyword: 'in_pos_files' of parentNode 'symbol' at line: 3738
[2026-09-25 17:08:33,249][WARN]:  KiCad Schematic Reader: Unsupported keyword: 'body_style' of parentNode 'symbol' at line: 3812
[2026-09-25 17:08:33,249][WARN]:  KiCad Schematic Reader: Unsupported keyword: 'in_pos_files' of parentNode 'symbol' at line: 3816
[2026-09-25 17:08:33,249][WARN]:  KiCad Schematic Reader: Unsupported keyword: 'body_style' of parentNode 'symbol' at line: 3890
[2026-09-25 17:08:33,249][WARN]:  KiCad Schematic Reader: Unsupported keyword: 'in_pos_files' of parentNode 'symbol' at line: 3894
[2026-09-25 17:08:33,249][WARN]:  KiCad Schematic Reader: Unsupported keyword: 'body_style' of parentNode 'symbol' at line: 4050
[2026-09-25 17:08:33,249][WARN]:  KiCad Schematic Reader: Unsupported keyword: 'in_pos_files' of parentNode 'symbol' at line: 4054
[2026-09-25 17:08:33,250][WARN]:  KiCad Schematic Reader: Unsupported keyword: 'body_style' of parentNode 'symbol' at line: 4128
[2026-09-25 17:08:33,250][WARN]:  KiCad Schematic Reader: Unsupported keyword: 'in_pos_files' of parentNode 'symbol' at line: 4132
[2026-09-25 17:08:33,250][WARN]:  KiCad Schematic Reader: Unsupported keyword: 'body_style' of parentNode 'symbol' at line: 4206
[2026-09-25 17:08:33,250][WARN]:  KiCad Schematic Reader: Unsupported keyword: 'in_pos_files' of parentNode 'symbol' at line: 4210
[2026-09-25 17:08:33,250][WARN]:  KiCad Schematic Reader: Unsupported keyword: 'body_style' of parentNode 'symbol' at line: 4417
[2026-09-25 17:08:33,250][WARN]:  KiCad Schematic Reader: Unsupported keyword: 'in_pos_files' of parentNode 'symbol' at line: 4421
[2026-09-25 17:08:33,250][WARN]:  KiCad Schematic Reader: Unsupported keyword: 'body_style' of parentNode 'symbol' at line: 4575
[2026-09-25 17:08:33,250][WARN]:  KiCad Schematic Reader: Unsupported keyword: 'in_pos_files' of parentNode 'symbol' at line: 4579
[2026-09-25 17:08:33,250][WARN]:  KiCad Schematic Reader: Unsupported keyword: 'body_style' of parentNode 'symbol' at line: 4733
[2026-09-25 17:08:33,250][WARN]:  KiCad Schematic Reader: Unsupported keyword: 'in_pos_files' of parentNode 'symbol' at line: 4737
[2026-09-25 17:08:33,250][WARN]:  KiCad Schematic Reader: Unsupported keyword: 'body_style' of parentNode 'symbol' at line: 4811
[2026-09-25 17:08:33,250][WARN]:  KiCad Schematic Reader: Unsupported keyword: 'in_pos_files' of parentNode 'symbol' at line: 4815
[2026-09-25 17:08:33,250][WARN]:  KiCad Schematic Reader: Unsupported keyword: 'body_style' of parentNode 'symbol' at line: 4889
[2026-09-25 17:08:33,250][WARN]:  KiCad Schematic Reader: Unsupported keyword: 'in_pos_files' of parentNode 'symbol' at line: 4893
[2026-09-25 17:08:33,250][WARN]:  KiCad Schematic Reader: Unsupported keyword: 'body_style' of parentNode 'symbol' at line: 4967
[2026-09-25 17:08:33,250][WARN]:  KiCad Schematic Reader: Unsupported keyword: 'in_pos_files' of parentNode 'symbol' at line: 4971
[2026-09-25 17:08:33,250][WARN]:  KiCad Schematic Reader: Unsupported keyword: 'body_style' of parentNode 'symbol' at line: 5045
[2026-09-25 17:08:33,250][WARN]:  KiCad Schematic Reader: Unsupported keyword: 'in_pos_files' of parentNode 'symbol' at line: 5049
[2026-09-25 17:08:33,250][WARN]:  KiCad Schematic Reader: Unsupported keyword: 'body_style' of parentNode 'symbol' at line: 5204
[2026-09-25 17:08:33,250][WARN]:  KiCad Schematic Reader: Unsupported keyword: 'in_pos_files' of parentNode 'symbol' at line: 5208
[2026-09-25 17:08:33,250][WARN]:  KiCad Schematic Reader: Unsupported keyword: 'body_style' of parentNode 'symbol' at line: 5364
[2026-09-25 17:08:33,250][WARN]:  KiCad Schematic Reader: Unsupported keyword: 'in_pos_files' of parentNode 'symbol' at line: 5368
[2026-09-25 17:08:33,250][WARN]:  KiCad Schematic Reader: Unsupported keyword: 'body_style' of parentNode 'symbol' at line: 5445
[2026-09-25 17:08:33,250][WARN]:  KiCad Schematic Reader: Unsupported keyword: 'in_pos_files' of parentNode 'symbol' at line: 5449
[2026-09-25 17:08:33,250][WARN]:  KiCad Schematic Reader: Unsupported keyword: 'body_style' of parentNode 'symbol' at line: 5641
[2026-09-25 17:08:33,250][WARN]:  KiCad Schematic Reader: Unsupported keyword: 'in_pos_files' of parentNode 'symbol' at line: 5645
[2026-09-25 17:08:33,250][WARN]:  KiCad Schematic Reader: Unsupported keyword: 'body_style' of parentNode 'symbol' at line: 5812
[2026-09-25 17:08:33,250][WARN]:  KiCad Schematic Reader: Unsupported keyword: 'in_pos_files' of parentNode 'symbol' at line: 5816
[2026-09-25 17:08:33,250][WARN]:  KiCad Schematic Reader: Unsupported keyword: 'body_style' of parentNode 'symbol' at line: 5891
[2026-09-25 17:08:33,250][WARN]:  KiCad Schematic Reader: Unsupported keyword: 'in_pos_files' of parentNode 'symbol' at line: 5895
[2026-09-25 17:08:33,250][WARN]:  KiCad Schematic Reader: Unsupported keyword: 'body_style' of parentNode 'symbol' at line: 5970
[2026-09-25 17:08:33,250][WARN]:  KiCad Schematic Reader: Unsupported keyword: 'in_pos_files' of parentNode 'symbol' at line: 5974
[2026-09-25 17:08:33,250][WARN]:  KiCad Schematic Reader: Unsupported keyword: 'body_style' of parentNode 'symbol' at line: 6048
[2026-09-25 17:08:33,250][WARN]:  KiCad Schematic Reader: Unsupported keyword: 'in_pos_files' of parentNode 'symbol' at line: 6052
[2026-09-25 17:08:33,250][WARN]:  KiCad Schematic Reader: Unsupported keyword: 'body_style' of parentNode 'symbol' at line: 6126
[2026-09-25 17:08:33,250][WARN]:  KiCad Schematic Reader: Unsupported keyword: 'in_pos_files' of parentNode 'symbol' at line: 6130
[2026-09-25 17:08:33,250][WARN]:  KiCad Schematic Reader: Unsupported keyword: 'body_style' of parentNode 'symbol' at line: 6285
[2026-09-25 17:08:33,250][WARN]:  KiCad Schematic Reader: Unsupported keyword: 'in_pos_files' of parentNode 'symbol' at line: 6289
[2026-09-25 17:08:33,250][WARN]:  KiCad Schematic Reader: Unsupported keyword: 'body_style' of parentNode 'symbol' at line: 6444
[2026-09-25 17:08:33,250][WARN]:  KiCad Schematic Reader: Unsupported keyword: 'in_pos_files' of parentNode 'symbol' at line: 6448
[2026-09-25 17:08:33,250][WARN]:  KiCad Schematic Reader: Unsupported keyword: 'body_style' of parentNode 'symbol' at line: 6522
[2026-09-25 17:08:33,250][WARN]:  KiCad Schematic Reader: Unsupported keyword: 'in_pos_files' of parentNode 'symbol' at line: 6526
[2026-09-25 17:08:33,250][WARN]:  KiCad Schematic Reader: Unsupported keyword: 'body_style' of parentNode 'symbol' at line: 6600
[2026-09-25 17:08:33,250][WARN]:  KiCad Schematic Reader: Unsupported keyword: 'in_pos_files' of parentNode 'symbol' at line: 6604
[2026-09-25 17:08:33,250][WARN]:  KiCad Schematic Reader: Unsupported keyword: 'body_style' of parentNode 'symbol' at line: 6678
[2026-09-25 17:08:33,250][WARN]:  KiCad Schematic Reader: Unsupported keyword: 'in_pos_files' of parentNode 'symbol' at line: 6682
[2026-09-25 17:08:33,250][WARN]:  KiCad Schematic Reader: Unsupported keyword: 'body_style' of parentNode 'symbol' at line: 6837
[2026-09-25 17:08:33,250][WARN]:  KiCad Schematic Reader: Unsupported keyword: 'in_pos_files' of parentNode 'symbol' at line: 6841
[2026-09-25 17:08:33,250][WARN]:  KiCad Schematic Reader: Unsupported keyword: 'body_style' of parentNode 'symbol' at line: 6915
[2026-09-25 17:08:33,250][WARN]:  KiCad Schematic Reader: Unsupported keyword: 'in_pos_files' of parentNode 'symbol' at line: 6919
[2026-09-25 17:08:33,250][WARN]:  KiCad Schematic Reader: Unsupported keyword: 'body_style' of parentNode 'symbol' at line: 7011
[2026-09-25 17:08:33,250][WARN]:  KiCad Schematic Reader: Unsupported keyword: 'in_pos_files' of parentNode 'symbol' at line: 7015
[2026-09-25 17:08:33,250][WARN]:  KiCad Schematic Reader: Unsupported keyword: 'body_style' of parentNode 'symbol' at line: 7093
[2026-09-25 17:08:33,250][WARN]:  KiCad Schematic Reader: Unsupported keyword: 'in_pos_files' of parentNode 'symbol' at line: 7097
[2026-09-25 17:08:33,250][WARN]:  KiCad Schematic Reader: Unsupported keyword: 'body_style' of parentNode 'symbol' at line: 7250
[2026-09-25 17:08:33,250][WARN]:  KiCad Schematic Reader: Unsupported keyword: 'in_pos_files' of parentNode 'symbol' at line: 7254
[2026-09-25 17:08:33,250][WARN]:  KiCad Schematic Reader: Unsupported keyword: 'body_style' of parentNode 'symbol' at line: 7410
[2026-09-25 17:08:33,250][WARN]:  KiCad Schematic Reader: Unsupported keyword: 'in_pos_files' of parentNode 'symbol' at line: 7414
[2026-09-25 17:08:33,251][INFO]:  Converting document: 'C:/Users/willi/KiCad/projects/EPICS_Connect4/PCB/esp32.kicad_sch'
[2026-09-25 17:08:33,251][INFO]:  KiCad Symbol Converter: Converting KiCad symbol: 'Connector:TestPoint'
[2026-09-25 17:08:33,251][INFO]:  KiCad Symbol Converter: Generating DeviceSet: 'TestPoint'
[2026-09-25 17:08:33,251][INFO]:  KiCad Symbol Converter: Generating DeviceSet: 'TESTPOINT' finished successfully
[2026-09-25 17:08:33,251][INFO]:  KiCad Symbol Converter: Converting KiCad symbol: 'Connector:TestPoint' finished successfully
[2026-09-25 17:08:33,251][INFO]:  KiCad Symbol Converter: Converting KiCad symbol: 'Connector:USB_C_Receptacle_USB2.0_14P'
[2026-09-25 17:08:33,251][INFO]:  KiCad Symbol Converter: Generating DeviceSet: 'USB_C_Receptacle_USB2.0_14P'
[2026-09-25 17:08:33,251][INFO]:  KiCad Symbol Converter: Symbol pin 'GND' at line '513' was renamed to 'GND@1' because of name duplication
[2026-09-25 17:08:33,251][INFO]:  KiCad Symbol Converter: Symbol pin 'VBUS' at line '531' was renamed to 'VBUS@1' because of name duplication
[2026-09-25 17:08:33,252][INFO]:  KiCad Symbol Converter: Symbol pin 'D+' at line '567' was renamed to 'D+@1' because of name duplication
[2026-09-25 17:08:33,252][INFO]:  KiCad Symbol Converter: Symbol pin 'D-' at line '585' was renamed to 'D-@1' because of name duplication
[2026-09-25 17:08:33,252][INFO]:  KiCad Symbol Converter: Symbol pin 'VBUS' at line '603' was renamed to 'VBUS@2' because of name duplication
[2026-09-25 17:08:33,252][INFO]:  KiCad Symbol Converter: Symbol pin 'GND' at line '622' was renamed to 'GND@2' because of name duplication
[2026-09-25 17:08:33,252][INFO]:  KiCad Symbol Converter: Symbol pin 'GND' at line '641' was renamed to 'GND@3' because of name duplication
[2026-09-25 17:08:33,252][INFO]:  KiCad Symbol Converter: Symbol pin 'VBUS' at line '660' was renamed to 'VBUS@3' because of name duplication
[2026-09-25 17:08:33,252][INFO]:  KiCad Symbol Converter: Symbol pin 'D+' at line '697' was renamed to 'D+@2' because of name duplication
[2026-09-25 17:08:33,252][INFO]:  KiCad Symbol Converter: Symbol pin 'D-' at line '715' was renamed to 'D-@2' because of name duplication
[2026-09-25 17:08:33,252][INFO]:  KiCad Symbol Converter: Symbol pin 'VBUS' at line '733' was renamed to 'VBUS@4' because of name duplication
[2026-09-25 17:08:33,252][INFO]:  KiCad Symbol Converter: Symbol pin 'GND' at line '752' was renamed to 'GND@4' because of name duplication
[2026-09-25 17:08:33,252][INFO]:  KiCad Symbol Converter: Generating DeviceSet: 'USB_C_RECEPTACLE_USB2.0_14P' finished successfully
[2026-09-25 17:08:33,252][INFO]:  KiCad Symbol Converter: Converting KiCad symbol: 'Connector:USB_C_Receptacle_USB2.0_14P' finished successfully
[2026-09-25 17:08:33,252][INFO]:  KiCad Symbol Converter: Converting KiCad symbol: 'Device:C_Small'
[2026-09-25 17:08:33,252][INFO]:  KiCad Symbol Converter: Generating DeviceSet: 'C_Small'
[2026-09-25 17:08:33,252][INFO]:  KiCad Symbol Converter: Generating DeviceSet: 'C_SMALL' finished successfully
[2026-09-25 17:08:33,252][INFO]:  KiCad Symbol Converter: Converting KiCad symbol: 'Device:C_Small' finished successfully
[2026-09-25 17:08:33,252][INFO]:  KiCad Symbol Converter: Converting KiCad symbol: 'Device:LED_Small'
[2026-09-25 17:08:33,252][INFO]:  KiCad Symbol Converter: Generating DeviceSet: 'LED_Small'
[2026-09-25 17:08:33,253][INFO]:  KiCad Symbol Converter: Generating DeviceSet: 'LED_SMALL' finished successfully
[2026-09-25 17:08:33,253][INFO]:  KiCad Symbol Converter: Converting KiCad symbol: 'Device:LED_Small' finished successfully
[2026-09-25 17:08:33,253][INFO]:  KiCad Symbol Converter: Converting KiCad symbol: 'Device:R_Small'
[2026-09-25 17:08:33,253][INFO]:  KiCad Symbol Converter: Generating DeviceSet: 'R_Small'
[2026-09-25 17:08:33,253][INFO]:  KiCad Symbol Converter: Symbol pin '' at line '1253' was renamed to '@1' because of name duplication
[2026-09-25 17:08:33,253][INFO]:  KiCad Symbol Converter: Symbol pin '' at line '1271' was renamed to '@2' because of name duplication
[2026-09-25 17:08:33,253][INFO]:  KiCad Symbol Converter: Generating DeviceSet: 'R_SMALL' finished successfully
[2026-09-25 17:08:33,253][INFO]:  KiCad Symbol Converter: Converting KiCad symbol: 'Device:R_Small' finished successfully
[2026-09-25 17:08:33,253][INFO]:  KiCad Symbol Converter: Converting KiCad symbol: 'Power_Protection:USBLC6-2SC6'
[2026-09-25 17:08:33,253][INFO]:  KiCad Symbol Converter: Generating DeviceSet: 'USBLC6-2SC6'
[2026-09-25 17:08:33,253][INFO]:  KiCad Symbol Converter: Symbol pin 'I/O1' at line '1644' was renamed to 'I/O1@1' because of name duplication
[2026-09-25 17:08:33,253][INFO]:  KiCad Symbol Converter: Symbol pin 'I/O2' at line '1680' was renamed to 'I/O2@1' because of name duplication
[2026-09-25 17:08:33,253][INFO]:  KiCad Symbol Converter: Symbol pin 'I/O2' at line '1698' was renamed to 'I/O2@2' because of name duplication
[2026-09-25 17:08:33,253][INFO]:  KiCad Symbol Converter: Symbol pin 'I/O1' at line '1734' was renamed to 'I/O1@2' because of name duplication
[2026-09-25 17:08:33,254][INFO]:  KiCad Symbol Converter: Generating DeviceSet: 'USBLC6-2SC6' finished successfully
[2026-09-25 17:08:33,254][INFO]:  KiCad Symbol Converter: Converting KiCad symbol: 'Power_Protection:USBLC6-2SC6' finished successfully
[2026-09-25 17:08:33,254][INFO]:  KiCad Symbol Converter: Converting KiCad symbol: 'RF_Module:ESP32-C3-WROOM-02'
[2026-09-25 17:08:33,254][INFO]:  KiCad Symbol Converter: Generating DeviceSet: 'ESP32-C3-WROOM-02'
[2026-09-25 17:08:33,254][INFO]:  KiCad Symbol Converter: Symbol pin 'GND' at line '1992' was renamed to 'GND@1' because of name duplication
[2026-09-25 17:08:33,254][INFO]:  KiCad Symbol Converter: Symbol pin 'GND' at line '2172' was renamed to 'GND@2' because of name duplication
[2026-09-25 17:08:33,255][INFO]:  KiCad Symbol Converter: Generating DeviceSet: 'ESP32-C3-WROOM-02' finished successfully
[2026-09-25 17:08:33,255][INFO]:  KiCad Symbol Converter: Converting KiCad symbol: 'RF_Module:ESP32-C3-WROOM-02' finished successfully
[2026-09-25 17:08:33,255][INFO]:  KiCad Symbol Converter: Converting KiCad symbol: 'Switch:SW_Push'
[2026-09-25 17:08:33,255][INFO]:  KiCad Symbol Converter: Generating DeviceSet: 'SW_Push'
[2026-09-25 17:08:33,255][INFO]:  KiCad Symbol Converter: Generating DeviceSet: 'SW_PUSH' finished successfully
[2026-09-25 17:08:33,255][INFO]:  KiCad Symbol Converter: Converting KiCad symbol: 'Switch:SW_Push' finished successfully
[2026-09-25 17:08:33,255][INFO]:  KiCad Symbol Converter: Converting KiCad symbol: 'power:+3V3'
[2026-09-25 17:08:33,255][INFO]:  KiCad Symbol Converter: Generating DeviceSet: '+3V3'
[2026-09-25 17:08:33,255][INFO]:  KiCad Symbol Converter: Generating DeviceSet: '+3V3' finished successfully
[2026-09-25 17:08:33,255][INFO]:  KiCad Symbol Converter: Converting KiCad symbol: 'power:+3V3' finished successfully
[2026-09-25 17:08:33,255][INFO]:  KiCad Symbol Converter: Converting KiCad symbol: 'power:GND'
[2026-09-25 17:08:33,255][INFO]:  KiCad Symbol Converter: Generating DeviceSet: 'GND'
[2026-09-25 17:08:33,255][INFO]:  KiCad Symbol Converter: Generating DeviceSet: 'GND' finished successfully
[2026-09-25 17:08:33,255][INFO]:  KiCad Symbol Converter: Converting KiCad symbol: 'power:GND' finished successfully
[2026-09-25 17:08:33,255][INFO]:  Converted 10 schematic symbols
[2026-09-25 17:08:33,288][INFO]:  KiCad Schematic Converter: Attribute name 'Footprint' from line 3445 need to be changed to 'FOOTPRINT'
[2026-09-25 17:08:33,288][INFO]:  KiCad Schematic Converter: Attribute name 'Description' from line 3467 need to be changed to 'DESCRIPTION'
[2026-09-25 17:08:33,288][INFO]:  KiCad Schematic Converter: Attribute name 'Footprint' from line 3604 need to be changed to 'FOOTPRINT'
[2026-09-25 17:08:33,288][INFO]:  KiCad Schematic Converter: Attribute name 'Description' from line 3626 need to be changed to 'DESCRIPTION'
[2026-09-25 17:08:33,289][INFO]:  KiCad Schematic Converter: Attribute name 'Description' from line 3785 need to be changed to 'DESCRIPTION'
[2026-09-25 17:08:33,289][INFO]:  KiCad Schematic Converter: Attribute name 'Footprint' from line 3841 need to be changed to 'FOOTPRINT'
[2026-09-25 17:08:33,289][INFO]:  KiCad Schematic Converter: Attribute name 'Description' from line 3863 need to be changed to 'DESCRIPTION'
[2026-09-25 17:08:33,289][INFO]:  KiCad Schematic Converter: Attribute name 'Footprint' from line 3920 need to be changed to 'FOOTPRINT'
[2026-09-25 17:08:33,289][INFO]:  KiCad Schematic Converter: Attribute name 'Description' from line 3942 need to be changed to 'DESCRIPTION'
[2026-09-25 17:08:33,289][INFO]:  KiCad Schematic Converter: Attribute name 'Description' from line 4101 need to be changed to 'DESCRIPTION'
[2026-09-25 17:08:33,290][INFO]:  KiCad Schematic Converter: Attribute name 'Description' from line 4179 need to be changed to 'DESCRIPTION'
[2026-09-25 17:08:33,290][INFO]:  KiCad Schematic Converter: Attribute name 'Footprint' from line 4236 need to be changed to 'FOOTPRINT'
[2026-09-25 17:08:33,290][INFO]:  KiCad Schematic Converter: Attribute name 'Datasheet' from line 4247 need to be changed to 'DATASHEET'
[2026-09-25 17:08:33,291][INFO]:  KiCad Schematic Converter: Attribute name 'Description' from line 4258 need to be changed to 'DESCRIPTION'
[2026-09-25 17:08:33,291][INFO]:  KiCad Schematic Converter: Attribute name 'Footprint' from line 4446 need to be changed to 'FOOTPRINT'
[2026-09-25 17:08:33,291][INFO]:  KiCad Schematic Converter: Attribute name 'Description' from line 4468 need to be changed to 'DESCRIPTION'
[2026-09-25 17:08:33,292][INFO]:  KiCad Schematic Converter: Attribute name 'Footprint' from line 4604 need to be changed to 'FOOTPRINT'
[2026-09-25 17:08:33,292][INFO]:  KiCad Schematic Converter: Attribute name 'Description' from line 4626 need to be changed to 'DESCRIPTION'
[2026-09-25 17:08:33,292][INFO]:  KiCad Schematic Converter: Attribute name 'Footprint' from line 4762 need to be changed to 'FOOTPRINT'
[2026-09-25 17:08:33,292][INFO]:  KiCad Schematic Converter: Attribute name 'Description' from line 4784 need to be changed to 'DESCRIPTION'
[2026-09-25 17:08:33,292][INFO]:  KiCad Schematic Converter: Attribute name 'Footprint' from line 4840 need to be changed to 'FOOTPRINT'
[2026-09-25 17:08:33,292][INFO]:  KiCad Schematic Converter: Attribute name 'Description' from line 4862 need to be changed to 'DESCRIPTION'
[2026-09-25 17:08:33,293][INFO]:  KiCad Schematic Converter: Attribute name 'Footprint' from line 4918 need to be changed to 'FOOTPRINT'
[2026-09-25 17:08:33,293][INFO]:  KiCad Schematic Converter: Attribute name 'Description' from line 4940 need to be changed to 'DESCRIPTION'
[2026-09-25 17:08:33,293][INFO]:  KiCad Schematic Converter: Attribute name 'Footprint' from line 4996 need to be changed to 'FOOTPRINT'
[2026-09-25 17:08:33,293][INFO]:  KiCad Schematic Converter: Attribute name 'Description' from line 5018 need to be changed to 'DESCRIPTION'
[2026-09-25 17:08:33,293][INFO]:  KiCad Schematic Converter: Attribute name 'Footprint' from line 5075 need to be changed to 'FOOTPRINT'
[2026-09-25 17:08:33,293][INFO]:  KiCad Schematic Converter: Attribute name 'Description' from line 5097 need to be changed to 'DESCRIPTION'
[2026-09-25 17:08:33,294][INFO]:  KiCad Schematic Converter: Attribute name 'Footprint' from line 5234 need to be changed to 'FOOTPRINT'
[2026-09-25 17:08:33,294][INFO]:  KiCad Schematic Converter: Attribute name 'Description' from line 5256 need to be changed to 'DESCRIPTION'
[2026-09-25 17:08:33,294][INFO]:  KiCad Schematic Converter: Attribute name 'Footprint' from line 5393 need to be changed to 'FOOTPRINT'
[2026-09-25 17:08:33,294][INFO]:  KiCad Schematic Converter: Attribute name 'Description' from line 5415 need to be changed to 'DESCRIPTION'
[2026-09-25 17:08:33,295][INFO]:  KiCad Schematic Converter: Attribute name 'Footprint' from line 5473 need to be changed to 'FOOTPRINT'
[2026-09-25 17:08:33,295][INFO]:  KiCad Schematic Converter: Attribute name 'Datasheet' from line 5484 need to be changed to 'DATASHEET'
[2026-09-25 17:08:33,295][INFO]:  KiCad Schematic Converter: Attribute name 'Description' from line 5495 need to be changed to 'DESCRIPTION'
[2026-09-25 17:08:33,296][INFO]:  KiCad Schematic Converter: Attribute name 'Footprint' from line 5671 need to be changed to 'FOOTPRINT'
[2026-09-25 17:08:33,296][INFO]:  KiCad Schematic Converter: Attribute name 'Description' from line 5693 need to be changed to 'DESCRIPTION'
[2026-09-25 17:08:33,296][INFO]:  KiCad Schematic Converter: Attribute name 'Sim.Pins' from line 5704 need to be changed to 'SIM_PINS'
[2026-09-25 17:08:33,297][INFO]:  KiCad Schematic Converter: Attribute name 'Description' from line 5863 need to be changed to 'DESCRIPTION'
[2026-09-25 17:08:33,297][INFO]:  KiCad Schematic Converter: Attribute name 'Description' from line 5942 need to be changed to 'DESCRIPTION'
[2026-09-25 17:08:33,297][INFO]:  KiCad Schematic Converter: Attribute name 'Description' from line 6021 need to be changed to 'DESCRIPTION'
[2026-09-25 17:08:33,298][INFO]:  KiCad Schematic Converter: Attribute name 'Footprint' from line 6077 need to be changed to 'FOOTPRINT'
[2026-09-25 17:08:33,298][INFO]:  KiCad Schematic Converter: Attribute name 'Description' from line 6099 need to be changed to 'DESCRIPTION'
[2026-09-25 17:08:33,298][INFO]:  KiCad Schematic Converter: Attribute name 'Footprint' from line 6156 need to be changed to 'FOOTPRINT'
[2026-09-25 17:08:33,298][INFO]:  KiCad Schematic Converter: Attribute name 'Description' from line 6178 need to be changed to 'DESCRIPTION'
[2026-09-25 17:08:33,299][INFO]:  KiCad Schematic Converter: Attribute name 'Footprint' from line 6315 need to be changed to 'FOOTPRINT'
[2026-09-25 17:08:33,299][INFO]:  KiCad Schematic Converter: Attribute name 'Description' from line 6337 need to be changed to 'DESCRIPTION'
[2026-09-25 17:08:33,299][INFO]:  KiCad Schematic Converter: Attribute name 'Footprint' from line 6473 need to be changed to 'FOOTPRINT'
[2026-09-25 17:08:33,299][INFO]:  KiCad Schematic Converter: Attribute name 'Description' from line 6495 need to be changed to 'DESCRIPTION'
[2026-09-25 17:08:33,300][INFO]:  KiCad Schematic Converter: Attribute name 'Description' from line 6573 need to be changed to 'DESCRIPTION'
[2026-09-25 17:08:33,300][INFO]:  KiCad Schematic Converter: Attribute name 'Footprint' from line 6629 need to be changed to 'FOOTPRINT'
[2026-09-25 17:08:33,300][INFO]:  KiCad Schematic Converter: Attribute name 'Description' from line 6651 need to be changed to 'DESCRIPTION'
[2026-09-25 17:08:33,301][INFO]:  KiCad Schematic Converter: Attribute name 'Footprint' from line 6708 need to be changed to 'FOOTPRINT'
[2026-09-25 17:08:33,301][INFO]:  KiCad Schematic Converter: Attribute name 'Description' from line 6730 need to be changed to 'DESCRIPTION'
[2026-09-25 17:08:33,301][INFO]:  KiCad Schematic Converter: Attribute name 'Footprint' from line 6866 need to be changed to 'FOOTPRINT'
[2026-09-25 17:08:33,301][INFO]:  KiCad Schematic Converter: Attribute name 'Description' from line 6888 need to be changed to 'DESCRIPTION'
[2026-09-25 17:08:33,301][INFO]:  KiCad Schematic Converter: Attribute name 'Footprint' from line 6944 need to be changed to 'FOOTPRINT'
[2026-09-25 17:08:33,301][INFO]:  KiCad Schematic Converter: Attribute name 'Datasheet' from line 6957 need to be changed to 'DATASHEET'
[2026-09-25 17:08:33,301][INFO]:  KiCad Schematic Converter: Attribute name 'Description' from line 6969 need to be changed to 'DESCRIPTION'
[2026-09-25 17:08:33,302][INFO]:  KiCad Schematic Converter: Attribute name 'Footprint' from line 7041 need to be changed to 'FOOTPRINT'
[2026-09-25 17:08:33,302][INFO]:  KiCad Schematic Converter: Attribute name 'Description' from line 7063 need to be changed to 'DESCRIPTION'
[2026-09-25 17:08:33,302][INFO]:  KiCad Schematic Converter: Attribute name 'Footprint' from line 7121 need to be changed to 'FOOTPRINT'
[2026-09-25 17:08:33,302][INFO]:  KiCad Schematic Converter: Attribute name 'Description' from line 7143 need to be changed to 'DESCRIPTION'
[2026-09-25 17:08:33,303][INFO]:  KiCad Schematic Converter: Attribute name 'Footprint' from line 7280 need to be changed to 'FOOTPRINT'
[2026-09-25 17:08:33,303][INFO]:  KiCad Schematic Converter: Attribute name 'Description' from line 7302 need to be changed to 'DESCRIPTION'
[2026-09-25 17:08:33,303][INFO]:  KiCad Schematic Converter: Attribute name 'Description' from line 7461 need to be changed to 'DESCRIPTION'
[2026-09-25 17:08:33,303][INFO]:  Finished processing document: 'C:/Users/willi/KiCad/projects/EPICS_Connect4/PCB/esp32.kicad_sch'
[2026-09-25 17:08:33,303][INFO]:  Reading document: motor.kicad_sch
[2026-09-25 17:08:33,303][WARN]:  KiCad Schematic Reader: Unsupported keyword: 'in_pos_files' of parentNode 'symbol' at line: 18
[2026-09-25 17:08:33,303][WARN]:  KiCad Schematic Reader: Unsupported keyword: 'duplicate_pin_numbers_are_jumpers' of parentNode 'symbol' at line: 19
[2026-09-25 17:08:33,304][WARN]:  KiCad Schematic Reader: Unsupported keyword: 'in_pos_files' of parentNode 'symbol' at line: 466
[2026-09-25 17:08:33,304][WARN]:  KiCad Schematic Reader: Unsupported keyword: 'duplicate_pin_numbers_are_jumpers' of parentNode 'symbol' at line: 467
[2026-09-25 17:08:33,304][WARN]:  KiCad Schematic Reader: Unsupported keyword: 'in_pos_files' of parentNode 'symbol' at line: 644
[2026-09-25 17:08:33,304][WARN]:  KiCad Schematic Reader: Unsupported keyword: 'duplicate_pin_numbers_are_jumpers' of parentNode 'symbol' at line: 645
[2026-09-25 17:08:33,304][WARN]:  KiCad Schematic Reader: Unsupported keyword: 'in_pos_files' of parentNode 'symbol' at line: 801
[2026-09-25 17:08:33,304][WARN]:  KiCad Schematic Reader: Unsupported keyword: 'duplicate_pin_numbers_are_jumpers' of parentNode 'symbol' at line: 802
[2026-09-25 17:08:33,304][WARN]:  KiCad Schematic Reader: Unsupported keyword: 'in_pos_files' of parentNode 'symbol' at line: 940
[2026-09-25 17:08:33,304][WARN]:  KiCad Schematic Reader: Unsupported keyword: 'duplicate_pin_numbers_are_jumpers' of parentNode 'symbol' at line: 941
[2026-09-25 17:08:33,304][WARN]:  KiCad Schematic Reader: Unsupported keyword: 'body_style' of parentNode 'symbol' at line: 1618
[2026-09-25 17:08:33,304][WARN]:  KiCad Schematic Reader: Unsupported keyword: 'in_pos_files' of parentNode 'symbol' at line: 1622
[2026-09-25 17:08:33,304][WARN]:  KiCad Schematic Reader: Unsupported keyword: 'body_style' of parentNode 'symbol' at line: 1695
[2026-09-25 17:08:33,304][WARN]:  KiCad Schematic Reader: Unsupported keyword: 'in_pos_files' of parentNode 'symbol' at line: 1699
[2026-09-25 17:08:33,304][WARN]:  KiCad Schematic Reader: Unsupported keyword: 'body_style' of parentNode 'symbol' at line: 1774
[2026-09-25 17:08:33,304][WARN]:  KiCad Schematic Reader: Unsupported keyword: 'in_pos_files' of parentNode 'symbol' at line: 1778
[2026-09-25 17:08:33,304][WARN]:  KiCad Schematic Reader: Unsupported keyword: 'body_style' of parentNode 'symbol' at line: 1851
[2026-09-25 17:08:33,304][WARN]:  KiCad Schematic Reader: Unsupported keyword: 'in_pos_files' of parentNode 'symbol' at line: 1855
[2026-09-25 17:08:33,304][WARN]:  KiCad Schematic Reader: Unsupported keyword: 'body_style' of parentNode 'symbol' at line: 1928
[2026-09-25 17:08:33,304][WARN]:  KiCad Schematic Reader: Unsupported keyword: 'in_pos_files' of parentNode 'symbol' at line: 1932
[2026-09-25 17:08:33,304][WARN]:  KiCad Schematic Reader: Unsupported keyword: 'body_style' of parentNode 'symbol' at line: 2008
[2026-09-25 17:08:33,304][WARN]:  KiCad Schematic Reader: Unsupported keyword: 'in_pos_files' of parentNode 'symbol' at line: 2012
[2026-09-25 17:08:33,304][WARN]:  KiCad Schematic Reader: Unsupported keyword: 'body_style' of parentNode 'symbol' at line: 2087
[2026-09-25 17:08:33,304][WARN]:  KiCad Schematic Reader: Unsupported keyword: 'in_pos_files' of parentNode 'symbol' at line: 2091
[2026-09-25 17:08:33,304][WARN]:  KiCad Schematic Reader: Unsupported keyword: 'body_style' of parentNode 'symbol' at line: 2218
[2026-09-25 17:08:33,304][WARN]:  KiCad Schematic Reader: Unsupported keyword: 'in_pos_files' of parentNode 'symbol' at line: 2222
[2026-09-25 17:08:33,304][WARN]:  KiCad Schematic Reader: Unsupported keyword: 'body_style' of parentNode 'symbol' at line: 2295
[2026-09-25 17:08:33,304][WARN]:  KiCad Schematic Reader: Unsupported keyword: 'in_pos_files' of parentNode 'symbol' at line: 2299
[2026-09-25 17:08:33,304][WARN]:  KiCad Schematic Reader: Unsupported keyword: 'body_style' of parentNode 'symbol' at line: 2374
[2026-09-25 17:08:33,304][WARN]:  KiCad Schematic Reader: Unsupported keyword: 'in_pos_files' of parentNode 'symbol' at line: 2378
[2026-09-25 17:08:33,304][INFO]:  Converting document: 'C:/Users/willi/KiCad/projects/EPICS_Connect4/PCB/motor.kicad_sch'
[2026-09-25 17:08:33,304][INFO]:  KiCad Symbol Converter: Converting KiCad symbol: 'Connect4_Library:TMC2209_Stepstick'
[2026-09-25 17:08:33,304][INFO]:  KiCad Symbol Converter: Generating DeviceSet: 'TMC2209_Stepstick'
[2026-09-25 17:08:33,304][INFO]:  KiCad Symbol Converter: Symbol pin 'PDN' at line '164' was renamed to 'PDN@1' because of name duplication
[2026-09-25 17:08:33,304][INFO]:  KiCad Symbol Converter: Symbol pin 'PDN' at line '182' was renamed to 'PDN@2' because of name duplication
[2026-09-25 17:08:33,304][INFO]:  KiCad Symbol Converter: Symbol pin 'GND' at line '272' was renamed to 'GND@1' because of name duplication
[2026-09-25 17:08:33,304][INFO]:  KiCad Symbol Converter: Symbol pin 'GND' at line '380' was renamed to 'GND@2' because of name duplication
[2026-09-25 17:08:33,305][INFO]:  KiCad Symbol Converter: Generating DeviceSet: 'TMC2209_STEPSTICK' finished successfully
[2026-09-25 17:08:33,305][INFO]:  KiCad Symbol Converter: Converting KiCad symbol: 'Connect4_Library:TMC2209_Stepstick' finished successfully
[2026-09-25 17:08:33,305][INFO]:  KiCad Symbol Converter: Converting KiCad symbol: 'Device:C_Polarized_Small'
[2026-09-25 17:08:33,305][INFO]:  KiCad Symbol Converter: Generating DeviceSet: 'C_Polarized_Small'
[2026-09-25 17:08:33,305][INFO]:  KiCad Symbol Converter: Symbol pin '' at line '594' was renamed to '@1' because of name duplication
[2026-09-25 17:08:33,305][INFO]:  KiCad Symbol Converter: Symbol pin '' at line '612' was renamed to '@2' because of name duplication
[2026-09-25 17:08:33,305][INFO]:  KiCad Symbol Converter: Generating DeviceSet: 'C_POLARIZED_SMALL' finished successfully
[2026-09-25 17:08:33,305][INFO]:  KiCad Symbol Converter: Converting KiCad symbol: 'Device:C_Polarized_Small' finished successfully
[2026-09-25 17:08:33,305][INFO]:  KiCad Symbol Converter: Converting KiCad symbol: 'Device:C_Small'
[2026-09-25 17:08:33,305][INFO]:  KiCad Symbol Converter: Generating DeviceSet: 'C_Small'
[2026-09-25 17:08:33,305][INFO]:  KiCad Symbol Converter: Generating DeviceSet: 'C_SMALL' finished successfully
[2026-09-25 17:08:33,305][INFO]:  KiCad Symbol Converter: Converting KiCad symbol: 'Device:C_Small' finished successfully
[2026-09-25 17:08:33,305][INFO]:  KiCad Symbol Converter: Converting KiCad symbol: 'power:+3V3'
[2026-09-25 17:08:33,305][INFO]:  KiCad Symbol Converter: Generating DeviceSet: '+3V3'
[2026-09-25 17:08:33,305][INFO]:  KiCad Symbol Converter: Generating DeviceSet: '+3V3' finished successfully
[2026-09-25 17:08:33,305][INFO]:  KiCad Symbol Converter: Converting KiCad symbol: 'power:+3V3' finished successfully
[2026-09-25 17:08:33,305][INFO]:  KiCad Symbol Converter: Converting KiCad symbol: 'power:GND'
[2026-09-25 17:08:33,305][INFO]:  KiCad Symbol Converter: Generating DeviceSet: 'GND'
[2026-09-25 17:08:33,305][INFO]:  KiCad Symbol Converter: Generating DeviceSet: 'GND' finished successfully
[2026-09-25 17:08:33,305][INFO]:  KiCad Symbol Converter: Converting KiCad symbol: 'power:GND' finished successfully
[2026-09-25 17:08:33,305][INFO]:  Converted 5 schematic symbols
[2026-09-25 17:08:33,341][INFO]:  KiCad Schematic Converter: Attribute name 'Footprint' from line 1646 need to be changed to 'FOOTPRINT'
[2026-09-25 17:08:33,341][INFO]:  KiCad Schematic Converter: Attribute name 'Description' from line 1668 need to be changed to 'DESCRIPTION'
[2026-09-25 17:08:33,341][INFO]:  KiCad Schematic Converter: Attribute name 'Footprint' from line 1722 need to be changed to 'FOOTPRINT'
[2026-09-25 17:08:33,341][INFO]:  KiCad Schematic Converter: Attribute name 'Description' from line 1744 need to be changed to 'DESCRIPTION'
[2026-09-25 17:08:33,342][INFO]:  KiCad Schematic Converter: Attribute name 'Footprint' from line 1802 need to be changed to 'FOOTPRINT'
[2026-09-25 17:08:33,342][INFO]:  KiCad Schematic Converter: Attribute name 'Description' from line 1824 need to be changed to 'DESCRIPTION'
[2026-09-25 17:08:33,342][INFO]:  KiCad Schematic Converter: Attribute name 'Footprint' from line 1879 need to be changed to 'FOOTPRINT'
[2026-09-25 17:08:33,342][INFO]:  KiCad Schematic Converter: Attribute name 'Description' from line 1901 need to be changed to 'DESCRIPTION'
[2026-09-25 17:08:33,342][INFO]:  KiCad Schematic Converter: Attribute name 'Footprint' from line 1956 need to be changed to 'FOOTPRINT'
[2026-09-25 17:08:33,342][INFO]:  KiCad Schematic Converter: Attribute name 'Description' from line 1978 need to be changed to 'DESCRIPTION'
[2026-09-25 17:08:33,343][INFO]:  KiCad Schematic Converter: Attribute name 'Footprint' from line 2038 need to be changed to 'FOOTPRINT'
[2026-09-25 17:08:33,343][INFO]:  KiCad Schematic Converter: Attribute name 'Description' from line 2060 need to be changed to 'DESCRIPTION'
[2026-09-25 17:08:33,343][INFO]:  KiCad Schematic Converter: Attribute name 'Footprint' from line 2115 need to be changed to 'FOOTPRINT'
[2026-09-25 17:08:33,344][INFO]:  KiCad Schematic Converter: Attribute name 'Footprint' from line 2246 need to be changed to 'FOOTPRINT'
[2026-09-25 17:08:33,344][INFO]:  KiCad Schematic Converter: Attribute name 'Description' from line 2268 need to be changed to 'DESCRIPTION'
[2026-09-25 17:08:33,344][INFO]:  KiCad Schematic Converter: Attribute name 'Footprint' from line 2324 need to be changed to 'FOOTPRINT'
[2026-09-25 17:08:33,344][INFO]:  KiCad Schematic Converter: Attribute name 'Description' from line 2346 need to be changed to 'DESCRIPTION'
[2026-09-25 17:08:33,344][INFO]:  KiCad Schematic Converter: Attribute name 'Footprint' from line 2402 need to be changed to 'FOOTPRINT'
[2026-09-25 17:08:33,344][INFO]:  KiCad Schematic Converter: Attribute name 'Description' from line 2424 need to be changed to 'DESCRIPTION'
[2026-09-25 17:08:33,410][INFO]:  Finished processing document: 'C:/Users/willi/KiCad/projects/EPICS_Connect4/PCB/motor.kicad_sch'
[2026-09-25 17:08:33,410][INFO]:  Reading document: power.kicad_sch
[2026-09-25 17:08:33,410][WARN]:  KiCad Schematic Reader: Unsupported keyword: 'in_pos_files' of parentNode 'symbol' at line: 21
[2026-09-25 17:08:33,410][WARN]:  KiCad Schematic Reader: Unsupported keyword: 'duplicate_pin_numbers_are_jumpers' of parentNode 'symbol' at line: 22
[2026-09-25 17:08:33,410][WARN]:  KiCad Schematic Reader: Unsupported keyword: 'in_pos_files' of parentNode 'symbol' at line: 219
[2026-09-25 17:08:33,410][WARN]:  KiCad Schematic Reader: Unsupported keyword: 'duplicate_pin_numbers_are_jumpers' of parentNode 'symbol' at line: 220
[2026-09-25 17:08:33,410][WARN]:  KiCad Schematic Reader: Unsupported keyword: 'in_pos_files' of parentNode 'symbol' at line: 375
[2026-09-25 17:08:33,410][WARN]:  KiCad Schematic Reader: Unsupported keyword: 'duplicate_pin_numbers_are_jumpers' of parentNode 'symbol' at line: 376
[2026-09-25 17:08:33,410][WARN]:  KiCad Schematic Reader: Unsupported keyword: 'in_pos_files' of parentNode 'symbol' at line: 553
[2026-09-25 17:08:33,410][WARN]:  KiCad Schematic Reader: Unsupported keyword: 'duplicate_pin_numbers_are_jumpers' of parentNode 'symbol' at line: 554
[2026-09-25 17:08:33,410][WARN]:  KiCad Schematic Reader: Unsupported keyword: 'in_pos_files' of parentNode 'symbol' at line: 687
[2026-09-25 17:08:33,410][WARN]:  KiCad Schematic Reader: Unsupported keyword: 'duplicate_pin_numbers_are_jumpers' of parentNode 'symbol' at line: 688
[2026-09-25 17:08:33,410][WARN]:  KiCad Schematic Reader: Unsupported keyword: 'in_pos_files' of parentNode 'symbol' at line: 904
[2026-09-25 17:08:33,410][WARN]:  KiCad Schematic Reader: Unsupported keyword: 'duplicate_pin_numbers_are_jumpers' of parentNode 'symbol' at line: 905
[2026-09-25 17:08:33,410][WARN]:  KiCad Schematic Reader: Unsupported keyword: 'in_pos_files' of parentNode 'symbol' at line: 1043
[2026-09-25 17:08:33,410][WARN]:  KiCad Schematic Reader: Unsupported keyword: 'duplicate_pin_numbers_are_jumpers' of parentNode 'symbol' at line: 1044
[2026-09-25 17:08:33,410][WARN]:  KiCad Schematic Reader: Unsupported keyword: 'uuid' of parentNode 'rectangle' at line: 1157
[2026-09-25 17:08:33,410][WARN]:  KiCad Schematic Reader: Unsupported keyword: 'uuid' of parentNode 'rectangle' at line: 1169
[2026-09-25 17:08:33,410][WARN]:  KiCad Schematic Reader: Unsupported keyword: 'body_style' of parentNode 'symbol' at line: 1537
[2026-09-25 17:08:33,410][WARN]:  KiCad Schematic Reader: Unsupported keyword: 'in_pos_files' of parentNode 'symbol' at line: 1541
[2026-09-25 17:08:33,410][WARN]:  KiCad Schematic Reader: Unsupported keyword: 'body_style' of parentNode 'symbol' at line: 1695
[2026-09-25 17:08:33,410][WARN]:  KiCad Schematic Reader: Unsupported keyword: 'in_pos_files' of parentNode 'symbol' at line: 1699
[2026-09-25 17:08:33,410][WARN]:  KiCad Schematic Reader: Unsupported keyword: 'body_style' of parentNode 'symbol' at line: 1773
[2026-09-25 17:08:33,410][WARN]:  KiCad Schematic Reader: Unsupported keyword: 'in_pos_files' of parentNode 'symbol' at line: 1777
[2026-09-25 17:08:33,410][WARN]:  KiCad Schematic Reader: Unsupported keyword: 'body_style' of parentNode 'symbol' at line: 1851
[2026-09-25 17:08:33,410][WARN]:  KiCad Schematic Reader: Unsupported keyword: 'in_pos_files' of parentNode 'symbol' at line: 1855
[2026-09-25 17:08:33,410][WARN]:  KiCad Schematic Reader: Unsupported keyword: 'body_style' of parentNode 'symbol' at line: 2011
[2026-09-25 17:08:33,410][WARN]:  KiCad Schematic Reader: Unsupported keyword: 'in_pos_files' of parentNode 'symbol' at line: 2015
[2026-09-25 17:08:33,410][WARN]:  KiCad Schematic Reader: Unsupported keyword: 'body_style' of parentNode 'symbol' at line: 2169
[2026-09-25 17:08:33,410][WARN]:  KiCad Schematic Reader: Unsupported keyword: 'in_pos_files' of parentNode 'symbol' at line: 2173
[2026-09-25 17:08:33,410][WARN]:  KiCad Schematic Reader: Unsupported keyword: 'body_style' of parentNode 'symbol' at line: 2335
[2026-09-25 17:08:33,410][WARN]:  KiCad Schematic Reader: Unsupported keyword: 'in_pos_files' of parentNode 'symbol' at line: 2339
[2026-09-25 17:08:33,410][WARN]:  KiCad Schematic Reader: Unsupported keyword: 'body_style' of parentNode 'symbol' at line: 2414
[2026-09-25 17:08:33,410][WARN]:  KiCad Schematic Reader: Unsupported keyword: 'in_pos_files' of parentNode 'symbol' at line: 2418
[2026-09-25 17:08:33,411][WARN]:  KiCad Schematic Reader: Unsupported keyword: 'body_style' of parentNode 'symbol' at line: 2573
[2026-09-25 17:08:33,411][WARN]:  KiCad Schematic Reader: Unsupported keyword: 'in_pos_files' of parentNode 'symbol' at line: 2577
[2026-09-25 17:08:33,411][WARN]:  KiCad Schematic Reader: Unsupported keyword: 'body_style' of parentNode 'symbol' at line: 2732
[2026-09-25 17:08:33,411][WARN]:  KiCad Schematic Reader: Unsupported keyword: 'in_pos_files' of parentNode 'symbol' at line: 2736
[2026-09-25 17:08:33,411][WARN]:  KiCad Schematic Reader: Unsupported keyword: 'body_style' of parentNode 'symbol' at line: 2912
[2026-09-25 17:08:33,411][WARN]:  KiCad Schematic Reader: Unsupported keyword: 'in_pos_files' of parentNode 'symbol' at line: 2916
[2026-09-25 17:08:33,411][WARN]:  KiCad Schematic Reader: Unsupported keyword: 'body_style' of parentNode 'symbol' at line: 3069
[2026-09-25 17:08:33,411][WARN]:  KiCad Schematic Reader: Unsupported keyword: 'in_pos_files' of parentNode 'symbol' at line: 3073
[2026-09-25 17:08:33,411][WARN]:  KiCad Schematic Reader: Unsupported keyword: 'body_style' of parentNode 'symbol' at line: 3229
[2026-09-25 17:08:33,411][WARN]:  KiCad Schematic Reader: Unsupported keyword: 'in_pos_files' of parentNode 'symbol' at line: 3233
[2026-09-25 17:08:33,411][WARN]:  KiCad Schematic Reader: Unsupported keyword: 'body_style' of parentNode 'symbol' at line: 3387
[2026-09-25 17:08:33,411][WARN]:  KiCad Schematic Reader: Unsupported keyword: 'in_pos_files' of parentNode 'symbol' at line: 3391
[2026-09-25 17:08:33,411][WARN]:  KiCad Schematic Reader: Unsupported keyword: 'body_style' of parentNode 'symbol' at line: 3465
[2026-09-25 17:08:33,411][WARN]:  KiCad Schematic Reader: Unsupported keyword: 'in_pos_files' of parentNode 'symbol' at line: 3469
[2026-09-25 17:08:33,411][WARN]:  KiCad Schematic Reader: Unsupported keyword: 'body_style' of parentNode 'symbol' at line: 3543
[2026-09-25 17:08:33,411][WARN]:  KiCad Schematic Reader: Unsupported keyword: 'in_pos_files' of parentNode 'symbol' at line: 3547
[2026-09-25 17:08:33,411][WARN]:  KiCad Schematic Reader: Unsupported keyword: 'body_style' of parentNode 'symbol' at line: 3621
[2026-09-25 17:08:33,411][WARN]:  KiCad Schematic Reader: Unsupported keyword: 'in_pos_files' of parentNode 'symbol' at line: 3625
[2026-09-25 17:08:33,411][WARN]:  KiCad Schematic Reader: Unsupported keyword: 'body_style' of parentNode 'symbol' at line: 3778
[2026-09-25 17:08:33,411][WARN]:  KiCad Schematic Reader: Unsupported keyword: 'in_pos_files' of parentNode 'symbol' at line: 3782
[2026-09-25 17:08:33,411][WARN]:  KiCad Schematic Reader: Unsupported keyword: 'body_style' of parentNode 'symbol' at line: 3857
[2026-09-25 17:08:33,411][WARN]:  KiCad Schematic Reader: Unsupported keyword: 'in_pos_files' of parentNode 'symbol' at line: 3861
[2026-09-25 17:08:33,411][WARN]:  KiCad Schematic Reader: Unsupported keyword: 'body_style' of parentNode 'symbol' at line: 4015
[2026-09-25 17:08:33,411][WARN]:  KiCad Schematic Reader: Unsupported keyword: 'in_pos_files' of parentNode 'symbol' at line: 4019
[2026-09-25 17:08:33,411][WARN]:  KiCad Schematic Reader: Unsupported keyword: 'body_style' of parentNode 'symbol' at line: 4093
[2026-09-25 17:08:33,411][WARN]:  KiCad Schematic Reader: Unsupported keyword: 'in_pos_files' of parentNode 'symbol' at line: 4097
[2026-09-25 17:08:33,411][WARN]:  KiCad Schematic Reader: Unsupported keyword: 'body_style' of parentNode 'symbol' at line: 4252
[2026-09-25 17:08:33,411][WARN]:  KiCad Schematic Reader: Unsupported keyword: 'in_pos_files' of parentNode 'symbol' at line: 4256
[2026-09-25 17:08:33,411][WARN]:  KiCad Schematic Reader: Unsupported keyword: 'body_style' of parentNode 'symbol' at line: 4330
[2026-09-25 17:08:33,411][WARN]:  KiCad Schematic Reader: Unsupported keyword: 'in_pos_files' of parentNode 'symbol' at line: 4334
[2026-09-25 17:08:33,411][INFO]:  Converting document: 'C:/Users/willi/KiCad/projects/EPICS_Connect4/PCB/power.kicad_sch'
[2026-09-25 17:08:33,411][INFO]:  KiCad Symbol Converter: Converting KiCad symbol: 'Connect4_Library:AP2205-5'
[2026-09-25 17:08:33,411][INFO]:  KiCad Symbol Converter: Generating DeviceSet: 'AP2205-5'
[2026-09-25 17:08:33,412][INFO]:  KiCad Symbol Converter: Generating DeviceSet: 'AP2205-5' finished successfully
[2026-09-25 17:08:33,412][INFO]:  KiCad Symbol Converter: Converting KiCad symbol: 'Connect4_Library:AP2205-5' finished successfully
[2026-09-25 17:08:33,412][INFO]:  KiCad Symbol Converter: Converting KiCad symbol: 'Device:C_Small'
[2026-09-25 17:08:33,412][INFO]:  KiCad Symbol Converter: Generating DeviceSet: 'C_Small'
[2026-09-25 17:08:33,412][INFO]:  KiCad Symbol Converter: Generating DeviceSet: 'C_SMALL' finished successfully
[2026-09-25 17:08:33,412][INFO]:  KiCad Symbol Converter: Converting KiCad symbol: 'Device:C_Small' finished successfully
[2026-09-25 17:08:33,412][INFO]:  KiCad Symbol Converter: Converting KiCad symbol: 'Device:L'
[2026-09-25 17:08:33,412][INFO]:  KiCad Symbol Converter: Generating DeviceSet: 'L'
[2026-09-25 17:08:33,412][INFO]:  KiCad Symbol Converter: Generating DeviceSet: 'L' finished successfully
[2026-09-25 17:08:33,412][INFO]:  KiCad Symbol Converter: Converting KiCad symbol: 'Device:L' finished successfully
[2026-09-25 17:08:33,412][INFO]:  KiCad Symbol Converter: Converting KiCad symbol: 'Device:R_Small'
[2026-09-25 17:08:33,412][INFO]:  KiCad Symbol Converter: Generating DeviceSet: 'R_Small'
[2026-09-25 17:08:33,412][INFO]:  KiCad Symbol Converter: Generating DeviceSet: 'R_SMALL' finished successfully
[2026-09-25 17:08:33,412][INFO]:  KiCad Symbol Converter: Converting KiCad symbol: 'Device:R_Small' finished successfully
[2026-09-25 17:08:33,412][INFO]:  KiCad Symbol Converter: Converting KiCad symbol: 'Regulator_Switching:TPS54202DDC'
[2026-09-25 17:08:33,412][INFO]:  KiCad Symbol Converter: Generating DeviceSet: 'TPS54202DDC'
[2026-09-25 17:08:33,413][INFO]:  KiCad Symbol Converter: Generating DeviceSet: 'TPS54202DDC' finished successfully
[2026-09-25 17:08:33,413][INFO]:  KiCad Symbol Converter: Converting KiCad symbol: 'Regulator_Switching:TPS54202DDC' finished successfully
[2026-09-25 17:08:33,413][INFO]:  KiCad Symbol Converter: Converting KiCad symbol: 'power:+12V'
[2026-09-25 17:08:33,413][INFO]:  KiCad Symbol Converter: Generating DeviceSet: '+12V'
[2026-09-25 17:08:33,413][INFO]:  KiCad Symbol Converter: Generating DeviceSet: '+12V' finished successfully
[2026-09-25 17:08:33,413][INFO]:  KiCad Symbol Converter: Converting KiCad symbol: 'power:+12V' finished successfully
[2026-09-25 17:08:33,413][INFO]:  KiCad Symbol Converter: Converting KiCad symbol: 'power:GND'
[2026-09-25 17:08:33,413][INFO]:  KiCad Symbol Converter: Generating DeviceSet: 'GND'
[2026-09-25 17:08:33,413][INFO]:  KiCad Symbol Converter: Generating DeviceSet: 'GND' finished successfully
[2026-09-25 17:08:33,413][INFO]:  KiCad Symbol Converter: Converting KiCad symbol: 'power:GND' finished successfully
[2026-09-25 17:08:33,413][INFO]:  Converted 7 schematic symbols
[2026-09-25 17:08:33,429][INFO]:  KiCad Schematic Converter: Attribute name 'Footprint' from line 1566 need to be changed to 'FOOTPRINT'
[2026-09-25 17:08:33,429][INFO]:  KiCad Schematic Converter: Attribute name 'Description' from line 1588 need to be changed to 'DESCRIPTION'
[2026-09-25 17:08:33,430][INFO]:  KiCad Schematic Converter: Attribute name 'Description' from line 1746 need to be changed to 'DESCRIPTION'
[2026-09-25 17:08:33,430][INFO]:  KiCad Schematic Converter: Attribute name 'Description' from line 1824 need to be changed to 'DESCRIPTION'
[2026-09-25 17:08:33,430][INFO]:  KiCad Schematic Converter: Attribute name 'Footprint' from line 1881 need to be changed to 'FOOTPRINT'
[2026-09-25 17:08:33,430][INFO]:  KiCad Schematic Converter: Attribute name 'Description' from line 1903 need to be changed to 'DESCRIPTION'
[2026-09-25 17:08:33,432][INFO]:  KiCad Schematic Converter: Attribute name 'Footprint' from line 2040 need to be changed to 'FOOTPRINT'
[2026-09-25 17:08:33,432][INFO]:  KiCad Schematic Converter: Attribute name 'Description' from line 2062 need to be changed to 'DESCRIPTION'
[2026-09-25 17:08:33,432][INFO]:  KiCad Schematic Converter: Attribute name 'Footprint' from line 2197 need to be changed to 'FOOTPRINT'
[2026-09-25 17:08:33,432][INFO]:  KiCad Schematic Converter: Attribute name 'Datasheet' from line 2208 need to be changed to 'DATASHEET'
[2026-09-25 17:08:33,432][INFO]:  KiCad Schematic Converter: Attribute name 'Description' from line 2219 need to be changed to 'DESCRIPTION'
[2026-09-25 17:08:33,432][INFO]:  KiCad Schematic Converter: Attribute name 'Footprint' from line 2365 need to be changed to 'FOOTPRINT'
[2026-09-25 17:08:33,432][INFO]:  KiCad Schematic Converter: Attribute name 'Description' from line 2387 need to be changed to 'DESCRIPTION'
[2026-09-25 17:08:33,432][INFO]:  KiCad Schematic Converter: Attribute name 'Footprint' from line 2444 need to be changed to 'FOOTPRINT'
[2026-09-25 17:08:33,432][INFO]:  KiCad Schematic Converter: Attribute name 'Description' from line 2466 need to be changed to 'DESCRIPTION'
[2026-09-25 17:08:33,432][INFO]:  KiCad Schematic Converter: Attribute name 'Footprint' from line 2603 need to be changed to 'FOOTPRINT'
[2026-09-25 17:08:33,432][INFO]:  KiCad Schematic Converter: Attribute name 'Description' from line 2625 need to be changed to 'DESCRIPTION'
[2026-09-25 17:08:33,434][INFO]:  KiCad Schematic Converter: Attribute name 'Footprint' from line 2759 need to be changed to 'FOOTPRINT'
[2026-09-25 17:08:33,434][INFO]:  KiCad Schematic Converter: Attribute name 'Datasheet' from line 2771 need to be changed to 'DATASHEET'
[2026-09-25 17:08:33,434][INFO]:  KiCad Schematic Converter: Attribute name 'Description' from line 2782 need to be changed to 'DESCRIPTION'
[2026-09-25 17:08:33,434][INFO]:  KiCad Schematic Converter: Attribute name 'Field5' from line 2793 need to be changed to 'FIELD5'
[2026-09-25 17:08:33,434][WARN]:  KiCad Schematic Converter: Generating net stub for unconnected implicit pin 'GND' of part 'U1' connected to net 'GND'
[2026-09-25 17:08:33,434][INFO]:  KiCad Schematic Converter: Attribute name 'Footprint' from line 2940 need to be changed to 'FOOTPRINT'
[2026-09-25 17:08:33,434][INFO]:  KiCad Schematic Converter: Attribute name 'Description' from line 2962 need to be changed to 'DESCRIPTION'
[2026-09-25 17:08:33,434][INFO]:  KiCad Schematic Converter: Attribute name 'Footprint' from line 3099 need to be changed to 'FOOTPRINT'
[2026-09-25 17:08:33,434][INFO]:  KiCad Schematic Converter: Attribute name 'Description' from line 3121 need to be changed to 'DESCRIPTION'
[2026-09-25 17:08:33,434][INFO]:  KiCad Schematic Converter: Attribute name 'Footprint' from line 3258 need to be changed to 'FOOTPRINT'
[2026-09-25 17:08:33,434][INFO]:  KiCad Schematic Converter: Attribute name 'Description' from line 3280 need to be changed to 'DESCRIPTION'
[2026-09-25 17:08:33,436][INFO]:  KiCad Schematic Converter: Attribute name 'Description' from line 3438 need to be changed to 'DESCRIPTION'
[2026-09-25 17:08:33,436][INFO]:  KiCad Schematic Converter: Attribute name 'Footprint' from line 3494 need to be changed to 'FOOTPRINT'
[2026-09-25 17:08:33,436][INFO]:  KiCad Schematic Converter: Attribute name 'Description' from line 3516 need to be changed to 'DESCRIPTION'
[2026-09-25 17:08:33,436][INFO]:  KiCad Schematic Converter: Attribute name 'Description' from line 3594 need to be changed to 'DESCRIPTION'
[2026-09-25 17:08:33,436][INFO]:  KiCad Schematic Converter: Attribute name 'Footprint' from line 3649 need to be changed to 'FOOTPRINT'
[2026-09-25 17:08:33,436][INFO]:  KiCad Schematic Converter: Attribute name 'Description' from line 3671 need to be changed to 'DESCRIPTION'
[2026-09-25 17:08:33,436][INFO]:  KiCad Schematic Converter: Attribute name 'Description' from line 3829 need to be changed to 'DESCRIPTION'
[2026-09-25 17:08:33,436][INFO]:  KiCad Schematic Converter: Attribute name 'Footprint' from line 3886 need to be changed to 'FOOTPRINT'
[2026-09-25 17:08:33,436][INFO]:  KiCad Schematic Converter: Attribute name 'Description' from line 3908 need to be changed to 'DESCRIPTION'
[2026-09-25 17:08:33,437][INFO]:  KiCad Schematic Converter: Attribute name 'Footprint' from line 4044 need to be changed to 'FOOTPRINT'
[2026-09-25 17:08:33,437][INFO]:  KiCad Schematic Converter: Attribute name 'Description' from line 4066 need to be changed to 'DESCRIPTION'
[2026-09-25 17:08:33,437][INFO]:  KiCad Schematic Converter: Attribute name 'Footprint' from line 4123 need to be changed to 'FOOTPRINT'
[2026-09-25 17:08:33,437][INFO]:  KiCad Schematic Converter: Attribute name 'Description' from line 4145 need to be changed to 'DESCRIPTION'
[2026-09-25 17:08:33,437][INFO]:  KiCad Schematic Converter: Attribute name 'Description' from line 4303 need to be changed to 'DESCRIPTION'
[2026-09-25 17:08:33,438][INFO]:  KiCad Schematic Converter: Attribute name 'Description' from line 4381 need to be changed to 'DESCRIPTION'
[2026-09-25 17:08:33,438][INFO]:  Finished processing document: 'C:/Users/willi/KiCad/projects/EPICS_Connect4/PCB/power.kicad_sch'
[2026-09-25 17:08:33,438][INFO]:  Reading document: stm32.kicad_sch
[2026-09-25 17:08:33,438][WARN]:  KiCad Schematic Reader: Unsupported keyword: 'in_pos_files' of parentNode 'symbol' at line: 21
[2026-09-25 17:08:33,438][WARN]:  KiCad Schematic Reader: Unsupported keyword: 'duplicate_pin_numbers_are_jumpers' of parentNode 'symbol' at line: 22
[2026-09-25 17:08:33,438][WARN]:  KiCad Schematic Reader: Unsupported keyword: 'in_pos_files' of parentNode 'symbol' at line: 188
[2026-09-25 17:08:33,438][WARN]:  KiCad Schematic Reader: Unsupported keyword: 'duplicate_pin_numbers_are_jumpers' of parentNode 'symbol' at line: 189
[2026-09-25 17:08:33,438][WARN]:  KiCad Schematic Reader: Unsupported keyword: 'in_pos_files' of parentNode 'symbol' at line: 498
[2026-09-25 17:08:33,438][WARN]:  KiCad Schematic Reader: Unsupported keyword: 'duplicate_pin_numbers_are_jumpers' of parentNode 'symbol' at line: 499
[2026-09-25 17:08:33,438][WARN]:  KiCad Schematic Reader: Unsupported keyword: 'in_pos_files' of parentNode 'symbol' at line: 621
[2026-09-25 17:08:33,438][WARN]:  KiCad Schematic Reader: Unsupported keyword: 'duplicate_pin_numbers_are_jumpers' of parentNode 'symbol' at line: 622
[2026-09-25 17:08:33,438][WARN]:  KiCad Schematic Reader: Unsupported keyword: 'in_pos_files' of parentNode 'symbol' at line: 777
[2026-09-25 17:08:33,438][WARN]:  KiCad Schematic Reader: Unsupported keyword: 'duplicate_pin_numbers_are_jumpers' of parentNode 'symbol' at line: 778
[2026-09-25 17:08:33,438][WARN]:  KiCad Schematic Reader: Unsupported keyword: 'in_pos_files' of parentNode 'symbol' at line: 980
[2026-09-25 17:08:33,438][WARN]:  KiCad Schematic Reader: Unsupported keyword: 'duplicate_pin_numbers_are_jumpers' of parentNode 'symbol' at line: 981
[2026-09-25 17:08:33,438][WARN]:  KiCad Schematic Reader: Unsupported keyword: 'in_pos_files' of parentNode 'symbol' at line: 1114
[2026-09-25 17:08:33,438][WARN]:  KiCad Schematic Reader: Unsupported keyword: 'duplicate_pin_numbers_are_jumpers' of parentNode 'symbol' at line: 1115
[2026-09-25 17:08:33,438][WARN]:  KiCad Schematic Reader: Unsupported keyword: 'alternate' of parentNode 'pin' at line: 1243
[2026-09-25 17:08:33,438][WARN]:  KiCad Schematic Reader: Unsupported keyword: 'alternate' of parentNode 'pin' at line: 1244
[2026-09-25 17:08:33,438][WARN]:  KiCad Schematic Reader: Unsupported keyword: 'alternate' of parentNode 'pin' at line: 1245
[2026-09-25 17:08:33,438][WARN]:  KiCad Schematic Reader: Unsupported keyword: 'alternate' of parentNode 'pin' at line: 1246
[2026-09-25 17:08:33,438][WARN]:  KiCad Schematic Reader: Unsupported keyword: 'alternate' of parentNode 'pin' at line: 1247
[2026-09-25 17:08:33,438][WARN]:  KiCad Schematic Reader: Unsupported keyword: 'alternate' of parentNode 'pin' at line: 1248
[2026-09-25 17:08:33,438][WARN]:  KiCad Schematic Reader: Unsupported keyword: 'alternate' of parentNode 'pin' at line: 1249
[2026-09-25 17:08:33,438][WARN]:  KiCad Schematic Reader: Unsupported keyword: 'alternate' of parentNode 'pin' at line: 1268
[2026-09-25 17:08:33,438][WARN]:  KiCad Schematic Reader: Unsupported keyword: 'alternate' of parentNode 'pin' at line: 1287
[2026-09-25 17:08:33,438][WARN]:  KiCad Schematic Reader: Unsupported keyword: 'alternate' of parentNode 'pin' at line: 1288
[2026-09-25 17:08:33,438][WARN]:  KiCad Schematic Reader: Unsupported keyword: 'alternate' of parentNode 'pin' at line: 1289
[2026-09-25 17:08:33,438][WARN]:  KiCad Schematic Reader: Unsupported keyword: 'alternate' of parentNode 'pin' at line: 1308
[2026-09-25 17:08:33,438][WARN]:  KiCad Schematic Reader: Unsupported keyword: 'alternate' of parentNode 'pin' at line: 1309
[2026-09-25 17:08:33,438][WARN]:  KiCad Schematic Reader: Unsupported keyword: 'alternate' of parentNode 'pin' at line: 1310
[2026-09-25 17:08:33,438][WARN]:  KiCad Schematic Reader: Unsupported keyword: 'alternate' of parentNode 'pin' at line: 1311
[2026-09-25 17:08:33,438][WARN]:  KiCad Schematic Reader: Unsupported keyword: 'alternate' of parentNode 'pin' at line: 1312
[2026-09-25 17:08:33,438][WARN]:  KiCad Schematic Reader: Unsupported keyword: 'alternate' of parentNode 'pin' at line: 1313
[2026-09-25 17:08:33,438][WARN]:  KiCad Schematic Reader: Unsupported keyword: 'alternate' of parentNode 'pin' at line: 1332
[2026-09-25 17:08:33,438][WARN]:  KiCad Schematic Reader: Unsupported keyword: 'alternate' of parentNode 'pin' at line: 1333
[2026-09-25 17:08:33,438][WARN]:  KiCad Schematic Reader: Unsupported keyword: 'alternate' of parentNode 'pin' at line: 1334
[2026-09-25 17:08:33,438][WARN]:  KiCad Schematic Reader: Unsupported keyword: 'alternate' of parentNode 'pin' at line: 1335
[2026-09-25 17:08:33,438][WARN]:  KiCad Schematic Reader: Unsupported keyword: 'alternate' of parentNode 'pin' at line: 1336
[2026-09-25 17:08:33,438][WARN]:  KiCad Schematic Reader: Unsupported keyword: 'alternate' of parentNode 'pin' at line: 1355
[2026-09-25 17:08:33,438][WARN]:  KiCad Schematic Reader: Unsupported keyword: 'alternate' of parentNode 'pin' at line: 1356
[2026-09-25 17:08:33,438][WARN]:  KiCad Schematic Reader: Unsupported keyword: 'alternate' of parentNode 'pin' at line: 1357
[2026-09-25 17:08:33,438][WARN]:  KiCad Schematic Reader: Unsupported keyword: 'alternate' of parentNode 'pin' at line: 1358
[2026-09-25 17:08:33,438][WARN]:  KiCad Schematic Reader: Unsupported keyword: 'alternate' of parentNode 'pin' at line: 1359
[2026-09-25 17:08:33,438][WARN]:  KiCad Schematic Reader: Unsupported keyword: 'alternate' of parentNode 'pin' at line: 1378
[2026-09-25 17:08:33,438][WARN]:  KiCad Schematic Reader: Unsupported keyword: 'alternate' of parentNode 'pin' at line: 1379
[2026-09-25 17:08:33,438][WARN]:  KiCad Schematic Reader: Unsupported keyword: 'alternate' of parentNode 'pin' at line: 1380
[2026-09-25 17:08:33,438][WARN]:  KiCad Schematic Reader: Unsupported keyword: 'alternate' of parentNode 'pin' at line: 1381
[2026-09-25 17:08:33,438][WARN]:  KiCad Schematic Reader: Unsupported keyword: 'alternate' of parentNode 'pin' at line: 1382
[2026-09-25 17:08:33,438][WARN]:  KiCad Schematic Reader: Unsupported keyword: 'alternate' of parentNode 'pin' at line: 1383
[2026-09-25 17:08:33,438][WARN]:  KiCad Schematic Reader: Unsupported keyword: 'alternate' of parentNode 'pin' at line: 1384
[2026-09-25 17:08:33,438][WARN]:  KiCad Schematic Reader: Unsupported keyword: 'alternate' of parentNode 'pin' at line: 1385
[2026-09-25 17:08:33,440][WARN]:  KiCad Schematic Reader: Unsupported keyword: 'alternate' of parentNode 'pin' at line: 1386
[2026-09-25 17:08:33,440][WARN]:  KiCad Schematic Reader: Unsupported keyword: 'alternate' of parentNode 'pin' at line: 1387
[2026-09-25 17:08:33,440][WARN]:  KiCad Schematic Reader: Unsupported keyword: 'alternate' of parentNode 'pin' at line: 1388
[2026-09-25 17:08:33,440][WARN]:  KiCad Schematic Reader: Unsupported keyword: 'alternate' of parentNode 'pin' at line: 1389
[2026-09-25 17:08:33,440][WARN]:  KiCad Schematic Reader: Unsupported keyword: 'alternate' of parentNode 'pin' at line: 1390
[2026-09-25 17:08:33,440][WARN]:  KiCad Schematic Reader: Unsupported keyword: 'alternate' of parentNode 'pin' at line: 1391
[2026-09-25 17:08:33,440][WARN]:  KiCad Schematic Reader: Unsupported keyword: 'alternate' of parentNode 'pin' at line: 1410
[2026-09-25 17:08:33,440][WARN]:  KiCad Schematic Reader: Unsupported keyword: 'alternate' of parentNode 'pin' at line: 1411
[2026-09-25 17:08:33,440][WARN]:  KiCad Schematic Reader: Unsupported keyword: 'alternate' of parentNode 'pin' at line: 1412
[2026-09-25 17:08:33,440][WARN]:  KiCad Schematic Reader: Unsupported keyword: 'alternate' of parentNode 'pin' at line: 1413
[2026-09-25 17:08:33,440][WARN]:  KiCad Schematic Reader: Unsupported keyword: 'alternate' of parentNode 'pin' at line: 1414
[2026-09-25 17:08:33,440][WARN]:  KiCad Schematic Reader: Unsupported keyword: 'alternate' of parentNode 'pin' at line: 1415
[2026-09-25 17:08:33,440][WARN]:  KiCad Schematic Reader: Unsupported keyword: 'alternate' of parentNode 'pin' at line: 1416
[2026-09-25 17:08:33,440][WARN]:  KiCad Schematic Reader: Unsupported keyword: 'alternate' of parentNode 'pin' at line: 1417
[2026-09-25 17:08:33,440][WARN]:  KiCad Schematic Reader: Unsupported keyword: 'alternate' of parentNode 'pin' at line: 1418
[2026-09-25 17:08:33,440][WARN]:  KiCad Schematic Reader: Unsupported keyword: 'alternate' of parentNode 'pin' at line: 1419
[2026-09-25 17:08:33,440][WARN]:  KiCad Schematic Reader: Unsupported keyword: 'alternate' of parentNode 'pin' at line: 1420
[2026-09-25 17:08:33,440][WARN]:  KiCad Schematic Reader: Unsupported keyword: 'alternate' of parentNode 'pin' at line: 1421
[2026-09-25 17:08:33,440][WARN]:  KiCad Schematic Reader: Unsupported keyword: 'alternate' of parentNode 'pin' at line: 1422
[2026-09-25 17:08:33,440][WARN]:  KiCad Schematic Reader: Unsupported keyword: 'alternate' of parentNode 'pin' at line: 1423
[2026-09-25 17:08:33,440][WARN]:  KiCad Schematic Reader: Unsupported keyword: 'alternate' of parentNode 'pin' at line: 1424
[2026-09-25 17:08:33,440][WARN]:  KiCad Schematic Reader: Unsupported keyword: 'alternate' of parentNode 'pin' at line: 1425
[2026-09-25 17:08:33,440][WARN]:  KiCad Schematic Reader: Unsupported keyword: 'alternate' of parentNode 'pin' at line: 1444
[2026-09-25 17:08:33,440][WARN]:  KiCad Schematic Reader: Unsupported keyword: 'alternate' of parentNode 'pin' at line: 1445
[2026-09-25 17:08:33,440][WARN]:  KiCad Schematic Reader: Unsupported keyword: 'alternate' of parentNode 'pin' at line: 1446
[2026-09-25 17:08:33,440][WARN]:  KiCad Schematic Reader: Unsupported keyword: 'alternate' of parentNode 'pin' at line: 1447
[2026-09-25 17:08:33,440][WARN]:  KiCad Schematic Reader: Unsupported keyword: 'alternate' of parentNode 'pin' at line: 1448
[2026-09-25 17:08:33,440][WARN]:  KiCad Schematic Reader: Unsupported keyword: 'alternate' of parentNode 'pin' at line: 1449
[2026-09-25 17:08:33,440][WARN]:  KiCad Schematic Reader: Unsupported keyword: 'alternate' of parentNode 'pin' at line: 1450
[2026-09-25 17:08:33,440][WARN]:  KiCad Schematic Reader: Unsupported keyword: 'alternate' of parentNode 'pin' at line: 1451
[2026-09-25 17:08:33,440][WARN]:  KiCad Schematic Reader: Unsupported keyword: 'alternate' of parentNode 'pin' at line: 1452
[2026-09-25 17:08:33,440][WARN]:  KiCad Schematic Reader: Unsupported keyword: 'alternate' of parentNode 'pin' at line: 1453
[2026-09-25 17:08:33,440][WARN]:  KiCad Schematic Reader: Unsupported keyword: 'alternate' of parentNode 'pin' at line: 1454
[2026-09-25 17:08:33,440][WARN]:  KiCad Schematic Reader: Unsupported keyword: 'alternate' of parentNode 'pin' at line: 1455
[2026-09-25 17:08:33,440][WARN]:  KiCad Schematic Reader: Unsupported keyword: 'alternate' of parentNode 'pin' at line: 1456
[2026-09-25 17:08:33,440][WARN]:  KiCad Schematic Reader: Unsupported keyword: 'alternate' of parentNode 'pin' at line: 1457
[2026-09-25 17:08:33,440][WARN]:  KiCad Schematic Reader: Unsupported keyword: 'alternate' of parentNode 'pin' at line: 1458
[2026-09-25 17:08:33,440][WARN]:  KiCad Schematic Reader: Unsupported keyword: 'alternate' of parentNode 'pin' at line: 1459
[2026-09-25 17:08:33,440][WARN]:  KiCad Schematic Reader: Unsupported keyword: 'alternate' of parentNode 'pin' at line: 1460
[2026-09-25 17:08:33,440][WARN]:  KiCad Schematic Reader: Unsupported keyword: 'alternate' of parentNode 'pin' at line: 1479
[2026-09-25 17:08:33,440][WARN]:  KiCad Schematic Reader: Unsupported keyword: 'alternate' of parentNode 'pin' at line: 1480
[2026-09-25 17:08:33,440][WARN]:  KiCad Schematic Reader: Unsupported keyword: 'alternate' of parentNode 'pin' at line: 1481
[2026-09-25 17:08:33,440][WARN]:  KiCad Schematic Reader: Unsupported keyword: 'alternate' of parentNode 'pin' at line: 1482
[2026-09-25 17:08:33,440][WARN]:  KiCad Schematic Reader: Unsupported keyword: 'alternate' of parentNode 'pin' at line: 1483
[2026-09-25 17:08:33,440][WARN]:  KiCad Schematic Reader: Unsupported keyword: 'alternate' of parentNode 'pin' at line: 1484
[2026-09-25 17:08:33,440][WARN]:  KiCad Schematic Reader: Unsupported keyword: 'alternate' of parentNode 'pin' at line: 1485
[2026-09-25 17:08:33,440][WARN]:  KiCad Schematic Reader: Unsupported keyword: 'alternate' of parentNode 'pin' at line: 1486
[2026-09-25 17:08:33,440][WARN]:  KiCad Schematic Reader: Unsupported keyword: 'alternate' of parentNode 'pin' at line: 1487
[2026-09-25 17:08:33,440][WARN]:  KiCad Schematic Reader: Unsupported keyword: 'alternate' of parentNode 'pin' at line: 1488
[2026-09-25 17:08:33,440][WARN]:  KiCad Schematic Reader: Unsupported keyword: 'alternate' of parentNode 'pin' at line: 1489
[2026-09-25 17:08:33,440][WARN]:  KiCad Schematic Reader: Unsupported keyword: 'alternate' of parentNode 'pin' at line: 1490
[2026-09-25 17:08:33,440][WARN]:  KiCad Schematic Reader: Unsupported keyword: 'alternate' of parentNode 'pin' at line: 1491
[2026-09-25 17:08:33,440][WARN]:  KiCad Schematic Reader: Unsupported keyword: 'alternate' of parentNode 'pin' at line: 1492
[2026-09-25 17:08:33,440][WARN]:  KiCad Schematic Reader: Unsupported keyword: 'alternate' of parentNode 'pin' at line: 1493
[2026-09-25 17:08:33,440][WARN]:  KiCad Schematic Reader: Unsupported keyword: 'alternate' of parentNode 'pin' at line: 1494
[2026-09-25 17:08:33,440][WARN]:  KiCad Schematic Reader: Unsupported keyword: 'alternate' of parentNode 'pin' at line: 1495
[2026-09-25 17:08:33,440][WARN]:  KiCad Schematic Reader: Unsupported keyword: 'alternate' of parentNode 'pin' at line: 1496
[2026-09-25 17:08:33,440][WARN]:  KiCad Schematic Reader: Unsupported keyword: 'alternate' of parentNode 'pin' at line: 1497
[2026-09-25 17:08:33,440][WARN]:  KiCad Schematic Reader: Unsupported keyword: 'alternate' of parentNode 'pin' at line: 1498
[2026-09-25 17:08:33,440][WARN]:  KiCad Schematic Reader: Unsupported keyword: 'alternate' of parentNode 'pin' at line: 1499
[2026-09-25 17:08:33,440][WARN]:  KiCad Schematic Reader: Unsupported keyword: 'alternate' of parentNode 'pin' at line: 1518
[2026-09-25 17:08:33,440][WARN]:  KiCad Schematic Reader: Unsupported keyword: 'alternate' of parentNode 'pin' at line: 1519
[2026-09-25 17:08:33,440][WARN]:  KiCad Schematic Reader: Unsupported keyword: 'alternate' of parentNode 'pin' at line: 1520
[2026-09-25 17:08:33,440][WARN]:  KiCad Schematic Reader: Unsupported keyword: 'alternate' of parentNode 'pin' at line: 1521
[2026-09-25 17:08:33,440][WARN]:  KiCad Schematic Reader: Unsupported keyword: 'alternate' of parentNode 'pin' at line: 1522
[2026-09-25 17:08:33,440][WARN]:  KiCad Schematic Reader: Unsupported keyword: 'alternate' of parentNode 'pin' at line: 1523
[2026-09-25 17:08:33,440][WARN]:  KiCad Schematic Reader: Unsupported keyword: 'alternate' of parentNode 'pin' at line: 1524
[2026-09-25 17:08:33,440][WARN]:  KiCad Schematic Reader: Unsupported keyword: 'alternate' of parentNode 'pin' at line: 1525
[2026-09-25 17:08:33,440][WARN]:  KiCad Schematic Reader: Unsupported keyword: 'alternate' of parentNode 'pin' at line: 1526
[2026-09-25 17:08:33,440][WARN]:  KiCad Schematic Reader: Unsupported keyword: 'alternate' of parentNode 'pin' at line: 1545
[2026-09-25 17:08:33,440][WARN]:  KiCad Schematic Reader: Unsupported keyword: 'alternate' of parentNode 'pin' at line: 1546
[2026-09-25 17:08:33,440][WARN]:  KiCad Schematic Reader: Unsupported keyword: 'alternate' of parentNode 'pin' at line: 1547
[2026-09-25 17:08:33,440][WARN]:  KiCad Schematic Reader: Unsupported keyword: 'alternate' of parentNode 'pin' at line: 1548
[2026-09-25 17:08:33,440][WARN]:  KiCad Schematic Reader: Unsupported keyword: 'alternate' of parentNode 'pin' at line: 1549
[2026-09-25 17:08:33,440][WARN]:  KiCad Schematic Reader: Unsupported keyword: 'alternate' of parentNode 'pin' at line: 1550
[2026-09-25 17:08:33,440][WARN]:  KiCad Schematic Reader: Unsupported keyword: 'alternate' of parentNode 'pin' at line: 1551
[2026-09-25 17:08:33,440][WARN]:  KiCad Schematic Reader: Unsupported keyword: 'alternate' of parentNode 'pin' at line: 1552
[2026-09-25 17:08:33,440][WARN]:  KiCad Schematic Reader: Unsupported keyword: 'alternate' of parentNode 'pin' at line: 1553
[2026-09-25 17:08:33,440][WARN]:  KiCad Schematic Reader: Unsupported keyword: 'alternate' of parentNode 'pin' at line: 1554
[2026-09-25 17:08:33,440][WARN]:  KiCad Schematic Reader: Unsupported keyword: 'alternate' of parentNode 'pin' at line: 1555
[2026-09-25 17:08:33,440][WARN]:  KiCad Schematic Reader: Unsupported keyword: 'alternate' of parentNode 'pin' at line: 1574
[2026-09-25 17:08:33,440][WARN]:  KiCad Schematic Reader: Unsupported keyword: 'alternate' of parentNode 'pin' at line: 1575
[2026-09-25 17:08:33,440][WARN]:  KiCad Schematic Reader: Unsupported keyword: 'alternate' of parentNode 'pin' at line: 1576
[2026-09-25 17:08:33,440][WARN]:  KiCad Schematic Reader: Unsupported keyword: 'alternate' of parentNode 'pin' at line: 1577
[2026-09-25 17:08:33,440][WARN]:  KiCad Schematic Reader: Unsupported keyword: 'alternate' of parentNode 'pin' at line: 1578
[2026-09-25 17:08:33,440][WARN]:  KiCad Schematic Reader: Unsupported keyword: 'alternate' of parentNode 'pin' at line: 1579
[2026-09-25 17:08:33,440][WARN]:  KiCad Schematic Reader: Unsupported keyword: 'alternate' of parentNode 'pin' at line: 1580
[2026-09-25 17:08:33,440][WARN]:  KiCad Schematic Reader: Unsupported keyword: 'alternate' of parentNode 'pin' at line: 1581
[2026-09-25 17:08:33,440][WARN]:  KiCad Schematic Reader: Unsupported keyword: 'alternate' of parentNode 'pin' at line: 1582
[2026-09-25 17:08:33,440][WARN]:  KiCad Schematic Reader: Unsupported keyword: 'alternate' of parentNode 'pin' at line: 1583
[2026-09-25 17:08:33,440][WARN]:  KiCad Schematic Reader: Unsupported keyword: 'alternate' of parentNode 'pin' at line: 1584
[2026-09-25 17:08:33,440][WARN]:  KiCad Schematic Reader: Unsupported keyword: 'alternate' of parentNode 'pin' at line: 1603
[2026-09-25 17:08:33,440][WARN]:  KiCad Schematic Reader: Unsupported keyword: 'alternate' of parentNode 'pin' at line: 1604
[2026-09-25 17:08:33,440][WARN]:  KiCad Schematic Reader: Unsupported keyword: 'alternate' of parentNode 'pin' at line: 1605
[2026-09-25 17:08:33,440][WARN]:  KiCad Schematic Reader: Unsupported keyword: 'alternate' of parentNode 'pin' at line: 1606
[2026-09-25 17:08:33,440][WARN]:  KiCad Schematic Reader: Unsupported keyword: 'alternate' of parentNode 'pin' at line: 1607
[2026-09-25 17:08:33,440][WARN]:  KiCad Schematic Reader: Unsupported keyword: 'alternate' of parentNode 'pin' at line: 1608
[2026-09-25 17:08:33,440][WARN]:  KiCad Schematic Reader: Unsupported keyword: 'alternate' of parentNode 'pin' at line: 1609
[2026-09-25 17:08:33,440][WARN]:  KiCad Schematic Reader: Unsupported keyword: 'alternate' of parentNode 'pin' at line: 1610
[2026-09-25 17:08:33,440][WARN]:  KiCad Schematic Reader: Unsupported keyword: 'alternate' of parentNode 'pin' at line: 1611
[2026-09-25 17:08:33,440][WARN]:  KiCad Schematic Reader: Unsupported keyword: 'alternate' of parentNode 'pin' at line: 1612
[2026-09-25 17:08:33,440][WARN]:  KiCad Schematic Reader: Unsupported keyword: 'alternate' of parentNode 'pin' at line: 1613
[2026-09-25 17:08:33,440][WARN]:  KiCad Schematic Reader: Unsupported keyword: 'alternate' of parentNode 'pin' at line: 1614
[2026-09-25 17:08:33,440][WARN]:  KiCad Schematic Reader: Unsupported keyword: 'alternate' of parentNode 'pin' at line: 1615
[2026-09-25 17:08:33,440][WARN]:  KiCad Schematic Reader: Unsupported keyword: 'alternate' of parentNode 'pin' at line: 1616
[2026-09-25 17:08:33,440][WARN]:  KiCad Schematic Reader: Unsupported keyword: 'alternate' of parentNode 'pin' at line: 1617
[2026-09-25 17:08:33,440][WARN]:  KiCad Schematic Reader: Unsupported keyword: 'alternate' of parentNode 'pin' at line: 1636
[2026-09-25 17:08:33,440][WARN]:  KiCad Schematic Reader: Unsupported keyword: 'alternate' of parentNode 'pin' at line: 1637
[2026-09-25 17:08:33,440][WARN]:  KiCad Schematic Reader: Unsupported keyword: 'alternate' of parentNode 'pin' at line: 1638
[2026-09-25 17:08:33,440][WARN]:  KiCad Schematic Reader: Unsupported keyword: 'alternate' of parentNode 'pin' at line: 1639
[2026-09-25 17:08:33,440][WARN]:  KiCad Schematic Reader: Unsupported keyword: 'alternate' of parentNode 'pin' at line: 1640
[2026-09-25 17:08:33,440][WARN]:  KiCad Schematic Reader: Unsupported keyword: 'alternate' of parentNode 'pin' at line: 1641
[2026-09-25 17:08:33,440][WARN]:  KiCad Schematic Reader: Unsupported keyword: 'alternate' of parentNode 'pin' at line: 1642
[2026-09-25 17:08:33,440][WARN]:  KiCad Schematic Reader: Unsupported keyword: 'alternate' of parentNode 'pin' at line: 1643
[2026-09-25 17:08:33,440][WARN]:  KiCad Schematic Reader: Unsupported keyword: 'alternate' of parentNode 'pin' at line: 1644
[2026-09-25 17:08:33,440][WARN]:  KiCad Schematic Reader: Unsupported keyword: 'alternate' of parentNode 'pin' at line: 1645
[2026-09-25 17:08:33,440][WARN]:  KiCad Schematic Reader: Unsupported keyword: 'alternate' of parentNode 'pin' at line: 1646
[2026-09-25 17:08:33,440][WARN]:  KiCad Schematic Reader: Unsupported keyword: 'alternate' of parentNode 'pin' at line: 1647
[2026-09-25 17:08:33,440][WARN]:  KiCad Schematic Reader: Unsupported keyword: 'alternate' of parentNode 'pin' at line: 1648
[2026-09-25 17:08:33,440][WARN]:  KiCad Schematic Reader: Unsupported keyword: 'alternate' of parentNode 'pin' at line: 1649
[2026-09-25 17:08:33,441][WARN]:  KiCad Schematic Reader: Unsupported keyword: 'alternate' of parentNode 'pin' at line: 1668
[2026-09-25 17:08:33,441][WARN]:  KiCad Schematic Reader: Unsupported keyword: 'alternate' of parentNode 'pin' at line: 1669
[2026-09-25 17:08:33,441][WARN]:  KiCad Schematic Reader: Unsupported keyword: 'alternate' of parentNode 'pin' at line: 1670
[2026-09-25 17:08:33,441][WARN]:  KiCad Schematic Reader: Unsupported keyword: 'alternate' of parentNode 'pin' at line: 1671
[2026-09-25 17:08:33,441][WARN]:  KiCad Schematic Reader: Unsupported keyword: 'alternate' of parentNode 'pin' at line: 1672
[2026-09-25 17:08:33,441][WARN]:  KiCad Schematic Reader: Unsupported keyword: 'alternate' of parentNode 'pin' at line: 1673
[2026-09-25 17:08:33,441][WARN]:  KiCad Schematic Reader: Unsupported keyword: 'alternate' of parentNode 'pin' at line: 1674
[2026-09-25 17:08:33,441][WARN]:  KiCad Schematic Reader: Unsupported keyword: 'alternate' of parentNode 'pin' at line: 1675
[2026-09-25 17:08:33,441][WARN]:  KiCad Schematic Reader: Unsupported keyword: 'alternate' of parentNode 'pin' at line: 1676
[2026-09-25 17:08:33,441][WARN]:  KiCad Schematic Reader: Unsupported keyword: 'alternate' of parentNode 'pin' at line: 1677
[2026-09-25 17:08:33,441][WARN]:  KiCad Schematic Reader: Unsupported keyword: 'alternate' of parentNode 'pin' at line: 1678
[2026-09-25 17:08:33,441][WARN]:  KiCad Schematic Reader: Unsupported keyword: 'alternate' of parentNode 'pin' at line: 1679
[2026-09-25 17:08:33,441][WARN]:  KiCad Schematic Reader: Unsupported keyword: 'alternate' of parentNode 'pin' at line: 1680
[2026-09-25 17:08:33,441][WARN]:  KiCad Schematic Reader: Unsupported keyword: 'alternate' of parentNode 'pin' at line: 1681
[2026-09-25 17:08:33,441][WARN]:  KiCad Schematic Reader: Unsupported keyword: 'alternate' of parentNode 'pin' at line: 1682
[2026-09-25 17:08:33,441][WARN]:  KiCad Schematic Reader: Unsupported keyword: 'alternate' of parentNode 'pin' at line: 1701
[2026-09-25 17:08:33,441][WARN]:  KiCad Schematic Reader: Unsupported keyword: 'alternate' of parentNode 'pin' at line: 1702
[2026-09-25 17:08:33,441][WARN]:  KiCad Schematic Reader: Unsupported keyword: 'alternate' of parentNode 'pin' at line: 1703
[2026-09-25 17:08:33,441][WARN]:  KiCad Schematic Reader: Unsupported keyword: 'alternate' of parentNode 'pin' at line: 1704
[2026-09-25 17:08:33,441][WARN]:  KiCad Schematic Reader: Unsupported keyword: 'alternate' of parentNode 'pin' at line: 1705
[2026-09-25 17:08:33,441][WARN]:  KiCad Schematic Reader: Unsupported keyword: 'alternate' of parentNode 'pin' at line: 1706
[2026-09-25 17:08:33,441][WARN]:  KiCad Schematic Reader: Unsupported keyword: 'alternate' of parentNode 'pin' at line: 1707
[2026-09-25 17:08:33,441][WARN]:  KiCad Schematic Reader: Unsupported keyword: 'alternate' of parentNode 'pin' at line: 1708
[2026-09-25 17:08:33,441][WARN]:  KiCad Schematic Reader: Unsupported keyword: 'alternate' of parentNode 'pin' at line: 1709
[2026-09-25 17:08:33,441][WARN]:  KiCad Schematic Reader: Unsupported keyword: 'alternate' of parentNode 'pin' at line: 1710
[2026-09-25 17:08:33,441][WARN]:  KiCad Schematic Reader: Unsupported keyword: 'alternate' of parentNode 'pin' at line: 1711
[2026-09-25 17:08:33,441][WARN]:  KiCad Schematic Reader: Unsupported keyword: 'alternate' of parentNode 'pin' at line: 1712
[2026-09-25 17:08:33,441][WARN]:  KiCad Schematic Reader: Unsupported keyword: 'alternate' of parentNode 'pin' at line: 1713
[2026-09-25 17:08:33,441][WARN]:  KiCad Schematic Reader: Unsupported keyword: 'alternate' of parentNode 'pin' at line: 1714
[2026-09-25 17:08:33,441][WARN]:  KiCad Schematic Reader: Unsupported keyword: 'alternate' of parentNode 'pin' at line: 1715
[2026-09-25 17:08:33,441][WARN]:  KiCad Schematic Reader: Unsupported keyword: 'alternate' of parentNode 'pin' at line: 1752
[2026-09-25 17:08:33,441][WARN]:  KiCad Schematic Reader: Unsupported keyword: 'alternate' of parentNode 'pin' at line: 1789
[2026-09-25 17:08:33,441][WARN]:  KiCad Schematic Reader: Unsupported keyword: 'alternate' of parentNode 'pin' at line: 1790
[2026-09-25 17:08:33,441][WARN]:  KiCad Schematic Reader: Unsupported keyword: 'alternate' of parentNode 'pin' at line: 1791
[2026-09-25 17:08:33,441][WARN]:  KiCad Schematic Reader: Unsupported keyword: 'alternate' of parentNode 'pin' at line: 1792
[2026-09-25 17:08:33,441][WARN]:  KiCad Schematic Reader: Unsupported keyword: 'alternate' of parentNode 'pin' at line: 1793
[2026-09-25 17:08:33,441][WARN]:  KiCad Schematic Reader: Unsupported keyword: 'alternate' of parentNode 'pin' at line: 1794
[2026-09-25 17:08:33,441][WARN]:  KiCad Schematic Reader: Unsupported keyword: 'alternate' of parentNode 'pin' at line: 1795
[2026-09-25 17:08:33,441][WARN]:  KiCad Schematic Reader: Unsupported keyword: 'alternate' of parentNode 'pin' at line: 1796
[2026-09-25 17:08:33,441][WARN]:  KiCad Schematic Reader: Unsupported keyword: 'alternate' of parentNode 'pin' at line: 1797
[2026-09-25 17:08:33,441][WARN]:  KiCad Schematic Reader: Unsupported keyword: 'alternate' of parentNode 'pin' at line: 1798
[2026-09-25 17:08:33,441][WARN]:  KiCad Schematic Reader: Unsupported keyword: 'alternate' of parentNode 'pin' at line: 1799
[2026-09-25 17:08:33,441][WARN]:  KiCad Schematic Reader: Unsupported keyword: 'alternate' of parentNode 'pin' at line: 1800
[2026-09-25 17:08:33,441][WARN]:  KiCad Schematic Reader: Unsupported keyword: 'alternate' of parentNode 'pin' at line: 1801
[2026-09-25 17:08:33,441][WARN]:  KiCad Schematic Reader: Unsupported keyword: 'alternate' of parentNode 'pin' at line: 1802
[2026-09-25 17:08:33,441][WARN]:  KiCad Schematic Reader: Unsupported keyword: 'alternate' of parentNode 'pin' at line: 1803
[2026-09-25 17:08:33,441][WARN]:  KiCad Schematic Reader: Unsupported keyword: 'alternate' of parentNode 'pin' at line: 1804
[2026-09-25 17:08:33,441][WARN]:  KiCad Schematic Reader: Unsupported keyword: 'alternate' of parentNode 'pin' at line: 1805
[2026-09-25 17:08:33,441][WARN]:  KiCad Schematic Reader: Unsupported keyword: 'alternate' of parentNode 'pin' at line: 1806
[2026-09-25 17:08:33,441][WARN]:  KiCad Schematic Reader: Unsupported keyword: 'alternate' of parentNode 'pin' at line: 1861
[2026-09-25 17:08:33,441][WARN]:  KiCad Schematic Reader: Unsupported keyword: 'alternate' of parentNode 'pin' at line: 1862
[2026-09-25 17:08:33,441][WARN]:  KiCad Schematic Reader: Unsupported keyword: 'alternate' of parentNode 'pin' at line: 1863
[2026-09-25 17:08:33,441][WARN]:  KiCad Schematic Reader: Unsupported keyword: 'alternate' of parentNode 'pin' at line: 1864
[2026-09-25 17:08:33,441][WARN]:  KiCad Schematic Reader: Unsupported keyword: 'alternate' of parentNode 'pin' at line: 1865
[2026-09-25 17:08:33,441][WARN]:  KiCad Schematic Reader: Unsupported keyword: 'alternate' of parentNode 'pin' at line: 1866
[2026-09-25 17:08:33,441][WARN]:  KiCad Schematic Reader: Unsupported keyword: 'alternate' of parentNode 'pin' at line: 1867
[2026-09-25 17:08:33,441][WARN]:  KiCad Schematic Reader: Unsupported keyword: 'alternate' of parentNode 'pin' at line: 1868
[2026-09-25 17:08:33,441][WARN]:  KiCad Schematic Reader: Unsupported keyword: 'alternate' of parentNode 'pin' at line: 1869
[2026-09-25 17:08:33,441][WARN]:  KiCad Schematic Reader: Unsupported keyword: 'alternate' of parentNode 'pin' at line: 1870
[2026-09-25 17:08:33,441][WARN]:  KiCad Schematic Reader: Unsupported keyword: 'alternate' of parentNode 'pin' at line: 1871
[2026-09-25 17:08:33,441][WARN]:  KiCad Schematic Reader: Unsupported keyword: 'alternate' of parentNode 'pin' at line: 1872
[2026-09-25 17:08:33,441][WARN]:  KiCad Schematic Reader: Unsupported keyword: 'alternate' of parentNode 'pin' at line: 1873
[2026-09-25 17:08:33,441][WARN]:  KiCad Schematic Reader: Unsupported keyword: 'alternate' of parentNode 'pin' at line: 1892
[2026-09-25 17:08:33,441][WARN]:  KiCad Schematic Reader: Unsupported keyword: 'alternate' of parentNode 'pin' at line: 1893
[2026-09-25 17:08:33,441][WARN]:  KiCad Schematic Reader: Unsupported keyword: 'alternate' of parentNode 'pin' at line: 1894
[2026-09-25 17:08:33,441][WARN]:  KiCad Schematic Reader: Unsupported keyword: 'alternate' of parentNode 'pin' at line: 1895
[2026-09-25 17:08:33,441][WARN]:  KiCad Schematic Reader: Unsupported keyword: 'alternate' of parentNode 'pin' at line: 1896
[2026-09-25 17:08:33,441][WARN]:  KiCad Schematic Reader: Unsupported keyword: 'alternate' of parentNode 'pin' at line: 1897
[2026-09-25 17:08:33,441][WARN]:  KiCad Schematic Reader: Unsupported keyword: 'alternate' of parentNode 'pin' at line: 1898
[2026-09-25 17:08:33,441][WARN]:  KiCad Schematic Reader: Unsupported keyword: 'alternate' of parentNode 'pin' at line: 1899
[2026-09-25 17:08:33,441][WARN]:  KiCad Schematic Reader: Unsupported keyword: 'alternate' of parentNode 'pin' at line: 1900
[2026-09-25 17:08:33,441][WARN]:  KiCad Schematic Reader: Unsupported keyword: 'alternate' of parentNode 'pin' at line: 1901
[2026-09-25 17:08:33,441][WARN]:  KiCad Schematic Reader: Unsupported keyword: 'alternate' of parentNode 'pin' at line: 1902
[2026-09-25 17:08:33,441][WARN]:  KiCad Schematic Reader: Unsupported keyword: 'alternate' of parentNode 'pin' at line: 1903
[2026-09-25 17:08:33,441][WARN]:  KiCad Schematic Reader: Unsupported keyword: 'alternate' of parentNode 'pin' at line: 1904
[2026-09-25 17:08:33,441][WARN]:  KiCad Schematic Reader: Unsupported keyword: 'alternate' of parentNode 'pin' at line: 1905
[2026-09-25 17:08:33,441][WARN]:  KiCad Schematic Reader: Unsupported keyword: 'alternate' of parentNode 'pin' at line: 1906
[2026-09-25 17:08:33,441][WARN]:  KiCad Schematic Reader: Unsupported keyword: 'alternate' of parentNode 'pin' at line: 1907
[2026-09-25 17:08:33,441][WARN]:  KiCad Schematic Reader: Unsupported keyword: 'alternate' of parentNode 'pin' at line: 1926
[2026-09-25 17:08:33,441][WARN]:  KiCad Schematic Reader: Unsupported keyword: 'alternate' of parentNode 'pin' at line: 1927
[2026-09-25 17:08:33,441][WARN]:  KiCad Schematic Reader: Unsupported keyword: 'alternate' of parentNode 'pin' at line: 1928
[2026-09-25 17:08:33,441][WARN]:  KiCad Schematic Reader: Unsupported keyword: 'alternate' of parentNode 'pin' at line: 1929
[2026-09-25 17:08:33,441][WARN]:  KiCad Schematic Reader: Unsupported keyword: 'alternate' of parentNode 'pin' at line: 1930
[2026-09-25 17:08:33,441][WARN]:  KiCad Schematic Reader: Unsupported keyword: 'alternate' of parentNode 'pin' at line: 1931
[2026-09-25 17:08:33,441][WARN]:  KiCad Schematic Reader: Unsupported keyword: 'alternate' of parentNode 'pin' at line: 1932
[2026-09-25 17:08:33,441][WARN]:  KiCad Schematic Reader: Unsupported keyword: 'alternate' of parentNode 'pin' at line: 1933
[2026-09-25 17:08:33,441][WARN]:  KiCad Schematic Reader: Unsupported keyword: 'alternate' of parentNode 'pin' at line: 1934
[2026-09-25 17:08:33,441][WARN]:  KiCad Schematic Reader: Unsupported keyword: 'alternate' of parentNode 'pin' at line: 1935
[2026-09-25 17:08:33,441][WARN]:  KiCad Schematic Reader: Unsupported keyword: 'alternate' of parentNode 'pin' at line: 1936
[2026-09-25 17:08:33,441][WARN]:  KiCad Schematic Reader: Unsupported keyword: 'alternate' of parentNode 'pin' at line: 1937
[2026-09-25 17:08:33,441][WARN]:  KiCad Schematic Reader: Unsupported keyword: 'alternate' of parentNode 'pin' at line: 1938
[2026-09-25 17:08:33,441][WARN]:  KiCad Schematic Reader: Unsupported keyword: 'alternate' of parentNode 'pin' at line: 1939
[2026-09-25 17:08:33,441][WARN]:  KiCad Schematic Reader: Unsupported keyword: 'alternate' of parentNode 'pin' at line: 1940
[2026-09-25 17:08:33,441][WARN]:  KiCad Schematic Reader: Unsupported keyword: 'alternate' of parentNode 'pin' at line: 1941
[2026-09-25 17:08:33,441][WARN]:  KiCad Schematic Reader: Unsupported keyword: 'alternate' of parentNode 'pin' at line: 1960
[2026-09-25 17:08:33,441][WARN]:  KiCad Schematic Reader: Unsupported keyword: 'alternate' of parentNode 'pin' at line: 1961
[2026-09-25 17:08:33,441][WARN]:  KiCad Schematic Reader: Unsupported keyword: 'alternate' of parentNode 'pin' at line: 1962
[2026-09-25 17:08:33,441][WARN]:  KiCad Schematic Reader: Unsupported keyword: 'alternate' of parentNode 'pin' at line: 1963
[2026-09-25 17:08:33,441][WARN]:  KiCad Schematic Reader: Unsupported keyword: 'alternate' of parentNode 'pin' at line: 1964
[2026-09-25 17:08:33,441][WARN]:  KiCad Schematic Reader: Unsupported keyword: 'alternate' of parentNode 'pin' at line: 1965
[2026-09-25 17:08:33,441][WARN]:  KiCad Schematic Reader: Unsupported keyword: 'alternate' of parentNode 'pin' at line: 1966
[2026-09-25 17:08:33,441][WARN]:  KiCad Schematic Reader: Unsupported keyword: 'alternate' of parentNode 'pin' at line: 1967
[2026-09-25 17:08:33,441][WARN]:  KiCad Schematic Reader: Unsupported keyword: 'alternate' of parentNode 'pin' at line: 1968
[2026-09-25 17:08:33,441][WARN]:  KiCad Schematic Reader: Unsupported keyword: 'alternate' of parentNode 'pin' at line: 1969
[2026-09-25 17:08:33,441][WARN]:  KiCad Schematic Reader: Unsupported keyword: 'alternate' of parentNode 'pin' at line: 1970
[2026-09-25 17:08:33,441][WARN]:  KiCad Schematic Reader: Unsupported keyword: 'alternate' of parentNode 'pin' at line: 1971
[2026-09-25 17:08:33,441][WARN]:  KiCad Schematic Reader: Unsupported keyword: 'alternate' of parentNode 'pin' at line: 1972
[2026-09-25 17:08:33,441][WARN]:  KiCad Schematic Reader: Unsupported keyword: 'alternate' of parentNode 'pin' at line: 1973
[2026-09-25 17:08:33,441][WARN]:  KiCad Schematic Reader: Unsupported keyword: 'alternate' of parentNode 'pin' at line: 1992
[2026-09-25 17:08:33,441][WARN]:  KiCad Schematic Reader: Unsupported keyword: 'alternate' of parentNode 'pin' at line: 1993
[2026-09-25 17:08:33,441][WARN]:  KiCad Schematic Reader: Unsupported keyword: 'alternate' of parentNode 'pin' at line: 1994
[2026-09-25 17:08:33,441][WARN]:  KiCad Schematic Reader: Unsupported keyword: 'alternate' of parentNode 'pin' at line: 1995
[2026-09-25 17:08:33,441][WARN]:  KiCad Schematic Reader: Unsupported keyword: 'alternate' of parentNode 'pin' at line: 1996
[2026-09-25 17:08:33,441][WARN]:  KiCad Schematic Reader: Unsupported keyword: 'alternate' of parentNode 'pin' at line: 1997
[2026-09-25 17:08:33,441][WARN]:  KiCad Schematic Reader: Unsupported keyword: 'alternate' of parentNode 'pin' at line: 1998
[2026-09-25 17:08:33,442][WARN]:  KiCad Schematic Reader: Unsupported keyword: 'alternate' of parentNode 'pin' at line: 1999
[2026-09-25 17:08:33,442][WARN]:  KiCad Schematic Reader: Unsupported keyword: 'alternate' of parentNode 'pin' at line: 2000
[2026-09-25 17:08:33,442][WARN]:  KiCad Schematic Reader: Unsupported keyword: 'alternate' of parentNode 'pin' at line: 2001
[2026-09-25 17:08:33,442][WARN]:  KiCad Schematic Reader: Unsupported keyword: 'alternate' of parentNode 'pin' at line: 2002
[2026-09-25 17:08:33,442][WARN]:  KiCad Schematic Reader: Unsupported keyword: 'alternate' of parentNode 'pin' at line: 2003
[2026-09-25 17:08:33,442][WARN]:  KiCad Schematic Reader: Unsupported keyword: 'alternate' of parentNode 'pin' at line: 2004
[2026-09-25 17:08:33,442][WARN]:  KiCad Schematic Reader: Unsupported keyword: 'alternate' of parentNode 'pin' at line: 2005
[2026-09-25 17:08:33,442][WARN]:  KiCad Schematic Reader: Unsupported keyword: 'alternate' of parentNode 'pin' at line: 2006
[2026-09-25 17:08:33,442][WARN]:  KiCad Schematic Reader: Unsupported keyword: 'alternate' of parentNode 'pin' at line: 2007
[2026-09-25 17:08:33,442][WARN]:  KiCad Schematic Reader: Unsupported keyword: 'alternate' of parentNode 'pin' at line: 2026
[2026-09-25 17:08:33,442][WARN]:  KiCad Schematic Reader: Unsupported keyword: 'alternate' of parentNode 'pin' at line: 2027
[2026-09-25 17:08:33,442][WARN]:  KiCad Schematic Reader: Unsupported keyword: 'alternate' of parentNode 'pin' at line: 2028
[2026-09-25 17:08:33,442][WARN]:  KiCad Schematic Reader: Unsupported keyword: 'alternate' of parentNode 'pin' at line: 2029
[2026-09-25 17:08:33,442][WARN]:  KiCad Schematic Reader: Unsupported keyword: 'alternate' of parentNode 'pin' at line: 2030
[2026-09-25 17:08:33,442][WARN]:  KiCad Schematic Reader: Unsupported keyword: 'alternate' of parentNode 'pin' at line: 2031
[2026-09-25 17:08:33,442][WARN]:  KiCad Schematic Reader: Unsupported keyword: 'alternate' of parentNode 'pin' at line: 2032
[2026-09-25 17:08:33,442][WARN]:  KiCad Schematic Reader: Unsupported keyword: 'alternate' of parentNode 'pin' at line: 2033
[2026-09-25 17:08:33,442][WARN]:  KiCad Schematic Reader: Unsupported keyword: 'alternate' of parentNode 'pin' at line: 2034
[2026-09-25 17:08:33,442][WARN]:  KiCad Schematic Reader: Unsupported keyword: 'alternate' of parentNode 'pin' at line: 2035
[2026-09-25 17:08:33,442][WARN]:  KiCad Schematic Reader: Unsupported keyword: 'alternate' of parentNode 'pin' at line: 2036
[2026-09-25 17:08:33,442][WARN]:  KiCad Schematic Reader: Unsupported keyword: 'alternate' of parentNode 'pin' at line: 2037
[2026-09-25 17:08:33,442][WARN]:  KiCad Schematic Reader: Unsupported keyword: 'alternate' of parentNode 'pin' at line: 2038
[2026-09-25 17:08:33,442][WARN]:  KiCad Schematic Reader: Unsupported keyword: 'alternate' of parentNode 'pin' at line: 2039
[2026-09-25 17:08:33,442][WARN]:  KiCad Schematic Reader: Unsupported keyword: 'alternate' of parentNode 'pin' at line: 2058
[2026-09-25 17:08:33,442][WARN]:  KiCad Schematic Reader: Unsupported keyword: 'alternate' of parentNode 'pin' at line: 2059
[2026-09-25 17:08:33,442][WARN]:  KiCad Schematic Reader: Unsupported keyword: 'alternate' of parentNode 'pin' at line: 2060
[2026-09-25 17:08:33,442][WARN]:  KiCad Schematic Reader: Unsupported keyword: 'alternate' of parentNode 'pin' at line: 2061
[2026-09-25 17:08:33,442][WARN]:  KiCad Schematic Reader: Unsupported keyword: 'alternate' of parentNode 'pin' at line: 2062
[2026-09-25 17:08:33,442][WARN]:  KiCad Schematic Reader: Unsupported keyword: 'alternate' of parentNode 'pin' at line: 2063
[2026-09-25 17:08:33,442][WARN]:  KiCad Schematic Reader: Unsupported keyword: 'alternate' of parentNode 'pin' at line: 2064
[2026-09-25 17:08:33,442][WARN]:  KiCad Schematic Reader: Unsupported keyword: 'alternate' of parentNode 'pin' at line: 2065
[2026-09-25 17:08:33,442][WARN]:  KiCad Schematic Reader: Unsupported keyword: 'alternate' of parentNode 'pin' at line: 2066
[2026-09-25 17:08:33,442][WARN]:  KiCad Schematic Reader: Unsupported keyword: 'alternate' of parentNode 'pin' at line: 2067
[2026-09-25 17:08:33,442][WARN]:  KiCad Schematic Reader: Unsupported keyword: 'alternate' of parentNode 'pin' at line: 2068
[2026-09-25 17:08:33,442][WARN]:  KiCad Schematic Reader: Unsupported keyword: 'alternate' of parentNode 'pin' at line: 2069
[2026-09-25 17:08:33,442][WARN]:  KiCad Schematic Reader: Unsupported keyword: 'alternate' of parentNode 'pin' at line: 2070
[2026-09-25 17:08:33,442][WARN]:  KiCad Schematic Reader: Unsupported keyword: 'alternate' of parentNode 'pin' at line: 2071
[2026-09-25 17:08:33,442][WARN]:  KiCad Schematic Reader: Unsupported keyword: 'alternate' of parentNode 'pin' at line: 2072
[2026-09-25 17:08:33,442][WARN]:  KiCad Schematic Reader: Unsupported keyword: 'alternate' of parentNode 'pin' at line: 2073
[2026-09-25 17:08:33,442][WARN]:  KiCad Schematic Reader: Unsupported keyword: 'alternate' of parentNode 'pin' at line: 2092
[2026-09-25 17:08:33,442][WARN]:  KiCad Schematic Reader: Unsupported keyword: 'alternate' of parentNode 'pin' at line: 2093
[2026-09-25 17:08:33,442][WARN]:  KiCad Schematic Reader: Unsupported keyword: 'alternate' of parentNode 'pin' at line: 2094
[2026-09-25 17:08:33,442][WARN]:  KiCad Schematic Reader: Unsupported keyword: 'alternate' of parentNode 'pin' at line: 2095
[2026-09-25 17:08:33,442][WARN]:  KiCad Schematic Reader: Unsupported keyword: 'alternate' of parentNode 'pin' at line: 2096
[2026-09-25 17:08:33,442][WARN]:  KiCad Schematic Reader: Unsupported keyword: 'alternate' of parentNode 'pin' at line: 2097
[2026-09-25 17:08:33,442][WARN]:  KiCad Schematic Reader: Unsupported keyword: 'alternate' of parentNode 'pin' at line: 2098
[2026-09-25 17:08:33,442][WARN]:  KiCad Schematic Reader: Unsupported keyword: 'alternate' of parentNode 'pin' at line: 2099
[2026-09-25 17:08:33,442][WARN]:  KiCad Schematic Reader: Unsupported keyword: 'alternate' of parentNode 'pin' at line: 2100
[2026-09-25 17:08:33,442][WARN]:  KiCad Schematic Reader: Unsupported keyword: 'alternate' of parentNode 'pin' at line: 2101
[2026-09-25 17:08:33,442][WARN]:  KiCad Schematic Reader: Unsupported keyword: 'alternate' of parentNode 'pin' at line: 2102
[2026-09-25 17:08:33,442][WARN]:  KiCad Schematic Reader: Unsupported keyword: 'alternate' of parentNode 'pin' at line: 2103
[2026-09-25 17:08:33,442][WARN]:  KiCad Schematic Reader: Unsupported keyword: 'alternate' of parentNode 'pin' at line: 2104
[2026-09-25 17:08:33,442][WARN]:  KiCad Schematic Reader: Unsupported keyword: 'alternate' of parentNode 'pin' at line: 2105
[2026-09-25 17:08:33,442][WARN]:  KiCad Schematic Reader: Unsupported keyword: 'alternate' of parentNode 'pin' at line: 2106
[2026-09-25 17:08:33,442][WARN]:  KiCad Schematic Reader: Unsupported keyword: 'alternate' of parentNode 'pin' at line: 2107
[2026-09-25 17:08:33,442][WARN]:  KiCad Schematic Reader: Unsupported keyword: 'alternate' of parentNode 'pin' at line: 2108
[2026-09-25 17:08:33,442][WARN]:  KiCad Schematic Reader: Unsupported keyword: 'alternate' of parentNode 'pin' at line: 2127
[2026-09-25 17:08:33,442][WARN]:  KiCad Schematic Reader: Unsupported keyword: 'alternate' of parentNode 'pin' at line: 2128
[2026-09-25 17:08:33,442][WARN]:  KiCad Schematic Reader: Unsupported keyword: 'alternate' of parentNode 'pin' at line: 2129
[2026-09-25 17:08:33,442][WARN]:  KiCad Schematic Reader: Unsupported keyword: 'alternate' of parentNode 'pin' at line: 2130
[2026-09-25 17:08:33,442][WARN]:  KiCad Schematic Reader: Unsupported keyword: 'alternate' of parentNode 'pin' at line: 2131
[2026-09-25 17:08:33,442][WARN]:  KiCad Schematic Reader: Unsupported keyword: 'alternate' of parentNode 'pin' at line: 2132
[2026-09-25 17:08:33,442][WARN]:  KiCad Schematic Reader: Unsupported keyword: 'alternate' of parentNode 'pin' at line: 2133
[2026-09-25 17:08:33,442][WARN]:  KiCad Schematic Reader: Unsupported keyword: 'alternate' of parentNode 'pin' at line: 2134
[2026-09-25 17:08:33,442][WARN]:  KiCad Schematic Reader: Unsupported keyword: 'alternate' of parentNode 'pin' at line: 2135
[2026-09-25 17:08:33,442][WARN]:  KiCad Schematic Reader: Unsupported keyword: 'alternate' of parentNode 'pin' at line: 2136
[2026-09-25 17:08:33,442][WARN]:  KiCad Schematic Reader: Unsupported keyword: 'alternate' of parentNode 'pin' at line: 2137
[2026-09-25 17:08:33,442][WARN]:  KiCad Schematic Reader: Unsupported keyword: 'alternate' of parentNode 'pin' at line: 2138
[2026-09-25 17:08:33,442][WARN]:  KiCad Schematic Reader: Unsupported keyword: 'alternate' of parentNode 'pin' at line: 2139
[2026-09-25 17:08:33,442][WARN]:  KiCad Schematic Reader: Unsupported keyword: 'alternate' of parentNode 'pin' at line: 2140
[2026-09-25 17:08:33,442][WARN]:  KiCad Schematic Reader: Unsupported keyword: 'alternate' of parentNode 'pin' at line: 2159
[2026-09-25 17:08:33,442][WARN]:  KiCad Schematic Reader: Unsupported keyword: 'alternate' of parentNode 'pin' at line: 2160
[2026-09-25 17:08:33,442][WARN]:  KiCad Schematic Reader: Unsupported keyword: 'alternate' of parentNode 'pin' at line: 2161
[2026-09-25 17:08:33,442][WARN]:  KiCad Schematic Reader: Unsupported keyword: 'alternate' of parentNode 'pin' at line: 2162
[2026-09-25 17:08:33,442][WARN]:  KiCad Schematic Reader: Unsupported keyword: 'alternate' of parentNode 'pin' at line: 2163
[2026-09-25 17:08:33,442][WARN]:  KiCad Schematic Reader: Unsupported keyword: 'alternate' of parentNode 'pin' at line: 2164
[2026-09-25 17:08:33,442][WARN]:  KiCad Schematic Reader: Unsupported keyword: 'alternate' of parentNode 'pin' at line: 2165
[2026-09-25 17:08:33,442][WARN]:  KiCad Schematic Reader: Unsupported keyword: 'alternate' of parentNode 'pin' at line: 2166
[2026-09-25 17:08:33,442][WARN]:  KiCad Schematic Reader: Unsupported keyword: 'alternate' of parentNode 'pin' at line: 2167
[2026-09-25 17:08:33,442][WARN]:  KiCad Schematic Reader: Unsupported keyword: 'alternate' of parentNode 'pin' at line: 2168
[2026-09-25 17:08:33,442][WARN]:  KiCad Schematic Reader: Unsupported keyword: 'alternate' of parentNode 'pin' at line: 2169
[2026-09-25 17:08:33,442][WARN]:  KiCad Schematic Reader: Unsupported keyword: 'alternate' of parentNode 'pin' at line: 2225
[2026-09-25 17:08:33,442][WARN]:  KiCad Schematic Reader: Unsupported keyword: 'alternate' of parentNode 'pin' at line: 2226
[2026-09-25 17:08:33,442][WARN]:  KiCad Schematic Reader: Unsupported keyword: 'alternate' of parentNode 'pin' at line: 2227
[2026-09-25 17:08:33,442][WARN]:  KiCad Schematic Reader: Unsupported keyword: 'alternate' of parentNode 'pin' at line: 2228
[2026-09-25 17:08:33,442][WARN]:  KiCad Schematic Reader: Unsupported keyword: 'alternate' of parentNode 'pin' at line: 2229
[2026-09-25 17:08:33,442][WARN]:  KiCad Schematic Reader: Unsupported keyword: 'alternate' of parentNode 'pin' at line: 2230
[2026-09-25 17:08:33,442][WARN]:  KiCad Schematic Reader: Unsupported keyword: 'alternate' of parentNode 'pin' at line: 2231
[2026-09-25 17:08:33,442][WARN]:  KiCad Schematic Reader: Unsupported keyword: 'alternate' of parentNode 'pin' at line: 2232
[2026-09-25 17:08:33,442][WARN]:  KiCad Schematic Reader: Unsupported keyword: 'alternate' of parentNode 'pin' at line: 2233
[2026-09-25 17:08:33,442][WARN]:  KiCad Schematic Reader: Unsupported keyword: 'alternate' of parentNode 'pin' at line: 2252
[2026-09-25 17:08:33,442][WARN]:  KiCad Schematic Reader: Unsupported keyword: 'alternate' of parentNode 'pin' at line: 2253
[2026-09-25 17:08:33,442][WARN]:  KiCad Schematic Reader: Unsupported keyword: 'alternate' of parentNode 'pin' at line: 2254
[2026-09-25 17:08:33,442][WARN]:  KiCad Schematic Reader: Unsupported keyword: 'alternate' of parentNode 'pin' at line: 2255
[2026-09-25 17:08:33,442][WARN]:  KiCad Schematic Reader: Unsupported keyword: 'alternate' of parentNode 'pin' at line: 2256
[2026-09-25 17:08:33,442][WARN]:  KiCad Schematic Reader: Unsupported keyword: 'alternate' of parentNode 'pin' at line: 2257
[2026-09-25 17:08:33,442][WARN]:  KiCad Schematic Reader: Unsupported keyword: 'alternate' of parentNode 'pin' at line: 2258
[2026-09-25 17:08:33,442][WARN]:  KiCad Schematic Reader: Unsupported keyword: 'alternate' of parentNode 'pin' at line: 2259
[2026-09-25 17:08:33,442][WARN]:  KiCad Schematic Reader: Unsupported keyword: 'alternate' of parentNode 'pin' at line: 2278
[2026-09-25 17:08:33,442][WARN]:  KiCad Schematic Reader: Unsupported keyword: 'alternate' of parentNode 'pin' at line: 2279
[2026-09-25 17:08:33,442][WARN]:  KiCad Schematic Reader: Unsupported keyword: 'alternate' of parentNode 'pin' at line: 2280
[2026-09-25 17:08:33,442][WARN]:  KiCad Schematic Reader: Unsupported keyword: 'alternate' of parentNode 'pin' at line: 2281
[2026-09-25 17:08:33,442][WARN]:  KiCad Schematic Reader: Unsupported keyword: 'alternate' of parentNode 'pin' at line: 2282
[2026-09-25 17:08:33,442][WARN]:  KiCad Schematic Reader: Unsupported keyword: 'alternate' of parentNode 'pin' at line: 2283
[2026-09-25 17:08:33,442][WARN]:  KiCad Schematic Reader: Unsupported keyword: 'alternate' of parentNode 'pin' at line: 2284
[2026-09-25 17:08:33,442][WARN]:  KiCad Schematic Reader: Unsupported keyword: 'alternate' of parentNode 'pin' at line: 2285
[2026-09-25 17:08:33,442][WARN]:  KiCad Schematic Reader: Unsupported keyword: 'alternate' of parentNode 'pin' at line: 2286
[2026-09-25 17:08:33,442][WARN]:  KiCad Schematic Reader: Unsupported keyword: 'alternate' of parentNode 'pin' at line: 2287
[2026-09-25 17:08:33,442][WARN]:  KiCad Schematic Reader: Unsupported keyword: 'alternate' of parentNode 'pin' at line: 2288
[2026-09-25 17:08:33,442][WARN]:  KiCad Schematic Reader: Unsupported keyword: 'alternate' of parentNode 'pin' at line: 2289
[2026-09-25 17:08:33,442][WARN]:  KiCad Schematic Reader: Unsupported keyword: 'alternate' of parentNode 'pin' at line: 2290
[2026-09-25 17:08:33,442][WARN]:  KiCad Schematic Reader: Unsupported keyword: 'alternate' of parentNode 'pin' at line: 2291
[2026-09-25 17:08:33,442][WARN]:  KiCad Schematic Reader: Unsupported keyword: 'alternate' of parentNode 'pin' at line: 2310
[2026-09-25 17:08:33,442][WARN]:  KiCad Schematic Reader: Unsupported keyword: 'alternate' of parentNode 'pin' at line: 2311
[2026-09-25 17:08:33,442][WARN]:  KiCad Schematic Reader: Unsupported keyword: 'alternate' of parentNode 'pin' at line: 2312
[2026-09-25 17:08:33,442][WARN]:  KiCad Schematic Reader: Unsupported keyword: 'alternate' of parentNode 'pin' at line: 2313
[2026-09-25 17:08:33,442][WARN]:  KiCad Schematic Reader: Unsupported keyword: 'alternate' of parentNode 'pin' at line: 2314
[2026-09-25 17:08:33,442][WARN]:  KiCad Schematic Reader: Unsupported keyword: 'alternate' of parentNode 'pin' at line: 2315
[2026-09-25 17:08:33,442][WARN]:  KiCad Schematic Reader: Unsupported keyword: 'alternate' of parentNode 'pin' at line: 2316
[2026-09-25 17:08:33,442][WARN]:  KiCad Schematic Reader: Unsupported keyword: 'alternate' of parentNode 'pin' at line: 2317
[2026-09-25 17:08:33,442][WARN]:  KiCad Schematic Reader: Unsupported keyword: 'alternate' of parentNode 'pin' at line: 2318
[2026-09-25 17:08:33,442][WARN]:  KiCad Schematic Reader: Unsupported keyword: 'alternate' of parentNode 'pin' at line: 2319
[2026-09-25 17:08:33,442][WARN]:  KiCad Schematic Reader: Unsupported keyword: 'alternate' of parentNode 'pin' at line: 2320
[2026-09-25 17:08:33,442][WARN]:  KiCad Schematic Reader: Unsupported keyword: 'alternate' of parentNode 'pin' at line: 2321
[2026-09-25 17:08:33,442][WARN]:  KiCad Schematic Reader: Unsupported keyword: 'alternate' of parentNode 'pin' at line: 2322
[2026-09-25 17:08:33,442][WARN]:  KiCad Schematic Reader: Unsupported keyword: 'alternate' of parentNode 'pin' at line: 2323
[2026-09-25 17:08:33,443][WARN]:  KiCad Schematic Reader: Unsupported keyword: 'alternate' of parentNode 'pin' at line: 2324
[2026-09-25 17:08:33,443][WARN]:  KiCad Schematic Reader: Unsupported keyword: 'alternate' of parentNode 'pin' at line: 2325
[2026-09-25 17:08:33,443][WARN]:  KiCad Schematic Reader: Unsupported keyword: 'alternate' of parentNode 'pin' at line: 2326
[2026-09-25 17:08:33,443][WARN]:  KiCad Schematic Reader: Unsupported keyword: 'alternate' of parentNode 'pin' at line: 2345
[2026-09-25 17:08:33,443][WARN]:  KiCad Schematic Reader: Unsupported keyword: 'alternate' of parentNode 'pin' at line: 2346
[2026-09-25 17:08:33,443][WARN]:  KiCad Schematic Reader: Unsupported keyword: 'alternate' of parentNode 'pin' at line: 2347
[2026-09-25 17:08:33,443][WARN]:  KiCad Schematic Reader: Unsupported keyword: 'alternate' of parentNode 'pin' at line: 2348
[2026-09-25 17:08:33,443][WARN]:  KiCad Schematic Reader: Unsupported keyword: 'alternate' of parentNode 'pin' at line: 2349
[2026-09-25 17:08:33,443][WARN]:  KiCad Schematic Reader: Unsupported keyword: 'alternate' of parentNode 'pin' at line: 2350
[2026-09-25 17:08:33,443][WARN]:  KiCad Schematic Reader: Unsupported keyword: 'alternate' of parentNode 'pin' at line: 2351
[2026-09-25 17:08:33,443][WARN]:  KiCad Schematic Reader: Unsupported keyword: 'alternate' of parentNode 'pin' at line: 2352
[2026-09-25 17:08:33,443][WARN]:  KiCad Schematic Reader: Unsupported keyword: 'alternate' of parentNode 'pin' at line: 2353
[2026-09-25 17:08:33,443][WARN]:  KiCad Schematic Reader: Unsupported keyword: 'alternate' of parentNode 'pin' at line: 2354
[2026-09-25 17:08:33,443][WARN]:  KiCad Schematic Reader: Unsupported keyword: 'alternate' of parentNode 'pin' at line: 2355
[2026-09-25 17:08:33,443][WARN]:  KiCad Schematic Reader: Unsupported keyword: 'alternate' of parentNode 'pin' at line: 2356
[2026-09-25 17:08:33,443][WARN]:  KiCad Schematic Reader: Unsupported keyword: 'alternate' of parentNode 'pin' at line: 2375
[2026-09-25 17:08:33,443][WARN]:  KiCad Schematic Reader: Unsupported keyword: 'alternate' of parentNode 'pin' at line: 2376
[2026-09-25 17:08:33,443][WARN]:  KiCad Schematic Reader: Unsupported keyword: 'alternate' of parentNode 'pin' at line: 2377
[2026-09-25 17:08:33,443][WARN]:  KiCad Schematic Reader: Unsupported keyword: 'alternate' of parentNode 'pin' at line: 2378
[2026-09-25 17:08:33,443][WARN]:  KiCad Schematic Reader: Unsupported keyword: 'alternate' of parentNode 'pin' at line: 2379
[2026-09-25 17:08:33,443][WARN]:  KiCad Schematic Reader: Unsupported keyword: 'alternate' of parentNode 'pin' at line: 2380
[2026-09-25 17:08:33,443][WARN]:  KiCad Schematic Reader: Unsupported keyword: 'alternate' of parentNode 'pin' at line: 2381
[2026-09-25 17:08:33,443][WARN]:  KiCad Schematic Reader: Unsupported keyword: 'alternate' of parentNode 'pin' at line: 2382
[2026-09-25 17:08:33,443][WARN]:  KiCad Schematic Reader: Unsupported keyword: 'alternate' of parentNode 'pin' at line: 2383
[2026-09-25 17:08:33,443][WARN]:  KiCad Schematic Reader: Unsupported keyword: 'alternate' of parentNode 'pin' at line: 2384
[2026-09-25 17:08:33,443][WARN]:  KiCad Schematic Reader: Unsupported keyword: 'alternate' of parentNode 'pin' at line: 2385
[2026-09-25 17:08:33,443][WARN]:  KiCad Schematic Reader: Unsupported keyword: 'alternate' of parentNode 'pin' at line: 2386
[2026-09-25 17:08:33,443][WARN]:  KiCad Schematic Reader: Unsupported keyword: 'alternate' of parentNode 'pin' at line: 2387
[2026-09-25 17:08:33,443][WARN]:  KiCad Schematic Reader: Unsupported keyword: 'alternate' of parentNode 'pin' at line: 2388
[2026-09-25 17:08:33,443][WARN]:  KiCad Schematic Reader: Unsupported keyword: 'alternate' of parentNode 'pin' at line: 2407
[2026-09-25 17:08:33,443][WARN]:  KiCad Schematic Reader: Unsupported keyword: 'alternate' of parentNode 'pin' at line: 2408
[2026-09-25 17:08:33,443][WARN]:  KiCad Schematic Reader: Unsupported keyword: 'alternate' of parentNode 'pin' at line: 2409
[2026-09-25 17:08:33,443][WARN]:  KiCad Schematic Reader: Unsupported keyword: 'alternate' of parentNode 'pin' at line: 2410
[2026-09-25 17:08:33,443][WARN]:  KiCad Schematic Reader: Unsupported keyword: 'alternate' of parentNode 'pin' at line: 2411
[2026-09-25 17:08:33,443][WARN]:  KiCad Schematic Reader: Unsupported keyword: 'alternate' of parentNode 'pin' at line: 2412
[2026-09-25 17:08:33,443][WARN]:  KiCad Schematic Reader: Unsupported keyword: 'alternate' of parentNode 'pin' at line: 2413
[2026-09-25 17:08:33,443][WARN]:  KiCad Schematic Reader: Unsupported keyword: 'alternate' of parentNode 'pin' at line: 2414
[2026-09-25 17:08:33,443][WARN]:  KiCad Schematic Reader: Unsupported keyword: 'alternate' of parentNode 'pin' at line: 2415
[2026-09-25 17:08:33,443][WARN]:  KiCad Schematic Reader: Unsupported keyword: 'alternate' of parentNode 'pin' at line: 2416
[2026-09-25 17:08:33,443][WARN]:  KiCad Schematic Reader: Unsupported keyword: 'alternate' of parentNode 'pin' at line: 2417
[2026-09-25 17:08:33,443][WARN]:  KiCad Schematic Reader: Unsupported keyword: 'alternate' of parentNode 'pin' at line: 2418
[2026-09-25 17:08:33,443][WARN]:  KiCad Schematic Reader: Unsupported keyword: 'alternate' of parentNode 'pin' at line: 2419
[2026-09-25 17:08:33,443][WARN]:  KiCad Schematic Reader: Unsupported keyword: 'alternate' of parentNode 'pin' at line: 2438
[2026-09-25 17:08:33,443][WARN]:  KiCad Schematic Reader: Unsupported keyword: 'alternate' of parentNode 'pin' at line: 2439
[2026-09-25 17:08:33,443][WARN]:  KiCad Schematic Reader: Unsupported keyword: 'alternate' of parentNode 'pin' at line: 2440
[2026-09-25 17:08:33,443][WARN]:  KiCad Schematic Reader: Unsupported keyword: 'alternate' of parentNode 'pin' at line: 2441
[2026-09-25 17:08:33,443][WARN]:  KiCad Schematic Reader: Unsupported keyword: 'alternate' of parentNode 'pin' at line: 2442
[2026-09-25 17:08:33,443][WARN]:  KiCad Schematic Reader: Unsupported keyword: 'alternate' of parentNode 'pin' at line: 2443
[2026-09-25 17:08:33,443][WARN]:  KiCad Schematic Reader: Unsupported keyword: 'alternate' of parentNode 'pin' at line: 2444
[2026-09-25 17:08:33,443][WARN]:  KiCad Schematic Reader: Unsupported keyword: 'alternate' of parentNode 'pin' at line: 2445
[2026-09-25 17:08:33,443][WARN]:  KiCad Schematic Reader: Unsupported keyword: 'alternate' of parentNode 'pin' at line: 2446
[2026-09-25 17:08:33,443][WARN]:  KiCad Schematic Reader: Unsupported keyword: 'alternate' of parentNode 'pin' at line: 2447
[2026-09-25 17:08:33,443][WARN]:  KiCad Schematic Reader: Unsupported keyword: 'alternate' of parentNode 'pin' at line: 2448
[2026-09-25 17:08:33,443][WARN]:  KiCad Schematic Reader: Unsupported keyword: 'alternate' of parentNode 'pin' at line: 2467
[2026-09-25 17:08:33,443][WARN]:  KiCad Schematic Reader: Unsupported keyword: 'alternate' of parentNode 'pin' at line: 2468
[2026-09-25 17:08:33,443][WARN]:  KiCad Schematic Reader: Unsupported keyword: 'alternate' of parentNode 'pin' at line: 2469
[2026-09-25 17:08:33,443][WARN]:  KiCad Schematic Reader: Unsupported keyword: 'alternate' of parentNode 'pin' at line: 2470
[2026-09-25 17:08:33,443][WARN]:  KiCad Schematic Reader: Unsupported keyword: 'alternate' of parentNode 'pin' at line: 2471
[2026-09-25 17:08:33,443][WARN]:  KiCad Schematic Reader: Unsupported keyword: 'alternate' of parentNode 'pin' at line: 2472
[2026-09-25 17:08:33,443][WARN]:  KiCad Schematic Reader: Unsupported keyword: 'alternate' of parentNode 'pin' at line: 2473
[2026-09-25 17:08:33,443][WARN]:  KiCad Schematic Reader: Unsupported keyword: 'alternate' of parentNode 'pin' at line: 2474
[2026-09-25 17:08:33,443][WARN]:  KiCad Schematic Reader: Unsupported keyword: 'alternate' of parentNode 'pin' at line: 2475
[2026-09-25 17:08:33,443][WARN]:  KiCad Schematic Reader: Unsupported keyword: 'alternate' of parentNode 'pin' at line: 2476
[2026-09-25 17:08:33,443][WARN]:  KiCad Schematic Reader: Unsupported keyword: 'alternate' of parentNode 'pin' at line: 2477
[2026-09-25 17:08:33,443][WARN]:  KiCad Schematic Reader: Unsupported keyword: 'alternate' of parentNode 'pin' at line: 2496
[2026-09-25 17:08:33,443][WARN]:  KiCad Schematic Reader: Unsupported keyword: 'alternate' of parentNode 'pin' at line: 2497
[2026-09-25 17:08:33,443][WARN]:  KiCad Schematic Reader: Unsupported keyword: 'alternate' of parentNode 'pin' at line: 2498
[2026-09-25 17:08:33,443][WARN]:  KiCad Schematic Reader: Unsupported keyword: 'alternate' of parentNode 'pin' at line: 2499
[2026-09-25 17:08:33,443][WARN]:  KiCad Schematic Reader: Unsupported keyword: 'alternate' of parentNode 'pin' at line: 2500
[2026-09-25 17:08:33,443][WARN]:  KiCad Schematic Reader: Unsupported keyword: 'alternate' of parentNode 'pin' at line: 2501
[2026-09-25 17:08:33,443][WARN]:  KiCad Schematic Reader: Unsupported keyword: 'alternate' of parentNode 'pin' at line: 2502
[2026-09-25 17:08:33,443][WARN]:  KiCad Schematic Reader: Unsupported keyword: 'alternate' of parentNode 'pin' at line: 2503
[2026-09-25 17:08:33,443][WARN]:  KiCad Schematic Reader: Unsupported keyword: 'alternate' of parentNode 'pin' at line: 2504
[2026-09-25 17:08:33,443][WARN]:  KiCad Schematic Reader: Unsupported keyword: 'alternate' of parentNode 'pin' at line: 2505
[2026-09-25 17:08:33,443][WARN]:  KiCad Schematic Reader: Unsupported keyword: 'alternate' of parentNode 'pin' at line: 2506
[2026-09-25 17:08:33,443][WARN]:  KiCad Schematic Reader: Unsupported keyword: 'alternate' of parentNode 'pin' at line: 2507
[2026-09-25 17:08:33,443][WARN]:  KiCad Schematic Reader: Unsupported keyword: 'alternate' of parentNode 'pin' at line: 2508
[2026-09-25 17:08:33,443][WARN]:  KiCad Schematic Reader: Unsupported keyword: 'alternate' of parentNode 'pin' at line: 2509
[2026-09-25 17:08:33,443][WARN]:  KiCad Schematic Reader: Unsupported keyword: 'alternate' of parentNode 'pin' at line: 2510
[2026-09-25 17:08:33,443][WARN]:  KiCad Schematic Reader: Unsupported keyword: 'alternate' of parentNode 'pin' at line: 2511
[2026-09-25 17:08:33,443][WARN]:  KiCad Schematic Reader: Unsupported keyword: 'in_pos_files' of parentNode 'symbol' at line: 2560
[2026-09-25 17:08:33,443][WARN]:  KiCad Schematic Reader: Unsupported keyword: 'duplicate_pin_numbers_are_jumpers' of parentNode 'symbol' at line: 2561
[2026-09-25 17:08:33,443][WARN]:  KiCad Schematic Reader: Unsupported keyword: 'in_pos_files' of parentNode 'symbol' at line: 2735
[2026-09-25 17:08:33,443][WARN]:  KiCad Schematic Reader: Unsupported keyword: 'duplicate_pin_numbers_are_jumpers' of parentNode 'symbol' at line: 2736
[2026-09-25 17:08:33,443][WARN]:  KiCad Schematic Reader: Unsupported keyword: 'in_pos_files' of parentNode 'symbol' at line: 2874
[2026-09-25 17:08:33,443][WARN]:  KiCad Schematic Reader: Unsupported keyword: 'duplicate_pin_numbers_are_jumpers' of parentNode 'symbol' at line: 2875
[2026-09-25 17:08:33,443][WARN]:  KiCad Schematic Reader: Unsupported keyword: 'in_pos_files' of parentNode 'symbol' at line: 3013
[2026-09-25 17:08:33,443][WARN]:  KiCad Schematic Reader: Unsupported keyword: 'duplicate_pin_numbers_are_jumpers' of parentNode 'symbol' at line: 3014
[2026-09-25 17:08:33,443][WARN]:  KiCad Schematic Reader: Unsupported keyword: 'uuid' of parentNode 'rectangle' at line: 3127
[2026-09-25 17:08:33,443][WARN]:  KiCad Schematic Reader: Unsupported keyword: 'uuid' of parentNode 'rectangle' at line: 3139
[2026-09-25 17:08:33,444][WARN]:  KiCad Schematic Reader: Unsupported keyword: 'body_style' of parentNode 'symbol' at line: 6772
[2026-09-25 17:08:33,444][WARN]:  KiCad Schematic Reader: Unsupported keyword: 'in_pos_files' of parentNode 'symbol' at line: 6776
[2026-09-25 17:08:33,444][WARN]:  KiCad Schematic Reader: Unsupported keyword: 'body_style' of parentNode 'symbol' at line: 6931
[2026-09-25 17:08:33,444][WARN]:  KiCad Schematic Reader: Unsupported keyword: 'in_pos_files' of parentNode 'symbol' at line: 6935
[2026-09-25 17:08:33,444][WARN]:  KiCad Schematic Reader: Unsupported keyword: 'body_style' of parentNode 'symbol' at line: 7011
[2026-09-25 17:08:33,444][WARN]:  KiCad Schematic Reader: Unsupported keyword: 'in_pos_files' of parentNode 'symbol' at line: 7015
[2026-09-25 17:08:33,444][WARN]:  KiCad Schematic Reader: Unsupported keyword: 'body_style' of parentNode 'symbol' at line: 7091
[2026-09-25 17:08:33,444][WARN]:  KiCad Schematic Reader: Unsupported keyword: 'in_pos_files' of parentNode 'symbol' at line: 7095
[2026-09-25 17:08:33,444][WARN]:  KiCad Schematic Reader: Unsupported keyword: 'body_style' of parentNode 'symbol' at line: 7245
[2026-09-25 17:08:33,444][WARN]:  KiCad Schematic Reader: Unsupported keyword: 'in_pos_files' of parentNode 'symbol' at line: 7249
[2026-09-25 17:08:33,444][WARN]:  KiCad Schematic Reader: Unsupported keyword: 'body_style' of parentNode 'symbol' at line: 7323
[2026-09-25 17:08:33,444][WARN]:  KiCad Schematic Reader: Unsupported keyword: 'in_pos_files' of parentNode 'symbol' at line: 7327
[2026-09-25 17:08:33,444][WARN]:  KiCad Schematic Reader: Unsupported keyword: 'body_style' of parentNode 'symbol' at line: 7401
[2026-09-25 17:08:33,444][WARN]:  KiCad Schematic Reader: Unsupported keyword: 'in_pos_files' of parentNode 'symbol' at line: 7405
[2026-09-25 17:08:33,444][WARN]:  KiCad Schematic Reader: Unsupported keyword: 'body_style' of parentNode 'symbol' at line: 7560
[2026-09-25 17:08:33,444][WARN]:  KiCad Schematic Reader: Unsupported keyword: 'in_pos_files' of parentNode 'symbol' at line: 7564
[2026-09-25 17:08:33,444][WARN]:  KiCad Schematic Reader: Unsupported keyword: 'body_style' of parentNode 'symbol' at line: 7640
[2026-09-25 17:08:33,444][WARN]:  KiCad Schematic Reader: Unsupported keyword: 'in_pos_files' of parentNode 'symbol' at line: 7644
[2026-09-25 17:08:33,444][WARN]:  KiCad Schematic Reader: Unsupported keyword: 'body_style' of parentNode 'symbol' at line: 7720
[2026-09-25 17:08:33,444][WARN]:  KiCad Schematic Reader: Unsupported keyword: 'in_pos_files' of parentNode 'symbol' at line: 7724
[2026-09-25 17:08:33,444][WARN]:  KiCad Schematic Reader: Unsupported keyword: 'body_style' of parentNode 'symbol' at line: 7879
[2026-09-25 17:08:33,444][WARN]:  KiCad Schematic Reader: Unsupported keyword: 'in_pos_files' of parentNode 'symbol' at line: 7883
[2026-09-25 17:08:33,444][WARN]:  KiCad Schematic Reader: Unsupported keyword: 'body_style' of parentNode 'symbol' at line: 8038
[2026-09-25 17:08:33,444][WARN]:  KiCad Schematic Reader: Unsupported keyword: 'in_pos_files' of parentNode 'symbol' at line: 8042
[2026-09-25 17:08:33,444][WARN]:  KiCad Schematic Reader: Unsupported keyword: 'body_style' of parentNode 'symbol' at line: 8116
[2026-09-25 17:08:33,444][WARN]:  KiCad Schematic Reader: Unsupported keyword: 'in_pos_files' of parentNode 'symbol' at line: 8120
[2026-09-25 17:08:33,444][WARN]:  KiCad Schematic Reader: Unsupported keyword: 'body_style' of parentNode 'symbol' at line: 8195
[2026-09-25 17:08:33,444][WARN]:  KiCad Schematic Reader: Unsupported keyword: 'in_pos_files' of parentNode 'symbol' at line: 8199
[2026-09-25 17:08:33,444][WARN]:  KiCad Schematic Reader: Unsupported keyword: 'body_style' of parentNode 'symbol' at line: 8275
[2026-09-25 17:08:33,444][WARN]:  KiCad Schematic Reader: Unsupported keyword: 'in_pos_files' of parentNode 'symbol' at line: 8279
[2026-09-25 17:08:33,444][WARN]:  KiCad Schematic Reader: Unsupported keyword: 'body_style' of parentNode 'symbol' at line: 8353
[2026-09-25 17:08:33,444][WARN]:  KiCad Schematic Reader: Unsupported keyword: 'in_pos_files' of parentNode 'symbol' at line: 8357
[2026-09-25 17:08:33,444][WARN]:  KiCad Schematic Reader: Unsupported keyword: 'body_style' of parentNode 'symbol' at line: 8433
[2026-09-25 17:08:33,444][WARN]:  KiCad Schematic Reader: Unsupported keyword: 'in_pos_files' of parentNode 'symbol' at line: 8437
[2026-09-25 17:08:33,444][WARN]:  KiCad Schematic Reader: Unsupported keyword: 'body_style' of parentNode 'symbol' at line: 8511
[2026-09-25 17:08:33,444][WARN]:  KiCad Schematic Reader: Unsupported keyword: 'in_pos_files' of parentNode 'symbol' at line: 8515
[2026-09-25 17:08:33,444][WARN]:  KiCad Schematic Reader: Unsupported keyword: 'body_style' of parentNode 'symbol' at line: 8590
[2026-09-25 17:08:33,444][WARN]:  KiCad Schematic Reader: Unsupported keyword: 'in_pos_files' of parentNode 'symbol' at line: 8594
[2026-09-25 17:08:33,444][WARN]:  KiCad Schematic Reader: Unsupported keyword: 'body_style' of parentNode 'symbol' at line: 8669
[2026-09-25 17:08:33,444][WARN]:  KiCad Schematic Reader: Unsupported keyword: 'in_pos_files' of parentNode 'symbol' at line: 8673
[2026-09-25 17:08:33,444][WARN]:  KiCad Schematic Reader: Unsupported keyword: 'body_style' of parentNode 'symbol' at line: 8828
[2026-09-25 17:08:33,444][WARN]:  KiCad Schematic Reader: Unsupported keyword: 'in_pos_files' of parentNode 'symbol' at line: 8832
[2026-09-25 17:08:33,444][WARN]:  KiCad Schematic Reader: Unsupported keyword: 'body_style' of parentNode 'symbol' at line: 8908
[2026-09-25 17:08:33,444][WARN]:  KiCad Schematic Reader: Unsupported keyword: 'in_pos_files' of parentNode 'symbol' at line: 8912
[2026-09-25 17:08:33,444][WARN]:  KiCad Schematic Reader: Unsupported keyword: 'body_style' of parentNode 'symbol' at line: 8988
[2026-09-25 17:08:33,444][WARN]:  KiCad Schematic Reader: Unsupported keyword: 'in_pos_files' of parentNode 'symbol' at line: 8992
[2026-09-25 17:08:33,444][WARN]:  KiCad Schematic Reader: Unsupported keyword: 'body_style' of parentNode 'symbol' at line: 9146
[2026-09-25 17:08:33,444][WARN]:  KiCad Schematic Reader: Unsupported keyword: 'in_pos_files' of parentNode 'symbol' at line: 9150
[2026-09-25 17:08:33,444][WARN]:  KiCad Schematic Reader: Unsupported keyword: 'body_style' of parentNode 'symbol' at line: 9224
[2026-09-25 17:08:33,444][WARN]:  KiCad Schematic Reader: Unsupported keyword: 'in_pos_files' of parentNode 'symbol' at line: 9228
[2026-09-25 17:08:33,444][WARN]:  KiCad Schematic Reader: Unsupported keyword: 'body_style' of parentNode 'symbol' at line: 9302
[2026-09-25 17:08:33,444][WARN]:  KiCad Schematic Reader: Unsupported keyword: 'in_pos_files' of parentNode 'symbol' at line: 9306
[2026-09-25 17:08:33,444][WARN]:  KiCad Schematic Reader: Unsupported keyword: 'body_style' of parentNode 'symbol' at line: 9381
[2026-09-25 17:08:33,444][WARN]:  KiCad Schematic Reader: Unsupported keyword: 'in_pos_files' of parentNode 'symbol' at line: 9385
[2026-09-25 17:08:33,444][WARN]:  KiCad Schematic Reader: Unsupported keyword: 'body_style' of parentNode 'symbol' at line: 9540
[2026-09-25 17:08:33,444][WARN]:  KiCad Schematic Reader: Unsupported keyword: 'in_pos_files' of parentNode 'symbol' at line: 9544
[2026-09-25 17:08:33,444][WARN]:  KiCad Schematic Reader: Unsupported keyword: 'body_style' of parentNode 'symbol' at line: 9710
[2026-09-25 17:08:33,444][WARN]:  KiCad Schematic Reader: Unsupported keyword: 'in_pos_files' of parentNode 'symbol' at line: 9714
[2026-09-25 17:08:33,445][WARN]:  KiCad Schematic Reader: Unsupported keyword: 'body_style' of parentNode 'symbol' at line: 9790
[2026-09-25 17:08:33,445][WARN]:  KiCad Schematic Reader: Unsupported keyword: 'in_pos_files' of parentNode 'symbol' at line: 9794
[2026-09-25 17:08:33,445][WARN]:  KiCad Schematic Reader: Unsupported keyword: 'body_style' of parentNode 'symbol' at line: 9869
[2026-09-25 17:08:33,445][WARN]:  KiCad Schematic Reader: Unsupported keyword: 'in_pos_files' of parentNode 'symbol' at line: 9873
[2026-09-25 17:08:33,445][WARN]:  KiCad Schematic Reader: Unsupported keyword: 'body_style' of parentNode 'symbol' at line: 10035
[2026-09-25 17:08:33,445][WARN]:  KiCad Schematic Reader: Unsupported keyword: 'in_pos_files' of parentNode 'symbol' at line: 10039
[2026-09-25 17:08:33,445][WARN]:  KiCad Schematic Reader: Unsupported keyword: 'body_style' of parentNode 'symbol' at line: 10194
[2026-09-25 17:08:33,445][WARN]:  KiCad Schematic Reader: Unsupported keyword: 'in_pos_files' of parentNode 'symbol' at line: 10198
[2026-09-25 17:08:33,445][WARN]:  KiCad Schematic Reader: Unsupported keyword: 'body_style' of parentNode 'symbol' at line: 10272
[2026-09-25 17:08:33,445][WARN]:  KiCad Schematic Reader: Unsupported keyword: 'in_pos_files' of parentNode 'symbol' at line: 10276
[2026-09-25 17:08:33,445][WARN]:  KiCad Schematic Reader: Unsupported keyword: 'body_style' of parentNode 'symbol' at line: 10350
[2026-09-25 17:08:33,445][WARN]:  KiCad Schematic Reader: Unsupported keyword: 'in_pos_files' of parentNode 'symbol' at line: 10354
[2026-09-25 17:08:33,445][WARN]:  KiCad Schematic Reader: Unsupported keyword: 'body_style' of parentNode 'symbol' at line: 10430
[2026-09-25 17:08:33,445][WARN]:  KiCad Schematic Reader: Unsupported keyword: 'in_pos_files' of parentNode 'symbol' at line: 10434
[2026-09-25 17:08:33,445][WARN]:  KiCad Schematic Reader: Unsupported keyword: 'body_style' of parentNode 'symbol' at line: 10597
[2026-09-25 17:08:33,445][WARN]:  KiCad Schematic Reader: Unsupported keyword: 'in_pos_files' of parentNode 'symbol' at line: 10601
[2026-09-25 17:08:33,445][WARN]:  KiCad Schematic Reader: Unsupported keyword: 'body_style' of parentNode 'symbol' at line: 10767
[2026-09-25 17:08:33,445][WARN]:  KiCad Schematic Reader: Unsupported keyword: 'in_pos_files' of parentNode 'symbol' at line: 10771
[2026-09-25 17:08:33,445][WARN]:  KiCad Schematic Reader: Unsupported keyword: 'body_style' of parentNode 'symbol' at line: 10845
[2026-09-25 17:08:33,445][WARN]:  KiCad Schematic Reader: Unsupported keyword: 'in_pos_files' of parentNode 'symbol' at line: 10849
[2026-09-25 17:08:33,445][WARN]:  KiCad Schematic Reader: Unsupported keyword: 'body_style' of parentNode 'symbol' at line: 10924
[2026-09-25 17:08:33,445][WARN]:  KiCad Schematic Reader: Unsupported keyword: 'in_pos_files' of parentNode 'symbol' at line: 10928
[2026-09-25 17:08:33,445][WARN]:  KiCad Schematic Reader: Unsupported keyword: 'body_style' of parentNode 'symbol' at line: 11083
[2026-09-25 17:08:33,445][WARN]:  KiCad Schematic Reader: Unsupported keyword: 'in_pos_files' of parentNode 'symbol' at line: 11087
[2026-09-25 17:08:33,445][WARN]:  KiCad Schematic Reader: Unsupported keyword: 'body_style' of parentNode 'symbol' at line: 11163
[2026-09-25 17:08:33,445][WARN]:  KiCad Schematic Reader: Unsupported keyword: 'in_pos_files' of parentNode 'symbol' at line: 11167
[2026-09-25 17:08:33,445][WARN]:  KiCad Schematic Reader: Unsupported keyword: 'body_style' of parentNode 'symbol' at line: 11461
[2026-09-25 17:08:33,445][WARN]:  KiCad Schematic Reader: Unsupported keyword: 'in_pos_files' of parentNode 'symbol' at line: 11465
[2026-09-25 17:08:33,445][WARN]:  KiCad Schematic Reader: Unsupported keyword: 'body_style' of parentNode 'symbol' at line: 11539
[2026-09-25 17:08:33,445][WARN]:  KiCad Schematic Reader: Unsupported keyword: 'in_pos_files' of parentNode 'symbol' at line: 11543
[2026-09-25 17:08:33,446][INFO]:  Converting document: 'C:/Users/willi/KiCad/projects/EPICS_Connect4/PCB/stm32.kicad_sch'
[2026-09-25 17:08:33,446][INFO]:  KiCad Symbol Converter: Converting KiCad symbol: 'Connect4_Library:SN74AHCT1G125DBVR'
[2026-09-25 17:08:33,446][INFO]:  KiCad Symbol Converter: Generating DeviceSet: 'SN74AHCT1G125DBVR'
[2026-09-25 17:08:33,446][INFO]:  KiCad Symbol Converter: Generating DeviceSet: 'SN74AHCT1G125DBVR' finished successfully
[2026-09-25 17:08:33,446][INFO]:  KiCad Symbol Converter: Converting KiCad symbol: 'Connect4_Library:SN74AHCT1G125DBVR' finished successfully
[2026-09-25 17:08:33,446][INFO]:  KiCad Symbol Converter: Converting KiCad symbol: 'Connector:TC2030'
[2026-09-25 17:08:33,446][INFO]:  KiCad Symbol Converter: Generating DeviceSet: 'TC2030'
[2026-09-25 17:08:33,446][INFO]:  KiCad Symbol Converter: Symbol pin '' at line '376' was renamed to '@1' because of name duplication
[2026-09-25 17:08:33,446][INFO]:  KiCad Symbol Converter: Symbol pin '' at line '394' was renamed to '@2' because of name duplication
[2026-09-25 17:08:33,446][INFO]:  KiCad Symbol Converter: Symbol pin '' at line '412' was renamed to '@3' because of name duplication
[2026-09-25 17:08:33,446][INFO]:  KiCad Symbol Converter: Symbol pin '' at line '430' was renamed to '@4' because of name duplication
[2026-09-25 17:08:33,446][INFO]:  KiCad Symbol Converter: Symbol pin '' at line '448' was renamed to '@5' because of name duplication
[2026-09-25 17:08:33,446][INFO]:  KiCad Symbol Converter: Symbol pin '' at line '466' was renamed to '@6' because of name duplication
[2026-09-25 17:08:33,447][INFO]:  KiCad Symbol Converter: Generating DeviceSet: 'TC2030' finished successfully
[2026-09-25 17:08:33,447][INFO]:  KiCad Symbol Converter: Converting KiCad symbol: 'Connector:TC2030' finished successfully
[2026-09-25 17:08:33,447][INFO]:  KiCad Symbol Converter: Converting KiCad symbol: 'Connector:TestPoint'
[2026-09-25 17:08:33,447][INFO]:  KiCad Symbol Converter: Generating DeviceSet: 'TestPoint'
[2026-09-25 17:08:33,447][INFO]:  KiCad Symbol Converter: Generating DeviceSet: 'TESTPOINT' finished successfully
[2026-09-25 17:08:33,447][INFO]:  KiCad Symbol Converter: Converting KiCad symbol: 'Connector:TestPoint' finished successfully
[2026-09-25 17:08:33,447][INFO]:  KiCad Symbol Converter: Converting KiCad symbol: 'Device:C_Small'
[2026-09-25 17:08:33,447][INFO]:  KiCad Symbol Converter: Generating DeviceSet: 'C_Small'
[2026-09-25 17:08:33,447][INFO]:  KiCad Symbol Converter: Generating DeviceSet: 'C_SMALL' finished successfully
[2026-09-25 17:08:33,447][INFO]:  KiCad Symbol Converter: Converting KiCad symbol: 'Device:C_Small' finished successfully
[2026-09-25 17:08:33,447][INFO]:  KiCad Symbol Converter: Converting KiCad symbol: 'Device:LED_Small'
[2026-09-25 17:08:33,447][INFO]:  KiCad Symbol Converter: Generating DeviceSet: 'LED_Small'
[2026-09-25 17:08:33,447][INFO]:  KiCad Symbol Converter: Generating DeviceSet: 'LED_SMALL' finished successfully
[2026-09-25 17:08:33,447][INFO]:  KiCad Symbol Converter: Converting KiCad symbol: 'Device:LED_Small' finished successfully
[2026-09-25 17:08:33,447][INFO]:  KiCad Symbol Converter: Converting KiCad symbol: 'Device:R_Small'
[2026-09-25 17:08:33,447][INFO]:  KiCad Symbol Converter: Generating DeviceSet: 'R_Small'
[2026-09-25 17:08:33,447][INFO]:  KiCad Symbol Converter: Generating DeviceSet: 'R_SMALL' finished successfully
[2026-09-25 17:08:33,447][INFO]:  KiCad Symbol Converter: Converting KiCad symbol: 'Device:R_Small' finished successfully
[2026-09-25 17:08:33,447][INFO]:  KiCad Symbol Converter: Converting KiCad symbol: 'MCU_ST_STM32G4:STM32G474CBTx'
[2026-09-25 17:08:33,447][INFO]:  KiCad Symbol Converter: Generating DeviceSet: 'STM32G474CBTx'
[2026-09-25 17:08:33,447][INFO]:  KiCad Symbol Converter: Symbol pin 'VSS' at line '1808' was renamed to 'VSS@1' because of name duplication
[2026-09-25 17:08:33,447][INFO]:  KiCad Symbol Converter: Symbol pin 'VDD' at line '1826' was renamed to 'VDD@1' because of name duplication
[2026-09-25 17:08:33,447][INFO]:  KiCad Symbol Converter: Symbol pin 'VSS' at line '2171' was renamed to 'VSS@2' because of name duplication
[2026-09-25 17:08:33,447][INFO]:  KiCad Symbol Converter: Symbol pin 'VDD' at line '2190' was renamed to 'VDD@2' because of name duplication
[2026-09-25 17:08:33,447][INFO]:  KiCad Symbol Converter: Symbol pin 'VSS' at line '2513' was renamed to 'VSS@3' because of name duplication
[2026-09-25 17:08:33,447][INFO]:  KiCad Symbol Converter: Symbol pin 'VDD' at line '2532' was renamed to 'VDD@3' because of name duplication
[2026-09-25 17:08:33,448][INFO]:  KiCad Symbol Converter: Generating DeviceSet: 'STM32G474CBTX' finished successfully
[2026-09-25 17:08:33,448][INFO]:  KiCad Symbol Converter: Converting KiCad symbol: 'MCU_ST_STM32G4:STM32G474CBTx' finished successfully
[2026-09-25 17:08:33,448][INFO]:  KiCad Symbol Converter: Converting KiCad symbol: 'SN74AHCT1G125DBVR_1'
[2026-09-25 17:08:33,448][INFO]:  KiCad Symbol Converter: Generating DeviceSet: 'SN74AHCT1G125DBVR_1'
[2026-09-25 17:08:33,449][INFO]:  KiCad Symbol Converter: Generating DeviceSet: 'SN74AHCT1G125DBVR_1' finished successfully
[2026-09-25 17:08:33,449][INFO]:  KiCad Symbol Converter: Converting KiCad symbol: 'SN74AHCT1G125DBVR_1' finished successfully
[2026-09-25 17:08:33,449][INFO]:  KiCad Symbol Converter: Converting KiCad symbol: 'power:+3V3'
[2026-09-25 17:08:33,449][INFO]:  KiCad Symbol Converter: Generating DeviceSet: '+3V3'
[2026-09-25 17:08:33,449][INFO]:  KiCad Symbol Converter: Generating DeviceSet: '+3V3' finished successfully
[2026-09-25 17:08:33,449][INFO]:  KiCad Symbol Converter: Converting KiCad symbol: 'power:+3V3' finished successfully
[2026-09-25 17:08:33,449][INFO]:  KiCad Symbol Converter: Converting KiCad symbol: 'power:+5V'
[2026-09-25 17:08:33,449][INFO]:  KiCad Symbol Converter: Generating DeviceSet: '+5V'
[2026-09-25 17:08:33,449][INFO]:  KiCad Symbol Converter: Generating DeviceSet: '+5V' finished successfully
[2026-09-25 17:08:33,449][INFO]:  KiCad Symbol Converter: Converting KiCad symbol: 'power:+5V' finished successfully
[2026-09-25 17:08:33,449][INFO]:  KiCad Symbol Converter: Converting KiCad symbol: 'power:GND'
[2026-09-25 17:08:33,449][INFO]:  KiCad Symbol Converter: Generating DeviceSet: 'GND'
[2026-09-25 17:08:33,449][INFO]:  KiCad Symbol Converter: Generating DeviceSet: 'GND' finished successfully
[2026-09-25 17:08:33,449][INFO]:  KiCad Symbol Converter: Converting KiCad symbol: 'power:GND' finished successfully
[2026-09-25 17:08:33,449][INFO]:  Converted 11 schematic symbols
[2026-09-25 17:08:33,506][INFO]:  KiCad Schematic Converter: Attribute name 'Footprint' from line 6802 need to be changed to 'FOOTPRINT'
[2026-09-25 17:08:33,506][INFO]:  KiCad Schematic Converter: Attribute name 'Description' from line 6824 need to be changed to 'DESCRIPTION'
[2026-09-25 17:08:33,507][INFO]:  KiCad Schematic Converter: Attribute name 'Footprint' from line 6959 need to be changed to 'FOOTPRINT'
[2026-09-25 17:08:33,507][INFO]:  KiCad Schematic Converter: Attribute name 'Description' from line 6981 need to be changed to 'DESCRIPTION'
[2026-09-25 17:08:33,507][INFO]:  KiCad Schematic Converter: Attribute name 'Footprint' from line 7039 need to be changed to 'FOOTPRINT'
[2026-09-25 17:08:33,507][INFO]:  KiCad Schematic Converter: Attribute name 'Description' from line 7061 need to be changed to 'DESCRIPTION'
[2026-09-25 17:08:33,507][INFO]:  KiCad Schematic Converter: Attribute name 'Footprint' from line 7119 need to be changed to 'FOOTPRINT'
[2026-09-25 17:08:33,507][INFO]:  KiCad Schematic Converter: Attribute name 'Description' from line 7141 need to be changed to 'DESCRIPTION'
[2026-09-25 17:08:33,508][INFO]:  KiCad Schematic Converter: Attribute name 'Footprint' from line 7274 need to be changed to 'FOOTPRINT'
[2026-09-25 17:08:33,508][INFO]:  KiCad Schematic Converter: Attribute name 'Description' from line 7296 need to be changed to 'DESCRIPTION'
[2026-09-25 17:08:33,508][INFO]:  KiCad Schematic Converter: Attribute name 'Footprint' from line 7352 need to be changed to 'FOOTPRINT'
[2026-09-25 17:08:33,508][INFO]:  KiCad Schematic Converter: Attribute name 'Description' from line 7374 need to be changed to 'DESCRIPTION'
[2026-09-25 17:08:33,509][INFO]:  KiCad Schematic Converter: Attribute name 'Footprint' from line 7431 need to be changed to 'FOOTPRINT'
[2026-09-25 17:08:33,509][INFO]:  KiCad Schematic Converter: Attribute name 'Description' from line 7453 need to be changed to 'DESCRIPTION'
[2026-09-25 17:08:33,509][INFO]:  KiCad Schematic Converter: Attribute name 'Footprint' from line 7588 need to be changed to 'FOOTPRINT'
[2026-09-25 17:08:33,509][INFO]:  KiCad Schematic Converter: Attribute name 'Description' from line 7610 need to be changed to 'DESCRIPTION'
[2026-09-25 17:08:33,509][INFO]:  KiCad Schematic Converter: Attribute name 'Footprint' from line 7668 need to be changed to 'FOOTPRINT'
[2026-09-25 17:08:33,509][INFO]:  KiCad Schematic Converter: Attribute name 'Description' from line 7690 need to be changed to 'DESCRIPTION'
[2026-09-25 17:08:33,510][INFO]:  KiCad Schematic Converter: Attribute name 'Footprint' from line 7750 need to be changed to 'FOOTPRINT'
[2026-09-25 17:08:33,510][INFO]:  KiCad Schematic Converter: Attribute name 'Description' from line 7772 need to be changed to 'DESCRIPTION'
[2026-09-25 17:08:33,510][INFO]:  KiCad Schematic Converter: Attribute name 'Footprint' from line 7909 need to be changed to 'FOOTPRINT'
[2026-09-25 17:08:33,510][INFO]:  KiCad Schematic Converter: Attribute name 'Description' from line 7931 need to be changed to 'DESCRIPTION'
[2026-09-25 17:08:33,510][INFO]:  KiCad Schematic Converter: Attribute name 'Footprint' from line 8067 need to be changed to 'FOOTPRINT'
[2026-09-25 17:08:33,510][INFO]:  KiCad Schematic Converter: Attribute name 'Description' from line 8089 need to be changed to 'DESCRIPTION'
[2026-09-25 17:08:33,511][INFO]:  KiCad Schematic Converter: Attribute name 'Footprint' from line 8146 need to be changed to 'FOOTPRINT'
[2026-09-25 17:08:33,511][INFO]:  KiCad Schematic Converter: Attribute name 'Description' from line 8168 need to be changed to 'DESCRIPTION'
[2026-09-25 17:08:33,511][INFO]:  KiCad Schematic Converter: Attribute name 'Footprint' from line 8223 need to be changed to 'FOOTPRINT'
[2026-09-25 17:08:33,511][INFO]:  KiCad Schematic Converter: Attribute name 'Description' from line 8245 need to be changed to 'DESCRIPTION'
[2026-09-25 17:08:33,512][INFO]:  KiCad Schematic Converter: Attribute name 'Footprint' from line 8304 need to be changed to 'FOOTPRINT'
[2026-09-25 17:08:33,512][INFO]:  KiCad Schematic Converter: Attribute name 'Description' from line 8326 need to be changed to 'DESCRIPTION'
[2026-09-25 17:08:33,512][INFO]:  KiCad Schematic Converter: Attribute name 'Footprint' from line 8381 need to be changed to 'FOOTPRINT'
[2026-09-25 17:08:33,512][INFO]:  KiCad Schematic Converter: Attribute name 'Description' from line 8403 need to be changed to 'DESCRIPTION'
[2026-09-25 17:08:33,513][INFO]:  KiCad Schematic Converter: Attribute name 'Footprint' from line 8462 need to be changed to 'FOOTPRINT'
[2026-09-25 17:08:33,513][INFO]:  KiCad Schematic Converter: Attribute name 'Description' from line 8484 need to be changed to 'DESCRIPTION'
[2026-09-25 17:08:33,513][INFO]:  KiCad Schematic Converter: Attribute name 'Footprint' from line 8541 need to be changed to 'FOOTPRINT'
[2026-09-25 17:08:33,514][INFO]:  KiCad Schematic Converter: Attribute name 'Description' from line 8563 need to be changed to 'DESCRIPTION'
[2026-09-25 17:08:33,514][INFO]:  KiCad Schematic Converter: Attribute name 'Footprint' from line 8620 need to be changed to 'FOOTPRINT'
[2026-09-25 17:08:33,514][INFO]:  KiCad Schematic Converter: Attribute name 'Description' from line 8642 need to be changed to 'DESCRIPTION'
[2026-09-25 17:08:33,514][INFO]:  KiCad Schematic Converter: Attribute name 'Footprint' from line 8699 need to be changed to 'FOOTPRINT'
[2026-09-25 17:08:33,514][INFO]:  KiCad Schematic Converter: Attribute name 'Description' from line 8721 need to be changed to 'DESCRIPTION'
[2026-09-25 17:08:33,515][INFO]:  KiCad Schematic Converter: Attribute name 'Footprint' from line 8856 need to be changed to 'FOOTPRINT'
[2026-09-25 17:08:33,515][INFO]:  KiCad Schematic Converter: Attribute name 'Description' from line 8878 need to be changed to 'DESCRIPTION'
[2026-09-25 17:08:33,515][INFO]:  KiCad Schematic Converter: Attribute name 'Footprint' from line 8938 need to be changed to 'FOOTPRINT'
[2026-09-25 17:08:33,515][INFO]:  KiCad Schematic Converter: Attribute name 'Description' from line 8960 need to be changed to 'DESCRIPTION'
[2026-09-25 17:08:33,516][INFO]:  KiCad Schematic Converter: Attribute name 'Footprint' from line 9017 need to be changed to 'FOOTPRINT'
[2026-09-25 17:08:33,516][INFO]:  KiCad Schematic Converter: Attribute name 'Description' from line 9039 need to be changed to 'DESCRIPTION'
[2026-09-25 17:08:33,516][INFO]:  KiCad Schematic Converter: Attribute name 'Footprint' from line 9175 need to be changed to 'FOOTPRINT'
[2026-09-25 17:08:33,516][INFO]:  KiCad Schematic Converter: Attribute name 'Description' from line 9197 need to be changed to 'DESCRIPTION'
[2026-09-25 17:08:33,517][INFO]:  KiCad Schematic Converter: Attribute name 'Footprint' from line 9253 need to be changed to 'FOOTPRINT'
[2026-09-25 17:08:33,517][INFO]:  KiCad Schematic Converter: Attribute name 'Description' from line 9275 need to be changed to 'DESCRIPTION'
[2026-09-25 17:08:33,517][INFO]:  KiCad Schematic Converter: Attribute name 'Footprint' from line 9332 need to be changed to 'FOOTPRINT'
[2026-09-25 17:08:33,517][INFO]:  KiCad Schematic Converter: Attribute name 'Description' from line 9354 need to be changed to 'DESCRIPTION'
[2026-09-25 17:08:33,517][INFO]:  KiCad Schematic Converter: Attribute name 'Footprint' from line 9411 need to be changed to 'FOOTPRINT'
[2026-09-25 17:08:33,517][INFO]:  KiCad Schematic Converter: Attribute name 'Description' from line 9433 need to be changed to 'DESCRIPTION'
[2026-09-25 17:08:33,518][INFO]:  KiCad Schematic Converter: Attribute name 'Footprint' from line 9570 need to be changed to 'FOOTPRINT'
[2026-09-25 17:08:33,518][INFO]:  KiCad Schematic Converter: Attribute name 'Description' from line 9592 need to be changed to 'DESCRIPTION'
[2026-09-25 17:08:33,518][INFO]:  KiCad Schematic Converter: Attribute name 'Sim.Pins' from line 9603 need to be changed to 'SIM_PINS'
[2026-09-25 17:08:33,519][INFO]:  KiCad Schematic Converter: Attribute name 'Footprint' from line 9738 need to be changed to 'FOOTPRINT'
[2026-09-25 17:08:33,519][INFO]:  KiCad Schematic Converter: Attribute name 'Description' from line 9760 need to be changed to 'DESCRIPTION'
[2026-09-25 17:08:33,519][INFO]:  KiCad Schematic Converter: Attribute name 'Footprint' from line 9820 need to be changed to 'FOOTPRINT'
[2026-09-25 17:08:33,519][INFO]:  KiCad Schematic Converter: Attribute name 'Description' from line 9842 need to be changed to 'DESCRIPTION'
[2026-09-25 17:08:33,520][INFO]:  KiCad Schematic Converter: Attribute name 'Footprint' from line 9896 need to be changed to 'FOOTPRINT'
[2026-09-25 17:08:33,520][INFO]:  KiCad Schematic Converter: Attribute name 'Datasheet' from line 9908 need to be changed to 'DATASHEET'
[2026-09-25 17:08:33,520][INFO]:  KiCad Schematic Converter: Attribute name 'Description' from line 9919 need to be changed to 'DESCRIPTION'
[2026-09-25 17:08:33,520][WARN]:  KiCad Schematic Converter: Generating net stub for unconnected implicit pin 'VCC' of part 'U5' connected to net 'VCC'
[2026-09-25 17:08:33,521][INFO]:  KiCad Schematic Converter: Attribute name 'Footprint' from line 10065 need to be changed to 'FOOTPRINT'
[2026-09-25 17:08:33,521][INFO]:  KiCad Schematic Converter: Attribute name 'Description' from line 10087 need to be changed to 'DESCRIPTION'
[2026-09-25 17:08:33,521][INFO]:  KiCad Schematic Converter: Attribute name 'Footprint' from line 10223 need to be changed to 'FOOTPRINT'
[2026-09-25 17:08:33,521][INFO]:  KiCad Schematic Converter: Attribute name 'Description' from line 10245 need to be changed to 'DESCRIPTION'
[2026-09-25 17:08:33,522][INFO]:  KiCad Schematic Converter: Attribute name 'Footprint' from line 10301 need to be changed to 'FOOTPRINT'
[2026-09-25 17:08:33,522][INFO]:  KiCad Schematic Converter: Attribute name 'Description' from line 10323 need to be changed to 'DESCRIPTION'
[2026-09-25 17:08:33,522][INFO]:  KiCad Schematic Converter: Attribute name 'Footprint' from line 10380 need to be changed to 'FOOTPRINT'
[2026-09-25 17:08:33,522][INFO]:  KiCad Schematic Converter: Attribute name 'Description' from line 10402 need to be changed to 'DESCRIPTION'
[2026-09-25 17:08:33,523][INFO]:  KiCad Schematic Converter: Attribute name 'Footprint' from line 10457 need to be changed to 'FOOTPRINT'
[2026-09-25 17:08:33,523][INFO]:  KiCad Schematic Converter: Attribute name 'Datasheet' from line 10469 need to be changed to 'DATASHEET'
[2026-09-25 17:08:33,523][INFO]:  KiCad Schematic Converter: Attribute name 'Description' from line 10480 need to be changed to 'DESCRIPTION'
[2026-09-25 17:08:33,524][INFO]:  KiCad Schematic Converter: Attribute name 'Footprint' from line 10626 need to be changed to 'FOOTPRINT'
[2026-09-25 17:08:33,524][INFO]:  KiCad Schematic Converter: Attribute name 'Datasheet' from line 10637 need to be changed to 'DATASHEET'
[2026-09-25 17:08:33,524][INFO]:  KiCad Schematic Converter: Attribute name 'Description' from line 10648 need to be changed to 'DESCRIPTION'
[2026-09-25 17:08:33,524][INFO]:  KiCad Schematic Converter: Attribute name 'Footprint' from line 10796 need to be changed to 'FOOTPRINT'
[2026-09-25 17:08:33,524][INFO]:  KiCad Schematic Converter: Attribute name 'Description' from line 10818 need to be changed to 'DESCRIPTION'
[2026-09-25 17:08:33,525][INFO]:  KiCad Schematic Converter: Attribute name 'Footprint' from line 10875 need to be changed to 'FOOTPRINT'
[2026-09-25 17:08:33,525][INFO]:  KiCad Schematic Converter: Attribute name 'Description' from line 10897 need to be changed to 'DESCRIPTION'
[2026-09-25 17:08:33,525][INFO]:  KiCad Schematic Converter: Attribute name 'Footprint' from line 10954 need to be changed to 'FOOTPRINT'
[2026-09-25 17:08:33,525][INFO]:  KiCad Schematic Converter: Attribute name 'Description' from line 10976 need to be changed to 'DESCRIPTION'
[2026-09-25 17:08:33,526][INFO]:  KiCad Schematic Converter: Attribute name 'Footprint' from line 11111 need to be changed to 'FOOTPRINT'
[2026-09-25 17:08:33,526][INFO]:  KiCad Schematic Converter: Attribute name 'Description' from line 11133 need to be changed to 'DESCRIPTION'
[2026-09-25 17:08:33,527][INFO]:  KiCad Schematic Converter: Attribute name 'Footprint' from line 11193 need to be changed to 'FOOTPRINT'
[2026-09-25 17:08:33,527][INFO]:  KiCad Schematic Converter: Attribute name 'Datasheet' from line 11205 need to be changed to 'DATASHEET'
[2026-09-25 17:08:33,527][INFO]:  KiCad Schematic Converter: Attribute name 'Description' from line 11216 need to be changed to 'DESCRIPTION'
[2026-09-25 17:08:33,530][INFO]:  KiCad Schematic Converter: Attribute name 'Footprint' from line 11490 need to be changed to 'FOOTPRINT'
[2026-09-25 17:08:33,530][INFO]:  KiCad Schematic Converter: Attribute name 'Description' from line 11512 need to be changed to 'DESCRIPTION'
[2026-09-25 17:08:33,531][INFO]:  KiCad Schematic Converter: Attribute name 'Footprint' from line 11567 need to be changed to 'FOOTPRINT'
[2026-09-25 17:08:33,531][INFO]:  KiCad Schematic Converter: Attribute name 'Description' from line 11589 need to be changed to 'DESCRIPTION'
[2026-09-25 17:08:33,538][INFO]:  Finished processing document: 'C:/Users/willi/KiCad/projects/EPICS_Connect4/PCB/stm32.kicad_sch'
[2026-09-25 17:08:33,538][INFO]:  Processing documents list finished
[2026-09-25 17:08:33,538][INFO]:  KiCad Importer Post Processor: Postprocessing imported schematic
[2026-09-25 17:08:33,538][INFO]:  KiCad Importer Post Processor: Processing power nets merge
[2026-09-25 17:08:33,538][INFO]:  KiCad Importer Post Processor: Processing power nets merge finished
[2026-09-25 17:08:33,538][INFO]:  KiCad Importer Post Processor: Postprocessing imported schematic finished
[2026-09-25 17:08:33,538][INFO]:  KiCad Importer Post Processor: Postprocessing imported design
[2026-09-25 17:08:33,539][INFO]:  KiCad Importer Post Processor: Processing board components
[2026-09-25 17:08:33,539][INFO]:  KiCad Importer Post Processor: Package 'C_0603_1608METRIC' was moved from library 'Capacitor_SMD' to 'Device' as 'CAPACITOR_SMD_C_0603_1608METRIC'
[2026-09-25 17:08:33,539][INFO]:  KiCad Importer Post Processor: Package 'FUSE_0805_2012METRIC_PAD1.15X1.40MM_HANDSOLDER' was moved from library 'Fuse' to 'Device' as 'FUSE_FUSE_0805_2012METRIC_PAD1.15X1.40MM_HANDSOLDER'
[2026-09-25 17:08:33,539][INFO]:  KiCad Importer Post Processor: Package 'LED_0805_2012METRIC' was moved from library 'LED_SMD' to 'Device' as 'LED_SMD_LED_0805_2012METRIC'
[2026-09-25 17:08:33,540][INFO]:  KiCad Importer Post Processor: Package 'R_0603_1608METRIC' was moved from library 'Resistor_SMD' to 'Device' as 'RESISTOR_SMD_R_0603_1608METRIC'
[2026-09-25 17:08:33,540][INFO]:  KiCad Importer Post Processor: Package 'C_0603_1608METRIC_V1' was moved from library 'Capacitor_SMD' to 'Device' as 'CAPACITOR_SMD_C_0603_1608METRIC_V1'
[2026-09-25 17:08:33,541][INFO]:  KiCad Importer Post Processor: Package 'MOUNTINGHOLE_2.7MM_M2.5' was moved from library 'MountingHole' to 'Mechanical' as 'MOUNTINGHOLE_MOUNTINGHOLE_2.7MM_M2.5'
[2026-09-25 17:08:33,543][INFO]:  KiCad Importer Post Processor: Package 'C_0805_2012METRIC' was moved from library 'Capacitor_SMD' to 'Device' as 'CAPACITOR_SMD_C_0805_2012METRIC'
[2026-09-25 17:08:33,544][INFO]:  KiCad Importer Post Processor: Package 'SW_PUSH_1P1T_NO_CK_KMR2' was moved from library 'Button_Switch_SMD' to 'Switch' as 'BUTTON_SWITCH_SMD_SW_PUSH_1P1T_NO_CK_KMR2'
[2026-09-25 17:08:33,544][INFO]:  KiCad Importer Post Processor: Package 'L_VISHAY_IHLP-2525' was moved from library 'Inductor_SMD' to 'Device' as 'INDUCTOR_SMD_L_VISHAY_IHLP-2525'
[2026-09-25 17:08:33,545][INFO]:  KiCad Importer Post Processor: Package 'R_0603_1608METRIC_V1' was moved from library 'Resistor_SMD' to 'Device' as 'RESISTOR_SMD_R_0603_1608METRIC_V1'
[2026-09-25 17:08:33,545][INFO]:  KiCad Importer Post Processor: Package 'C_0805_2012METRIC_V1' was moved from library 'Capacitor_SMD' to 'Device' as 'CAPACITOR_SMD_C_0805_2012METRIC_V1'
[2026-09-25 17:08:33,548][INFO]:  KiCad Importer Post Processor: Package 'D_SMA' was moved from library 'Diode_SMD' to 'Device' as 'DIODE_SMD_D_SMA'
[2026-09-25 17:08:33,548][INFO]:  KiCad Importer Post Processor: Package 'SOT-23-6_HANDSOLDERING' was moved from library 'Package_TO_SOT_SMD' to 'Power_Protection' as 'PACKAGE_TO_SOT_SMD_SOT-23-6_HANDSOLDERING'
[2026-09-25 17:08:33,550][INFO]:  KiCad Importer Post Processor: Package 'SOT-23-5_HANDSOLDERING' was moved from library 'Package_TO_SOT_SMD' to 'Connect4_Library' as 'PACKAGE_TO_SOT_SMD_SOT-23-5_HANDSOLDERING'
[2026-09-25 17:08:33,552][INFO]:  KiCad Importer Post Processor: Package 'SOT-23-5' was moved from library 'Package_TO_SOT_SMD' to 'Connect4_Library' as 'PACKAGE_TO_SOT_SMD_SOT-23-5'
[2026-09-25 17:08:33,552][INFO]:  KiCad Importer Post Processor: Package 'CP_ELEC_6.3X5.9' was moved from library 'Capacitor_SMD' to 'Device' as 'CAPACITOR_SMD_CP_ELEC_6.3X5.9'
[2026-09-25 17:08:33,553][INFO]:  KiCad Importer Post Processor: Package 'FUSE_1206_3216METRIC_PAD1.42X1.75MM_HANDSOLDER' was moved from library 'Fuse' to 'Device' as 'FUSE_FUSE_1206_3216METRIC_PAD1.42X1.75MM_HANDSOLDER'
[2026-09-25 17:08:33,553][INFO]:  KiCad Importer Post Processor: Package 'USB_C_RECEPTACLE_GCT_USB4110' was moved from library 'Connector_USB' to 'Connector' as 'CONNECTOR_USB_USB_C_RECEPTACLE_GCT_USB4110'
[2026-09-25 17:08:33,555][INFO]:  KiCad Importer Post Processor: Package 'STEPSTICK_SOCKET' was moved from library 'Library' to 'Connect4_Library' as 'LIBRARY_STEPSTICK_SOCKET'
[2026-09-25 17:08:33,557][INFO]:  KiCad Importer Post Processor: Package 'SOT-23-6_HANDSOLDERING_V1' was moved from library 'Package_TO_SOT_SMD' to 'Regulator_Switching' as 'PACKAGE_TO_SOT_SMD_SOT-23-6_HANDSOLDERING_V1'
[2026-09-25 17:08:33,558][INFO]:  KiCad Importer Post Processor: Package 'ESP32-C3-WROOM-02_MODIFIED' was moved from library 'Library' to 'RF_Module' as 'LIBRARY_ESP32-C3-WROOM-02_MODIFIED'
[2026-09-25 17:08:33,561][INFO]:  KiCad Importer Post Processor: Package 'S_SILK_LOGO' was moved from library 'Library' to 'Graphic' as 'LIBRARY_S_SILK_LOGO'
[2026-09-25 17:08:33,567][INFO]:  KiCad Importer Post Processor: Package 'LQFP-48_7X7MM_P0.5MM' was moved from library 'Package_QFP' to 'MCU_ST_STM32G4' as 'PACKAGE_QFP_LQFP-48_7X7MM_P0.5MM'
[2026-09-25 17:08:33,568][INFO]:  KiCad Importer Post Processor: Package 'MOLEX_MICRO-FIT_3.0_43650-0200_1X02_P3.00MM_HORIZONTAL' was moved from library 'Connector_Molex' to 'Connector_Generic' as 'CONNECTOR_MOLEX_MOLEX_MICRO-FIT_3.0_43650-0200_1X02_P3.00MM_HORIZONTAL'
[2026-09-25 17:08:33,569][INFO]:  KiCad Importer Post Processor: Package 'TESTPOINT_PAD_2.0X2.0MM' was moved from library 'TestPoint' to 'Connector' as 'TESTPOINT_TESTPOINT_PAD_2.0X2.0MM'
[2026-09-25 17:08:33,570][INFO]:  KiCad Importer Post Processor: Package 'TESTPOINT_PAD_1.0X1.0MM' was moved from library 'TestPoint' to 'Connector' as 'TESTPOINT_TESTPOINT_PAD_1.0X1.0MM'
[2026-09-25 17:08:33,570][INFO]:  KiCad Importer Post Processor: Package 'D_SOD-123F' was moved from library 'Diode_SMD' to 'Device' as 'DIODE_SMD_D_SOD-123F'
[2026-09-25 17:08:33,571][INFO]:  KiCad Importer Post Processor: Package 'JST_EH_B4B-EH-A_1X04_P2.50MM_VERTICAL' was moved from library 'Connector_JST' to 'Connector_Generic' as 'CONNECTOR_JST_JST_EH_B4B-EH-A_1X04_P2.50MM_VERTICAL'
[2026-09-25 17:08:33,573][INFO]:  KiCad Importer Post Processor: Package 'JST_EH_B2B-EH-A_1X02_P2.50MM_VERTICAL' was moved from library 'Connector_JST' to 'Connector_Generic' as 'CONNECTOR_JST_JST_EH_B2B-EH-A_1X02_P2.50MM_VERTICAL'
[2026-09-25 17:08:33,573][INFO]:  KiCad Importer Post Processor: Package 'JST_EH_B3B-EH-A_1X03_P2.50MM_VERTICAL' was moved from library 'Connector_JST' to 'Connector_Generic' as 'CONNECTOR_JST_JST_EH_B3B-EH-A_1X03_P2.50MM_VERTICAL'
[2026-09-25 17:08:33,575][INFO]:  KiCad Importer Post Processor: Package 'TESTPOINT_PAD_1.5X1.5MM' was moved from library 'TestPoint' to 'Connector' as 'TESTPOINT_TESTPOINT_PAD_1.5X1.5MM'
[2026-09-25 17:08:33,578][INFO]:  KiCad Importer Post Processor: Package 'TESTPOINT_PAD_1.0X1.0MM_V1' was moved from library 'TestPoint' to 'Connector' as 'TESTPOINT_TESTPOINT_PAD_1.0X1.0MM_V1'
[2026-09-25 17:08:33,578][INFO]:  KiCad Importer Post Processor: Processing board components finished
[2026-09-25 17:08:33,578][INFO]:  KiCad Importer Post Processor: Processing board nets
[2026-09-25 17:08:33,589][INFO]:  KiCad Importer Post Processor: Processing board nets finished
[2026-09-25 17:08:33,589][INFO]:  KiCad Importer Post Processor: Processing net classes
[2026-09-25 17:08:33,590][INFO]:  KiCad Importer Post Processor: Processing net classes finished
[2026-09-25 17:08:33,590][INFO]:  KiCad Importer Post Processor: Postprocessing imported design finished
[2026-09-25 17:08:33,801][INFO]:  Import finished
