ISO-10303-21;
HEADER;
FILE_DESCRIPTION (( 'STEP AP214' ),
    '1' );
FILE_NAME ('436500215.STEP',
    '2024-03-21T14:31:22',
    ( 'LENOVO' ),
    ( '' ),
    'SwSTEP 2.0',
    'SolidWorks 2021',
    '' );
FILE_SCHEMA (( 'AUTOMOTIVE_DESIGN' ));
ENDSEC;

DATA;
#1 = DIRECTION ( 'NONE',  ( -1.000000000000000000, 0.000000000000000000, 0.000000000000000000 ) ) ;
#2 = DIRECTION ( 'NONE',  ( 0.000000000000000000, 0.000000000000000000, -1.000000000000000000 ) ) ;
#3 = ORIENTED_EDGE ( 'NONE', *, *, #2067, .F. ) ;
#4 = DIRECTION ( 'NONE',  ( -1.000000000000000000, -0.000000000000000000, -0.000000000000000000 ) ) ;
#5 = LINE ( 'NONE', #550, #59 ) ;
#6 = EDGE_LOOP ( 'NONE', ( #216, #566, #487, #2154, #253 ) ) ;
#7 = EDGE_CURVE ( 'NONE', #3226, #317, #3977, .T. ) ;
#8 = CARTESIAN_POINT ( 'NONE',  ( -4.824999999999999289, 0.000000000000000000, -1.584999999999999964 ) ) ;
#9 = ORIENTED_EDGE ( 'NONE', *, *, #2308, .F. ) ;
#10 = DIRECTION ( 'NONE',  ( 1.000000000000000000, -0.000000000000000000, -1.548860246407865308E-16 ) ) ;
#11 = VECTOR ( 'NONE', #250, 1000.000000000000000 ) ;
#12 = CARTESIAN_POINT ( 'NONE',  ( -1.820000000000000506, 0.6699999999999997069, 1.585000000000001297 ) ) ;
#13 = ORIENTED_EDGE ( 'NONE', *, *, #57, .T. ) ;
#14 = PLANE ( 'NONE',  #4419 ) ;
#15 = EDGE_CURVE ( 'NONE', #4171, #1011, #2402, .T. ) ;
#16 = ADVANCED_FACE ( 'NONE', ( #671 ), #2489, .T. ) ;
#17 = ORIENTED_EDGE ( 'NONE', *, *, #3517, .F. ) ;
#18 = ORIENTED_EDGE ( 'NONE', *, *, #3333, .T. ) ;
#19 = LINE ( 'NONE', #3219, #1667 ) ;
#20 = VERTEX_POINT ( 'NONE', #4094 ) ;
#21 = FACE_OUTER_BOUND ( 'NONE', #1808, .T. ) ;
#22 = CARTESIAN_POINT ( 'NONE',  ( -4.824999999999999289, 0.000000000000000000, -0.9549999999999976286 ) ) ;
#23 = CARTESIAN_POINT ( 'NONE',  ( -3.440000000000000391, 1.269999999999999796, -0.5599999999999980549 ) ) ;
#24 = EDGE_CURVE ( 'NONE', #3819, #2377, #2411, .T. ) ;
#25 = CARTESIAN_POINT ( 'NONE',  ( -4.825000000000001066, 0.6699999999999997069, -0.9549999999999975175 ) ) ;
#26 = AXIS2_PLACEMENT_3D ( 'NONE', #2499, #947, #4739 ) ;
#27 = ORIENTED_EDGE ( 'NONE', *, *, #4322, .T. ) ;
#28 = ORIENTED_EDGE ( 'NONE', *, *, #3302, .F. ) ;
#29 = LINE ( 'NONE', #4117, #1607 ) ;
#30 = CARTESIAN_POINT ( 'NONE',  ( -1.820000000000000506, -2.579999999999992966, 0.6349999999999974554 ) ) ;
#31 = CARTESIAN_POINT ( 'NONE',  ( 1.580454545454545334, 7.618636363636364095, 0.3954545454545448924 ) ) ;
#32 = DIRECTION ( 'NONE',  ( -1.000000000000000000, 0.000000000000000000, -0.000000000000000000 ) ) ;
#33 = DIRECTION ( 'NONE',  ( 0.000000000000000000, -2.744815626545581052E-16, 1.000000000000000000 ) ) ;
#34 = ORIENTED_EDGE ( 'NONE', *, *, #4495, .T. ) ;
#35 = AXIS2_PLACEMENT_3D ( 'NONE', #1235, #2282, #2244 ) ;
#36 = EDGE_LOOP ( 'NONE', ( #3331, #2932, #4587, #262 ) ) ;
#37 = LINE ( 'NONE', #2138, #112 ) ;
#38 = VERTEX_POINT ( 'NONE', #4512 ) ;
#39 = EDGE_CURVE ( 'NONE', #2187, #3727, #791, .T. ) ;
#40 = PLANE ( 'NONE',  #1668 ) ;
#41 = ORIENTED_EDGE ( 'NONE', *, *, #1559, .T. ) ;
#42 = CARTESIAN_POINT ( 'NONE',  ( -1.820000000000000506, 1.269999999999999796, -0.5599999999999987210 ) ) ;
#43 = VECTOR ( 'NONE', #741, 1000.000000000000000 ) ;
#44 = PLANE ( 'NONE',  #2979 ) ;
#45 = AXIS2_PLACEMENT_3D ( 'NONE', #3580, #4727, #258 ) ;
#46 = CARTESIAN_POINT ( 'NONE',  ( 1.819999999999999618, 1.350000000000000089, -1.585000000000000409 ) ) ;
#47 = CARTESIAN_POINT ( 'NONE',  ( -4.825000000000000178, 0.6699999999999998179, 1.190000000000002611 ) ) ;
#48 = EDGE_CURVE ( 'NONE', #2074, #3611, #2424, .T. ) ;
#49 = ORIENTED_EDGE ( 'NONE', *, *, #325, .T. ) ;
#50 = EDGE_LOOP ( 'NONE', ( #4689, #2385, #2158, #2796 ) ) ;
#51 = LINE ( 'NONE', #1638, #3273 ) ;
#52 = CARTESIAN_POINT ( 'NONE',  ( -3.890000000000000124, -9.527752097366409041E-16, -1.584999999999999964 ) ) ;
#53 = CARTESIAN_POINT ( 'NONE',  ( -1.820000000000000506, 1.349999999999999645, 0.6349999999999990097 ) ) ;
#54 = CARTESIAN_POINT ( 'NONE',  ( 5.335927835051545998, -0.7742268041237121423, 1.374072164948455077 ) ) ;
#55 = ADVANCED_FACE ( 'NONE', ( #4010, #2436, #2446 ), #387, .T. ) ;
#56 = CARTESIAN_POINT ( 'NONE',  ( -4.825000000000001066, 0.6699999999999997069, -0.9549999999999975175 ) ) ;
#57 = EDGE_CURVE ( 'NONE', #1746, #2755, #4030, .T. ) ;
#58 = EDGE_LOOP ( 'NONE', ( #3855, #570, #3243, #3829 ) ) ;
#59 = VECTOR ( 'NONE', #2383, 1000.000000000000000 ) ;
#60 = ADVANCED_FACE ( 'NONE', ( #808 ), #2622, .F. ) ;
#61 = VECTOR ( 'NONE', #164, 1000.000000000000000 ) ;
#62 = VECTOR ( 'NONE', #4133, 1000.000000000000000 ) ;
#63 = DIRECTION ( 'NONE',  ( 0.000000000000000000, -1.000000000000000000, 0.000000000000000000 ) ) ;
#64 = SURFACE_SIDE_STYLE ('',( #4128 ) ) ;
#65 = CARTESIAN_POINT ( 'NONE',  ( -1.820000000000000506, 6.899999999999995026, -0.005000000000000663636 ) ) ;
#66 = CARTESIAN_POINT ( 'NONE',  ( -1.380000000000000782, -3.180000000000000160, 0.4349999999999979994 ) ) ;
#67 = EDGE_CURVE ( 'NONE', #505, #1956, #2260, .T. ) ;
#68 = EDGE_LOOP ( 'NONE', ( #726, #4420, #3006, #2163 ) ) ;
#69 = ORIENTED_EDGE ( 'NONE', *, *, #2962, .F. ) ;
#70 = VECTOR ( 'NONE', #4145, 1000.000000000000000 ) ;
#71 = VERTEX_POINT ( 'NONE', #1917 ) ;
#72 = VECTOR ( 'NONE', #2939, 1000.000000000000000 ) ;
#73 = PLANE ( 'NONE',  #1079 ) ;
#74 = ORIENTED_EDGE ( 'NONE', *, *, #211, .F. ) ;
#75 = LINE ( 'NONE', #4638, #1614 ) ;
#76 = EDGE_CURVE ( 'NONE', #2505, #4807, #2307, .T. ) ;
#77 = CARTESIAN_POINT ( 'NONE',  ( 0.000000000000000000, -3.180000000000000160, 0.1949999999999985911 ) ) ;
#78 = VERTEX_POINT ( 'NONE', #4486 ) ;
#79 = CARTESIAN_POINT ( 'NONE',  ( -4.824999999999999289, 9.900000000000000355, -1.584999999999999964 ) ) ;
#80 = CARTESIAN_POINT ( 'NONE',  ( 0.000000000000000000, 7.500000000000001776, 0.000000000000000000 ) ) ;
#81 = EDGE_LOOP ( 'NONE', ( #1605, #2705, #3340, #2661 ) ) ;
#82 = ORIENTED_EDGE ( 'NONE', *, *, #1028, .T. ) ;
#83 = LINE ( 'NONE', #1822, #1721 ) ;
#84 = AXIS2_PLACEMENT_3D ( 'NONE', #2206, #2236, #2701 ) ;
#85 = VERTEX_POINT ( 'NONE', #137 ) ;
#86 = CARTESIAN_POINT ( 'NONE',  ( -3.890000000000000124, 1.269999999999999796, 1.190000000000002389 ) ) ;
#87 =( GEOMETRIC_REPRESENTATION_CONTEXT ( 3 ) GLOBAL_UNCERTAINTY_ASSIGNED_CONTEXT ( ( #2503 ) ) GLOBAL_UNIT_ASSIGNED_CONTEXT ( ( #4576, #2008, #1237 ) ) REPRESENTATION_CONTEXT ( 'NONE', 'WORKASPACE' ) );
#88 = DIRECTION ( 'NONE',  ( 0.000000000000000000, 1.000000000000000000, 1.801998070613027504E-16 ) ) ;
#89 = PLANE ( 'NONE',  #2092 ) ;
#90 = CARTESIAN_POINT ( 'NONE',  ( -3.890000000000000124, 0.6699999999999998179, -0.5599999999999976108 ) ) ;
#91 = ORIENTED_EDGE ( 'NONE', *, *, #1195, .T. ) ;
#92 = ORIENTED_EDGE ( 'NONE', *, *, #2178, .F. ) ;
#93 = FACE_OUTER_BOUND ( 'NONE', #4690, .T. ) ;
#94 = ORIENTED_EDGE ( 'NONE', *, *, #2455, .T. ) ;
#95 = VECTOR ( 'NONE', #1422, 1000.000000000000000 ) ;
#96 = EDGE_CURVE ( 'NONE', #1034, #3115, #2319, .T. ) ;
#97 = ADVANCED_FACE ( 'NONE', ( #3867 ), #1887, .F. ) ;
#98 = CARTESIAN_POINT ( 'NONE',  ( 1.300000000000000044, 8.149999999999998579, -2.785000000000001030 ) ) ;
#99 = CARTESIAN_POINT ( 'NONE',  ( -1.500000000000000000, 8.300000000000000711, 2.274999999999999467 ) ) ;
#100 = PLANE ( 'NONE',  #3407 ) ;
#101 = DIRECTION ( 'NONE',  ( -1.000000000000000000, 0.000000000000000000, 4.494102269369967741E-16 ) ) ;
#102 = ORIENTED_EDGE ( 'NONE', *, *, #496, .F. ) ;
#103 = CARTESIAN_POINT ( 'NONE',  ( 1.179999999999999716, 3.300000000000000711, 0.6349999999999992317 ) ) ;
#104 = LINE ( 'NONE', #3120, #1694 ) ;
#105 = AXIS2_PLACEMENT_3D ( 'NONE', #2407, #4350, #1923 ) ;
#106 = ADVANCED_FACE ( 'NONE', ( #3916 ), #1588, .T. ) ;
#107 = LINE ( 'NONE', #3949, #1585 ) ;
#108 = EDGE_CURVE ( 'NONE', #867, #3464, #661, .T. ) ;
#109 = ORIENTED_EDGE ( 'NONE', *, *, #4750, .F. ) ;
#110 = CARTESIAN_POINT ( 'NONE',  ( 3.425000000000000266, 9.900000000000000355, -0.9550000000000007372 ) ) ;
#111 = ORIENTED_EDGE ( 'NONE', *, *, #1961, .T. ) ;
#112 = VECTOR ( 'NONE', #2949, 1000.000000000000000 ) ;
#113 = EDGE_CURVE ( 'NONE', #3652, #3379, #2329, .T. ) ;
#114 = ORIENTED_EDGE ( 'NONE', *, *, #3676, .F. ) ;
#115 = FACE_OUTER_BOUND ( 'NONE', #764, .T. ) ;
#116 = CARTESIAN_POINT ( 'NONE',  ( -3.440000000000000391, -1.448757163391319161E-15, -0.9549999999999981837 ) ) ;
#117 = DIRECTION ( 'NONE',  ( 2.247051134684983870E-16, 0.000000000000000000, 1.000000000000000000 ) ) ;
#118 = VERTEX_POINT ( 'NONE', #4179 ) ;
#119 = ORIENTED_EDGE ( 'NONE', *, *, #1505, .T. ) ;
#120 = LINE ( 'NONE', #2839, #3196 ) ;
#121 = VECTOR ( 'NONE', #3495, 1000.000000000000000 ) ;
#122 = DIRECTION ( 'NONE',  ( 1.000000000000000000, -0.000000000000000000, 9.276596128218219609E-16 ) ) ;
#123 = EDGE_CURVE ( 'NONE', #3757, #4207, #716, .T. ) ;
#124 = CARTESIAN_POINT ( 'NONE',  ( -4.825000000000000178, 1.850000000000000089, 1.774999999999997469 ) ) ;
#125 = PLANE ( 'NONE',  #2746 ) ;
#126 = CARTESIAN_POINT ( 'NONE',  ( 1.179999999999999716, 0.6699999999999998179, 1.190000000000002611 ) ) ;
#127 = ORIENTED_EDGE ( 'NONE', *, *, #1092, .T. ) ;
#128 = VECTOR ( 'NONE', #224, 1000.000000000000000 ) ;
#129 = VERTEX_POINT ( 'NONE', #1528 ) ;
#130 = VECTOR ( 'NONE', #3522, 1000.000000000000000 ) ;
#131 = EDGE_CURVE ( 'NONE', #3761, #3389, #2581, .T. ) ;
#132 = DIRECTION ( 'NONE',  ( -1.280553747030123322E-16, 0.000000000000000000, -1.000000000000000000 ) ) ;
#133 =( NAMED_UNIT ( * ) PLANE_ANGLE_UNIT ( ) SI_UNIT ( $, .RADIAN. ) );
#134 = CARTESIAN_POINT ( 'NONE',  ( -4.825000000000000178, 1.269999999999999796, 1.190000000000002389 ) ) ;
#135 = ORIENTED_EDGE ( 'NONE', *, *, #3901, .T. ) ;
#136 = VERTEX_POINT ( 'NONE', #3694 ) ;
#137 = CARTESIAN_POINT ( 'NONE',  ( -3.890000000000000124, -9.527752097366409041E-16, -1.584999999999999964 ) ) ;
#138 = ADVANCED_FACE ( 'NONE', ( #4215 ), #2664, .T. ) ;
#139 = PRESENTATION_LAYER_ASSIGNMENT (  '', '', ( #4144 ) ) ;
#140 = ORIENTED_EDGE ( 'NONE', *, *, #2054, .T. ) ;
#141 = PLANE ( 'NONE',  #1112 ) ;
#142 = ORIENTED_EDGE ( 'NONE', *, *, #3081, .T. ) ;
#143 = ADVANCED_FACE ( 'NONE', ( #2547 ), #415, .F. ) ;
#144 = VECTOR ( 'NONE', #2368, 1000.000000000000000 ) ;
#145 = CARTESIAN_POINT ( 'NONE',  ( 1.179999999999999716, 0.6699999999999997069, 1.585000000000001963 ) ) ;
#146 = CARTESIAN_POINT ( 'NONE',  ( 4.824999999999999289, 1.269999999999999796, -0.5600000000000018296 ) ) ;
#147 = EDGE_CURVE ( 'NONE', #413, #495, #833, .T. ) ;
#148 = ORIENTED_EDGE ( 'NONE', *, *, #3851, .T. ) ;
#149 = AXIS2_PLACEMENT_3D ( 'NONE', #47, #1928, #3396 ) ;
#150 = VERTEX_POINT ( 'NONE', #3249 ) ;
#151 = CARTESIAN_POINT ( 'NONE',  ( 2.770000000000000018, 3.300000000000000711, 1.584999999999999298 ) ) ;
#152 = SURFACE_STYLE_USAGE ( .BOTH. , #1308 ) ;
#153 = LINE ( 'NONE', #767, #3452 ) ;
#154 = CARTESIAN_POINT ( 'NONE',  ( 3.890000000000000124, 1.269999999999999796, 1.190000000000002389 ) ) ;
#155 = ORIENTED_EDGE ( 'NONE', *, *, #4610, .T. ) ;
#156 = CARTESIAN_POINT ( 'NONE',  ( 1.179999999999999716, 0.000000000000000000, 2.024999999999999023 ) ) ;
#157 = DIRECTION ( 'NONE',  ( -0.000000000000000000, -0.000000000000000000, 1.000000000000000000 ) ) ;
#158 = ORIENTED_EDGE ( 'NONE', *, *, #1505, .F. ) ;
#159 = ORIENTED_EDGE ( 'NONE', *, *, #3090, .F. ) ;
#160 = AXIS2_PLACEMENT_3D ( 'NONE', #558, #3491, #1648 ) ;
#161 = DIRECTION ( 'NONE',  ( 0.000000000000000000, 1.000000000000000000, 0.000000000000000000 ) ) ;
#162 = CARTESIAN_POINT ( 'NONE',  ( -1.500000000000000000, 8.300000000000000711, 2.774999999999999467 ) ) ;
#163 = DIRECTION ( 'NONE',  ( -4.494102269369967741E-16, 1.807003620809173892E-16, -1.000000000000000000 ) ) ;
#164 = DIRECTION ( 'NONE',  ( 0.000000000000000000, 0.000000000000000000, -1.000000000000000000 ) ) ;
#165 = CARTESIAN_POINT ( 'NONE',  ( -4.825000000000000178, 1.269999999999999796, 1.190000000000002389 ) ) ;
#166 = ORIENTED_EDGE ( 'NONE', *, *, #4610, .F. ) ;
#167 = ORIENTED_EDGE ( 'NONE', *, *, #1028, .F. ) ;
#168 = CARTESIAN_POINT ( 'NONE',  ( -1.820000000000000506, 1.349999999999999423, 2.024999999999999023 ) ) ;
#169 = EDGE_CURVE ( 'NONE', #2492, #3680, #937, .T. ) ;
#170 = EDGE_CURVE ( 'NONE', #4207, #735, #1025, .T. ) ;
#171 = ORIENTED_EDGE ( 'NONE', *, *, #1042, .F. ) ;
#172 =( NAMED_UNIT ( * ) PLANE_ANGLE_UNIT ( ) SI_UNIT ( $, .RADIAN. ) );
#173 = ORIENTED_EDGE ( 'NONE', *, *, #1896, .F. ) ;
#174 = CARTESIAN_POINT ( 'NONE',  ( -1.180000000000000604, 7.500000000000001776, 0.6349999999999992317 ) ) ;
#175 = CARTESIAN_POINT ( 'NONE',  ( -1.820000000000000506, 6.899999999999995026, 0.6349999999999992317 ) ) ;
#176 = ADVANCED_FACE ( 'NONE', ( #4159 ), #4308, .F. ) ;
#177 = EDGE_CURVE ( 'NONE', #880, #3527, #901, .T. ) ;
#178 = ORIENTED_EDGE ( 'NONE', *, *, #2911, .T. ) ;
#179 = DIRECTION ( 'NONE',  ( -0.000000000000000000, 1.000000000000000000, 1.801998070613027504E-16 ) ) ;
#180 = CARTESIAN_POINT ( 'NONE',  ( 4.825000000000000178, 8.499999999999994671, 1.044999999999999263 ) ) ;
#181 = DIRECTION ( 'NONE',  ( 1.000000000000000000, -2.353307041053807940E-16, 0.000000000000000000 ) ) ;
#182 = FILL_AREA_STYLE_COLOUR ( '', #2551 ) ;
#183 = ORIENTED_EDGE ( 'NONE', *, *, #3766, .F. ) ;
#184 = ORIENTED_EDGE ( 'NONE', *, *, #131, .F. ) ;
#185 = EDGE_CURVE ( 'NONE', #625, #314, #2561, .T. ) ;
#186 = VERTEX_POINT ( 'NONE', #4653 ) ;
#187 = DIRECTION ( 'NONE',  ( 0.000000000000000000, 0.000000000000000000, -1.000000000000000000 ) ) ;
#188 = DIRECTION ( 'NONE',  ( 0.000000000000000000, 1.000000000000000000, -3.614007241618347785E-16 ) ) ;
#189 = CARTESIAN_POINT ( 'NONE',  ( -0.2300000000000001765, 3.300000000000000711, 1.584999999999999298 ) ) ;
#190 = DIRECTION ( 'NONE',  ( -0.000000000000000000, -0.000000000000000000, -1.000000000000000000 ) ) ;
#191 = ORIENTED_EDGE ( 'NONE', *, *, #571, .T. ) ;
#192 = ORIENTED_EDGE ( 'NONE', *, *, #3906, .F. ) ;
#193 = CARTESIAN_POINT ( 'NONE',  ( -2.770000000000000906, 9.900000000000000355, 1.584999999999999520 ) ) ;
#194 = ORIENTED_EDGE ( 'NONE', *, *, #2998, .F. ) ;
#195 = LINE ( 'NONE', #4625, #1770 ) ;
#196 = EDGE_LOOP ( 'NONE', ( #3420, #184, #3516, #3639, #3339 ) ) ;
#197 = CARTESIAN_POINT ( 'NONE',  ( -4.825000000000001066, 1.269999999999999796, -0.5599999999999974998 ) ) ;
#198 = ORIENTED_EDGE ( 'NONE', *, *, #1765, .T. ) ;
#199 = DIRECTION ( 'NONE',  ( 1.000000000000000000, -0.000000000000000000, -8.537024980200820092E-17 ) ) ;
#200 = DIRECTION ( 'NONE',  ( 0.000000000000000000, 0.000000000000000000, 1.000000000000000000 ) ) ;
#201 = DIRECTION ( 'NONE',  ( 1.000000000000000000, 0.000000000000000000, 1.548860246407865308E-16 ) ) ;
#202 = EDGE_LOOP ( 'NONE', ( #3944, #4530, #4602, #4435 ) ) ;
#203 = CARTESIAN_POINT ( 'NONE',  ( 1.179999999999999716, 3.300000000000000711, 0.6349999999999992317 ) ) ;
#204 = ORIENTED_EDGE ( 'NONE', *, *, #241, .T. ) ;
#205 = DIRECTION ( 'NONE',  ( 0.000000000000000000, -4.013177737926092743E-16, -1.000000000000000000 ) ) ;
#206 = CARTESIAN_POINT ( 'NONE',  ( 4.175000000000000711, -1.449999999999999956, 1.884999999999999787 ) ) ;
#207 = ADVANCED_FACE ( 'NONE', ( #4170 ), #2826, .T. ) ;
#208 = ORIENTED_EDGE ( 'NONE', *, *, #2067, .T. ) ;
#209 = ORIENTED_EDGE ( 'NONE', *, *, #1135, .F. ) ;
#210 = ORIENTED_EDGE ( 'NONE', *, *, #583, .T. ) ;
#211 = EDGE_CURVE ( 'NONE', #4487, #2492, #2652, .T. ) ;
#212 = PLANE ( 'NONE',  #308 ) ;
#213 = CARTESIAN_POINT ( 'NONE',  ( -3.440000000000000391, -1.448757163391319161E-15, 1.585000000000002185 ) ) ;
#214 = CARTESIAN_POINT ( 'NONE',  ( 1.499999999999999556, 8.300000000000000711, 2.774999999999999467 ) ) ;
#215 = CARTESIAN_POINT ( 'NONE',  ( 4.825000000000000178, 9.900000000000000355, 1.774999999999999245 ) ) ;
#216 = ORIENTED_EDGE ( 'NONE', *, *, #930, .T. ) ;
#217 = DIRECTION ( 'NONE',  ( 0.000000000000000000, 0.000000000000000000, -1.000000000000000000 ) ) ;
#218 = ORIENTED_EDGE ( 'NONE', *, *, #1001, .T. ) ;
#219 = EDGE_CURVE ( 'NONE', #2526, #1871, #2617, .T. ) ;
#220 = LINE ( 'NONE', #3475, #237 ) ;
#221 = DIRECTION ( 'NONE',  ( 1.000000000000000000, 0.000000000000000000, 0.000000000000000000 ) ) ;
#222 = CARTESIAN_POINT ( 'NONE',  ( -0.2300000000000001765, 3.300000000000000711, 1.584999999999999298 ) ) ;
#223 = UNCERTAINTY_MEASURE_WITH_UNIT (LENGTH_MEASURE( 1.000000000000000082E-05 ), #1337, 'distance_accuracy_value', 'NONE');
#224 = DIRECTION ( 'NONE',  ( -0.000000000000000000, -1.000000000000000000, -0.000000000000000000 ) ) ;
#225 = ORIENTED_EDGE ( 'NONE', *, *, #1328, .F. ) ;
#226 = CARTESIAN_POINT ( 'NONE',  ( -3.425000000000000266, 9.900000000000000355, -1.584999999999999964 ) ) ;
#227 = PLANE ( 'NONE',  #1478 ) ;
#228 = EDGE_CURVE ( 'NONE', #2870, #3819, #891, .T. ) ;
#229 = LINE ( 'NONE', #4063, #1759 ) ;
#230 = ORIENTED_EDGE ( 'NONE', *, *, #3461, .T. ) ;
#231 = DIRECTION ( 'NONE',  ( 1.000000000000000000, 0.000000000000000000, 0.000000000000000000 ) ) ;
#232 = LINE ( 'NONE', #1629, #3433 ) ;
#233 = DIRECTION ( 'NONE',  ( -2.247051134684983870E-16, 0.000000000000000000, 1.000000000000000000 ) ) ;
#234 = CARTESIAN_POINT ( 'NONE',  ( 0.2299999999999993161, 9.900000000000000355, 0.9350000000000032729 ) ) ;
#235 = ORIENTED_EDGE ( 'NONE', *, *, #968, .T. ) ;
#236 = EDGE_LOOP ( 'NONE', ( #3646, #674, #315, #2442 ) ) ;
#237 = VECTOR ( 'NONE', #4685, 1000.000000000000000 ) ;
#238 = CARTESIAN_POINT ( 'NONE',  ( -0.2300000000000001765, 3.300000000000000711, -0.9550000000000007372 ) ) ;
#239 = CARTESIAN_POINT ( 'NONE',  ( -3.425000000000000266, 8.499999999999994671, -0.9550000000000007372 ) ) ;
#240 = CARTESIAN_POINT ( 'NONE',  ( 3.440000000000000391, -6.062001655779399497E-16, -0.9550000000000011813 ) ) ;
#241 = EDGE_CURVE ( 'NONE', #1731, #2697, #865, .T. ) ;
#242 = CARTESIAN_POINT ( 'NONE',  ( -3.889999999999998348, 0.000000000000000000, 2.784999999999999698 ) ) ;
#243 = CARTESIAN_POINT ( 'NONE',  ( 4.175000000000000711, -1.199999999999997957, 2.784999999999999698 ) ) ;
#244 = AXIS2_PLACEMENT_3D ( 'NONE', #2951, #4005, #1771 ) ;
#245 = ORIENTED_EDGE ( 'NONE', *, *, #4072, .T. ) ;
#246 = DIRECTION ( 'NONE',  ( 0.000000000000000000, 1.000000000000000000, 0.000000000000000000 ) ) ;
#247 = ORIENTED_EDGE ( 'NONE', *, *, #3669, .F. ) ;
#248 = CARTESIAN_POINT ( 'NONE',  ( -1.500000000000000000, 8.300000000000000711, 2.274999999999999467 ) ) ;
#249 = ORIENTED_EDGE ( 'NONE', *, *, #470, .F. ) ;
#250 = DIRECTION ( 'NONE',  ( -1.000000000000000000, 0.000000000000000000, -0.000000000000000000 ) ) ;
#251 = ORIENTED_EDGE ( 'NONE', *, *, #1328, .T. ) ;
#252 = VECTOR ( 'NONE', #2183, 1000.000000000000000 ) ;
#253 = ORIENTED_EDGE ( 'NONE', *, *, #3725, .T. ) ;
#254 = ORIENTED_EDGE ( 'NONE', *, *, #4772, .F. ) ;
#255 = DIRECTION ( 'NONE',  ( -0.3015113445777610202, -0.9045340337332925529, 0.3015113445777610202 ) ) ;
#256 = AXIS2_PLACEMENT_3D ( 'NONE', #1687, #2910, #2396 ) ;
#257 = CARTESIAN_POINT ( 'NONE',  ( -3.999240397477539677, 9.325759602522458280, 2.205083126313776010 ) ) ;
#258 = DIRECTION ( 'NONE',  ( 0.000000000000000000, 0.000000000000000000, 1.000000000000000000 ) ) ;
#259 = LINE ( 'NONE', #423, #3515 ) ;
#260 = PLANE ( 'NONE',  #357 ) ;
#261 = EDGE_CURVE ( 'NONE', #2725, #4256, #2571, .T. ) ;
#262 = ORIENTED_EDGE ( 'NONE', *, *, #3042, .T. ) ;
#263 = ORIENTED_EDGE ( 'NONE', *, *, #1952, .T. ) ;
#264 = ADVANCED_FACE ( 'NONE', ( #827 ), #3888, .T. ) ;
#265 = LINE ( 'NONE', #1441, #1880 ) ;
#266 = DIRECTION ( 'NONE',  ( 0.000000000000000000, 1.801998070613027504E-16, -1.000000000000000000 ) ) ;
#267 = DIRECTION ( 'NONE',  ( 1.000000000000000000, -0.000000000000000000, -4.494102269369967741E-16 ) ) ;
#268 = CARTESIAN_POINT ( 'NONE',  ( 1.179999999999999716, 7.500000000000001776, 0.6349999999999992317 ) ) ;
#269 = PLANE ( 'NONE',  #1534 ) ;
#270 = EDGE_CURVE ( 'NONE', #3226, #3727, #2515, .T. ) ;
#271 = ORIENTED_EDGE ( 'NONE', *, *, #747, .T. ) ;
#272 = DIRECTION ( 'NONE',  ( -0.3015113445777614087, 0.9045340337332923308, 0.3015113445777614087 ) ) ;
#273 = VERTEX_POINT ( 'NONE', #1761 ) ;
#274 = VECTOR ( 'NONE', #2737, 1000.000000000000000 ) ;
#275 = ADVANCED_FACE ( 'NONE', ( #927 ), #3470, .T. ) ;
#276 = CARTESIAN_POINT ( 'NONE',  ( 1.179999999999999716, -2.579999999999992966, -0.005000000000001723552 ) ) ;
#277 = ORIENTED_EDGE ( 'NONE', *, *, #3481, .F. ) ;
#278 = EDGE_CURVE ( 'NONE', #2877, #1532, #4184, .T. ) ;
#279 = CARTESIAN_POINT ( 'NONE',  ( 1.300000000000000044, 6.899999999999999467, -1.585000000000000187 ) ) ;
#280 = DIRECTION ( 'NONE',  ( 1.000000000000000000, 0.000000000000000000, -4.494102269369967741E-16 ) ) ;
#281 = VERTEX_POINT ( 'NONE', #4626 ) ;
#282 = DIRECTION ( 'NONE',  ( -0.000000000000000000, -0.000000000000000000, -1.000000000000000000 ) ) ;
#283 = LINE ( 'NONE', #1769, #1927 ) ;
#284 = VECTOR ( 'NONE', #2297, 1000.000000000000000 ) ;
#285 = VERTEX_POINT ( 'NONE', #2913 ) ;
#286 = ORIENTED_EDGE ( 'NONE', *, *, #2962, .T. ) ;
#287 = CARTESIAN_POINT ( 'NONE',  ( 1.179999999999999716, 0.6699999999999997069, 1.584999999999999964 ) ) ;
#288 = FACE_OUTER_BOUND ( 'NONE', #4231, .T. ) ;
#289 = CARTESIAN_POINT ( 'NONE',  ( 0.000000000000000000, 0.000000000000000000, 0.000000000000000000 ) ) ;
#290 = CARTESIAN_POINT ( 'NONE',  ( -1.820000000000000506, 7.500000000000001776, 0.6349999999999992317 ) ) ;
#291 = ORIENTED_EDGE ( 'NONE', *, *, #4482, .F. ) ;
#292 = ORIENTED_EDGE ( 'NONE', *, *, #4503, .T. ) ;
#293 = EDGE_CURVE ( 'NONE', #2187, #4471, #879, .T. ) ;
#294 = LINE ( 'NONE', #1271, #3551 ) ;
#295 = STYLED_ITEM ( 'NONE', ( #881 ), #862 ) ;
#296 = DIRECTION ( 'NONE',  ( -0.000000000000000000, -0.000000000000000000, -1.000000000000000000 ) ) ;
#297 = DIRECTION ( 'NONE',  ( 0.000000000000000000, 1.000000000000000000, -3.614007241618347785E-16 ) ) ;
#298 = VERTEX_POINT ( 'NONE', #168 ) ;
#299 = CARTESIAN_POINT ( 'NONE',  ( 1.819999999999999618, -2.579999999999992966, 0.6349999999999983435 ) ) ;
#300 = ADVANCED_FACE ( 'NONE', ( #2506 ), #2399, .T. ) ;
#301 = EDGE_CURVE ( 'NONE', #2546, #1532, #4247, .T. ) ;
#302 = LINE ( 'NONE', #2246, #1854 ) ;
#303 = AXIS2_PLACEMENT_3D ( 'NONE', #4357, #4392, #2378 ) ;
#304 = CARTESIAN_POINT ( 'NONE',  ( 4.825000000000000178, 1.850000000000000089, 1.774999999999999245 ) ) ;
#305 = ORIENTED_EDGE ( 'NONE', *, *, #4154, .T. ) ;
#306 = CARTESIAN_POINT ( 'NONE',  ( 4.825000000000000178, 9.900000000000000355, 1.774999999999999245 ) ) ;
#307 = CARTESIAN_POINT ( 'NONE',  ( -1.180000000000000604, -7.265096679918780609, -0.005000000000002567495 ) ) ;
#308 = AXIS2_PLACEMENT_3D ( 'NONE', #1943, #132, #1408 ) ;
#309 = CARTESIAN_POINT ( 'NONE',  ( 1.179999999999999716, 6.899999999999995026, 0.6349999999999992317 ) ) ;
#310 = ORIENTED_EDGE ( 'NONE', *, *, #3851, .F. ) ;
#311 = CARTESIAN_POINT ( 'NONE',  ( 4.524999999999996803, -1.449999999999999956, 2.185000000000002718 ) ) ;
#312 = ADVANCED_FACE ( 'NONE', ( #840 ), #14, .F. ) ;
#313 = EDGE_CURVE ( 'NONE', #78, #702, #4196, .T. ) ;
#314 = VERTEX_POINT ( 'NONE', #4433 ) ;
#315 = ORIENTED_EDGE ( 'NONE', *, *, #3688, .T. ) ;
#316 = EDGE_CURVE ( 'NONE', #743, #2891, #4205, .T. ) ;
#317 = VERTEX_POINT ( 'NONE', #2710 ) ;
#318 = DIRECTION ( 'NONE',  ( -0.8869140841669808095, 0.000000000000000000, -0.4619344188369661763 ) ) ;
#319 = DIRECTION ( 'NONE',  ( -1.000000000000000000, -0.000000000000000000, -0.000000000000000000 ) ) ;
#320 = LINE ( 'NONE', #4636, #1931 ) ;
#321 = DIRECTION ( 'NONE',  ( -0.000000000000000000, 1.000000000000000000, 0.000000000000000000 ) ) ;
#322 = PLANE ( 'NONE',  #2536 ) ;
#323 = FACE_OUTER_BOUND ( 'NONE', #3111, .T. ) ;
#324 = VERTEX_POINT ( 'NONE', #365 ) ;
#325 = EDGE_CURVE ( 'NONE', #4256, #3227, #4037, .T. ) ;
#326 = LINE ( 'NONE', #1200, #274 ) ;
#327 = DIRECTION ( 'NONE',  ( 0.000000000000000000, -1.000000000000000000, 0.000000000000000000 ) ) ;
#328 = DIRECTION ( 'NONE',  ( 0.000000000000000000, -1.000000000000000000, -3.388131789017201849E-16 ) ) ;
#329 = CARTESIAN_POINT ( 'NONE',  ( 1.179999999999999716, -2.579999999999992966, 0.6349999999999974554 ) ) ;
#330 = FACE_OUTER_BOUND ( 'NONE', #1191, .T. ) ;
#331 = ORIENTED_EDGE ( 'NONE', *, *, #1521, .F. ) ;
#332 = DIRECTION ( 'NONE',  ( 0.000000000000000000, -0.000000000000000000, -1.000000000000000000 ) ) ;
#333 = ORIENTED_EDGE ( 'NONE', *, *, #4781, .T. ) ;
#334 = ORIENTED_EDGE ( 'NONE', *, *, #1774, .T. ) ;
#335 = LINE ( 'NONE', #2405, #3488 ) ;
#336 = EDGE_CURVE ( 'NONE', #71, #78, #4096, .T. ) ;
#337 = CARTESIAN_POINT ( 'NONE',  ( -3.425000000000001155, 9.900000000000000355, 1.044999999999999041 ) ) ;
#338 = DIRECTION ( 'NONE',  ( -1.000000000000000000, -0.000000000000000000, -0.000000000000000000 ) ) ;
#339 = ORIENTED_EDGE ( 'NONE', *, *, #3384, .T. ) ;
#340 = DIRECTION ( 'NONE',  ( -5.938732123273208502E-16, -0.7682212795973767383, 0.6401843996644787094 ) ) ;
#341 = ADVANCED_FACE ( 'NONE', ( #2627 ), #3393, .T. ) ;
#342 = ORIENTED_EDGE ( 'NONE', *, *, #4369, .F. ) ;
#343 = CARTESIAN_POINT ( 'NONE',  ( 1.179999999999999716, 6.899999999999995026, 0.6349999999999992317 ) ) ;
#344 = VECTOR ( 'NONE', #3364, 1000.000000000000000 ) ;
#345 = AXIS2_PLACEMENT_3D ( 'NONE', #4586, #2782, #3005 ) ;
#346 = ORIENTED_EDGE ( 'NONE', *, *, #648, .F. ) ;
#347 = ORIENTED_EDGE ( 'NONE', *, *, #4536, .F. ) ;
#348 = DIRECTION ( 'NONE',  ( 0.9486832980505148782, 0.3162277660168349991, -0.000000000000000000 ) ) ;
#349 = CARTESIAN_POINT ( 'NONE',  ( 1.499999999999999556, 8.300000000000000711, 2.774999999999999467 ) ) ;
#350 = VECTOR ( 'NONE', #915, 1000.000000000000000 ) ;
#351 = DIRECTION ( 'NONE',  ( 0.000000000000000000, 0.000000000000000000, -1.000000000000000000 ) ) ;
#352 = DIRECTION ( 'NONE',  ( 0.000000000000000000, -0.000000000000000000, 1.000000000000000000 ) ) ;
#353 = CARTESIAN_POINT ( 'NONE',  ( -1.180000000000000604, 1.349999999999999645, 0.6349999999999990097 ) ) ;
#354 = CARTESIAN_POINT ( 'NONE',  ( 3.864999999999990887, 9.900000000000000355, 2.274999999999999467 ) ) ;
#355 = EDGE_CURVE ( 'NONE', #4073, #3254, #853, .T. ) ;
#356 = EDGE_LOOP ( 'NONE', ( #441, #208, #1773, #3451 ) ) ;
#357 = AXIS2_PLACEMENT_3D ( 'NONE', #290, #935, #2149 ) ;
#358 = ORIENTED_EDGE ( 'NONE', *, *, #2308, .T. ) ;
#359 = ORIENTED_EDGE ( 'NONE', *, *, #4023, .F. ) ;
#360 = LINE ( 'NONE', #2069, #3687 ) ;
#361 = DIRECTION ( 'NONE',  ( 1.000000000000000000, 0.000000000000000000, 0.000000000000000000 ) ) ;
#362 = CARTESIAN_POINT ( 'NONE',  ( 4.824999999999999289, 8.499999999999994671, -0.9550000000000007372 ) ) ;
#363 = CARTESIAN_POINT ( 'NONE',  ( -4.825000000000001066, 0.6699999999999997069, -0.9549999999999975175 ) ) ;
#364 = ORIENTED_EDGE ( 'NONE', *, *, #1679, .T. ) ;
#365 = CARTESIAN_POINT ( 'NONE',  ( -4.175000000000000711, 0.000000000000000000, 1.884999999999999787 ) ) ;
#366 = DIRECTION ( 'NONE',  ( 0.000000000000000000, 1.000000000000000000, -0.000000000000000000 ) ) ;
#367 = VERTEX_POINT ( 'NONE', #4521 ) ;
#368 = ORIENTED_EDGE ( 'NONE', *, *, #470, .T. ) ;
#369 = EDGE_CURVE ( 'NONE', #800, #3885, #2481, .T. ) ;
#370 = AXIS2_PLACEMENT_3D ( 'NONE', #942, #63, #3096 ) ;
#371 = EDGE_LOOP ( 'NONE', ( #792, #4349, #689, #2215 ) ) ;
#372 = CARTESIAN_POINT ( 'NONE',  ( -3.890000000000000124, 0.6699999999999997069, 1.585000000000002185 ) ) ;
#373 = DIRECTION ( 'NONE',  ( 0.000000000000000000, -1.801998070613027504E-16, 1.000000000000000000 ) ) ;
#374 = EDGE_CURVE ( 'NONE', #1563, #186, #4075, .T. ) ;
#375 = ORIENTED_EDGE ( 'NONE', *, *, #3263, .T. ) ;
#376 = DIRECTION ( 'NONE',  ( -0.000000000000000000, 1.000000000000000000, -0.000000000000000000 ) ) ;
#377 = VERTEX_POINT ( 'NONE', #3026 ) ;
#378 = DIRECTION ( 'NONE',  ( -0.000000000000000000, 0.000000000000000000, 1.000000000000000000 ) ) ;
#379 = EDGE_CURVE ( 'NONE', #38, #314, #2493, .T. ) ;
#380 = ADVANCED_FACE ( 'NONE', ( #2525, #4113 ), #1141, .F. ) ;
#381 = ORIENTED_EDGE ( 'NONE', *, *, #2022, .T. ) ;
#382 = CARTESIAN_POINT ( 'NONE',  ( -4.825000000000000178, 0.6699999999999997069, 1.585000000000002629 ) ) ;
#383 = DIRECTION ( 'NONE',  ( 0.000000000000000000, -1.000000000000000000, 0.000000000000000000 ) ) ;
#384 = CARTESIAN_POINT ( 'NONE',  ( -1.820000000000000506, 7.500000000000001776, 0.6349999999999992317 ) ) ;
#385 = CARTESIAN_POINT ( 'NONE',  ( -1.180000000000000604, 1.269999999999999796, 1.190000000000000835 ) ) ;
#386 = CARTESIAN_POINT ( 'NONE',  ( 1.819999999999999618, 0.6699999999999998179, 1.189999999999999725 ) ) ;
#387 = PLANE ( 'NONE',  #1443 ) ;
#388 = EDGE_LOOP ( 'NONE', ( #999, #4138, #2636, #4202 ) ) ;
#389 = EDGE_CURVE ( 'NONE', #400, #976, #2760, .T. ) ;
#390 = ORIENTED_EDGE ( 'NONE', *, *, #3408, .T. ) ;
#391 = ORIENTED_EDGE ( 'NONE', *, *, #4032, .F. ) ;
#392 = LINE ( 'NONE', #372, #1996 ) ;
#393 = DIRECTION ( 'NONE',  ( -0.9486832980505148782, 0.3162277660168349991, 0.000000000000000000 ) ) ;
#394 = LINE ( 'NONE', #2728, #409 ) ;
#395 = DIRECTION ( 'NONE',  ( 0.000000000000000000, 0.000000000000000000, -1.000000000000000000 ) ) ;
#396 = VERTEX_POINT ( 'NONE', #1479 ) ;
#397 = CARTESIAN_POINT ( 'NONE',  ( 1.179999999999999716, 1.350000000000000089, -1.585000000000000409 ) ) ;
#398 = DIRECTION ( 'NONE',  ( 1.000000000000000000, -0.000000000000000000, -4.494102269369967741E-16 ) ) ;
#399 = VERTEX_POINT ( 'NONE', #4103 ) ;
#400 = VERTEX_POINT ( 'NONE', #426 ) ;
#401 = VERTEX_POINT ( 'NONE', #46 ) ;
#402 = DIRECTION ( 'NONE',  ( -0.4619344188369650106, -0.000000000000000000, -0.8869140841669814757 ) ) ;
#403 = CARTESIAN_POINT ( 'NONE',  ( -1.820000000000000506, 7.500000000000001776, -0.005000000000000663636 ) ) ;
#404 = EDGE_LOOP ( 'NONE', ( #204, #3352, #1437, #3631 ) ) ;
#405 = CARTESIAN_POINT ( 'NONE',  ( -4.175000000000000711, -1.449999999999999956, 2.784999999999999698 ) ) ;
#406 = ORIENTED_EDGE ( 'NONE', *, *, #2234, .F. ) ;
#407 = CARTESIAN_POINT ( 'NONE',  ( -2.770000000000000906, 3.300000000000000711, 1.584999999999999520 ) ) ;
#408 = AXIS2_PLACEMENT_3D ( 'NONE', #2514, #2141, #2952 ) ;
#409 = VECTOR ( 'NONE', #3496, 1000.000000000000000 ) ;
#410 = VECTOR ( 'NONE', #4160, 1000.000000000000000 ) ;
#411 = ORIENTED_EDGE ( 'NONE', *, *, #1374, .T. ) ;
#412 = EDGE_LOOP ( 'NONE', ( #465, #191, #472, #3530 ) ) ;
#413 = VERTEX_POINT ( 'NONE', #397 ) ;
#414 = CARTESIAN_POINT ( 'NONE',  ( 0.8800000000000023359, 3.300000000000000711, 1.584999999999999520 ) ) ;
#415 = PLANE ( 'NONE',  #3116 ) ;
#416 = EDGE_LOOP ( 'NONE', ( #1024, #471, #2590, #390 ) ) ;
#417 = ORIENTED_EDGE ( 'NONE', *, *, #2998, .T. ) ;
#418 = ADVANCED_FACE ( 'NONE', ( #2326 ), #768, .F. ) ;
#419 = VERTEX_POINT ( 'NONE', #2185 ) ;
#420 = DIRECTION ( 'NONE',  ( 0.9486832980505146562, -0.3162277660168354432, 0.000000000000000000 ) ) ;
#421 = DIRECTION ( 'NONE',  ( 0.000000000000000000, 0.000000000000000000, -1.000000000000000000 ) ) ;
#422 = ADVANCED_FACE ( 'NONE', ( #3877 ), #3993, .F. ) ;
#423 = CARTESIAN_POINT ( 'NONE',  ( 1.300000000000000044, 7.400000000000000355, -2.085000000000000853 ) ) ;
#424 = AXIS2_PLACEMENT_3D ( 'NONE', #2230, #4595, #443 ) ;
#425 = EDGE_LOOP ( 'NONE', ( #4298, #1743, #1810, #142 ) ) ;
#426 = CARTESIAN_POINT ( 'NONE',  ( 3.890000000000000124, 1.849999999999999201, 2.024999999999999023 ) ) ;
#427 = DIRECTION ( 'NONE',  ( 0.000000000000000000, 0.000000000000000000, -1.000000000000000000 ) ) ;
#428 = ORIENTED_EDGE ( 'NONE', *, *, #3506, .F. ) ;
#429 = EDGE_CURVE ( 'NONE', #1900, #4323, #651, .T. ) ;
#430 = VERTEX_POINT ( 'NONE', #2738 ) ;
#431 = DIRECTION ( 'NONE',  ( -1.000000000000000000, -0.000000000000000000, -0.000000000000000000 ) ) ;
#432 = ORIENTED_EDGE ( 'NONE', *, *, #1521, .T. ) ;
#433 = DIRECTION ( 'NONE',  ( 0.000000000000000000, -0.000000000000000000, 1.000000000000000000 ) ) ;
#434 = ORIENTED_EDGE ( 'NONE', *, *, #4330, .F. ) ;
#435 = CARTESIAN_POINT ( 'NONE',  ( -3.889999999999998348, 1.849999999999999201, 2.261979166666661989 ) ) ;
#436 = ORIENTED_EDGE ( 'NONE', *, *, #3539, .T. ) ;
#437 = CARTESIAN_POINT ( 'NONE',  ( -3.440000000000000391, 0.6699999999999998179, 1.190000000000001945 ) ) ;
#438 = EDGE_CURVE ( 'NONE', #2715, #967, #744, .T. ) ;
#439 = ORIENTED_EDGE ( 'NONE', *, *, #1465, .T. ) ;
#440 = ORIENTED_EDGE ( 'NONE', *, *, #4652, .T. ) ;
#441 = ORIENTED_EDGE ( 'NONE', *, *, #4401, .T. ) ;
#442 = CARTESIAN_POINT ( 'NONE',  ( 3.890000000000000124, 1.699999999999999956, -1.584999999999999964 ) ) ;
#443 = DIRECTION ( 'NONE',  ( 0.000000000000000000, -2.744815626545581052E-16, 1.000000000000000000 ) ) ;
#444 = CARTESIAN_POINT ( 'NONE',  ( 1.819999999999999618, 1.349999999999999423, 2.024999999999999023 ) ) ;
#445 = EDGE_CURVE ( 'NONE', #4471, #2392, #733, .T. ) ;
#446 = DIRECTION ( 'NONE',  ( 0.000000000000000000, 0.000000000000000000, 1.000000000000000000 ) ) ;
#447 = ORIENTED_EDGE ( 'NONE', *, *, #4545, .F. ) ;
#448 = FACE_OUTER_BOUND ( 'NONE', #536, .T. ) ;
#449 = CARTESIAN_POINT ( 'NONE',  ( 3.890000000000000124, 1.269999999999999796, 1.189999999999998614 ) ) ;
#450 = ORIENTED_EDGE ( 'NONE', *, *, #4527, .F. ) ;
#451 = CARTESIAN_POINT ( 'NONE',  ( 0.000000000000000000, 0.000000000000000000, 2.024999999999999023 ) ) ;
#452 = DIRECTION ( 'NONE',  ( 0.000000000000000000, 1.000000000000000000, 0.000000000000000000 ) ) ;
#453 = ORIENTED_EDGE ( 'NONE', *, *, #2777, .T. ) ;
#454 = ADVANCED_FACE ( 'NONE', ( #3965 ), #1363, .F. ) ;
#455 = ORIENTED_EDGE ( 'NONE', *, *, #926, .T. ) ;
#456 = VECTOR ( 'NONE', #754, 1000.000000000000000 ) ;
#457 = ADVANCED_FACE ( 'NONE', ( #817 ), #804, .T. ) ;
#458 = VECTOR ( 'NONE', #433, 1000.000000000000000 ) ;
#459 = EDGE_CURVE ( 'NONE', #4448, #867, #3841, .T. ) ;
#460 = ORIENTED_EDGE ( 'NONE', *, *, #1365, .F. ) ;
#461 = DIRECTION ( 'NONE',  ( 0.000000000000000000, 1.000000000000000000, 0.000000000000000000 ) ) ;
#462 = AXIS2_PLACEMENT_3D ( 'NONE', #3076, #3419, #3759 ) ;
#463 = CARTESIAN_POINT ( 'NONE',  ( -4.825000000000000178, -3.252606517456513302E-16, 1.585000000000002851 ) ) ;
#464 = PLANE ( 'NONE',  #686 ) ;
#465 = ORIENTED_EDGE ( 'NONE', *, *, #4142, .F. ) ;
#466 = PLANE ( 'NONE',  #3650 ) ;
#467 = MANIFOLD_SOLID_BREP ( 'Chamfer6', #1696 ) ;
#468 = LINE ( 'NONE', #4717, #1991 ) ;
#469 = VERTEX_POINT ( 'NONE', #2408 ) ;
#470 = EDGE_CURVE ( 'NONE', #3428, #419, #2370, .T. ) ;
#471 = ORIENTED_EDGE ( 'NONE', *, *, #2880, .T. ) ;
#472 = ORIENTED_EDGE ( 'NONE', *, *, #219, .T. ) ;
#473 = CARTESIAN_POINT ( 'NONE',  ( -4.825000000000001066, -3.252606517456513302E-16, -0.9549999999999976286 ) ) ;
#474 = CARTESIAN_POINT ( 'NONE',  ( -4.825000000000000178, 0.6699999999999997069, 1.585000000000002629 ) ) ;
#475 = DIRECTION ( 'NONE',  ( -0.000000000000000000, 1.000000000000000000, 1.801998070613027504E-16 ) ) ;
#476 = DIRECTION ( 'NONE',  ( -1.000000000000000000, 0.000000000000000000, 4.494102269369967741E-16 ) ) ;
#477 = VERTEX_POINT ( 'NONE', #116 ) ;
#478 = ORIENTED_EDGE ( 'NONE', *, *, #2797, .F. ) ;
#479 = EDGE_LOOP ( 'NONE', ( #3153, #381, #82, #1712 ) ) ;
#480 = DIRECTION ( 'NONE',  ( 0.000000000000000000, 0.000000000000000000, 1.000000000000000000 ) ) ;
#481 = DIRECTION ( 'NONE',  ( 0.000000000000000000, 0.3162277660168349991, 0.9486832980505148782 ) ) ;
#482 = CARTESIAN_POINT ( 'NONE',  ( -1.180000000000000604, 1.350000000000000089, -1.585000000000000409 ) ) ;
#483 = ORIENTED_EDGE ( 'NONE', *, *, #4014, .F. ) ;
#484 = EDGE_LOOP ( 'NONE', ( #2414, #292, #4315, #4193 ) ) ;
#485 = CARTESIAN_POINT ( 'NONE',  ( -0.2300000000000001765, 3.300000000000000711, -0.9550000000000007372 ) ) ;
#486 = CARTESIAN_POINT ( 'NONE',  ( 4.825000000000000178, 0.000000000000000000, 2.784999999999999698 ) ) ;
#487 = ORIENTED_EDGE ( 'NONE', *, *, #1217, .T. ) ;
#488 = EDGE_CURVE ( 'NONE', #524, #2038, #2415, .T. ) ;
#489 = CARTESIAN_POINT ( 'NONE',  ( 4.825000000000001066, 0.000000000000000000, 1.884999999999999787 ) ) ;
#490 = ORIENTED_EDGE ( 'NONE', *, *, #4447, .F. ) ;
#491 = ADVANCED_FACE ( 'NONE', ( #3887 ), #3477, .T. ) ;
#492 = VERTEX_POINT ( 'NONE', #1300 ) ;
#493 = LINE ( 'NONE', #4803, #2009 ) ;
#494 = ADVANCED_FACE ( 'NONE', ( #798 ), #1596, .F. ) ;
#495 = VERTEX_POINT ( 'NONE', #877 ) ;
#496 = EDGE_CURVE ( 'NONE', #2237, #3274, #3856, .T. ) ;
#497 = ORIENTED_EDGE ( 'NONE', *, *, #3840, .F. ) ;
#498 = EDGE_LOOP ( 'NONE', ( #1755, #4571, #4161, #3317 ) ) ;
#499 = DIRECTION ( 'NONE',  ( 0.000000000000000000, -1.000000000000000000, 0.000000000000000000 ) ) ;
#500 = DIRECTION ( 'NONE',  ( -0.000000000000000000, -0.000000000000000000, -1.000000000000000000 ) ) ;
#501 = DIRECTION ( 'NONE',  ( 0.000000000000000000, 0.000000000000000000, 1.000000000000000000 ) ) ;
#502 = CARTESIAN_POINT ( 'NONE',  ( -3.440000000000000391, -1.448757163391319161E-15, -1.584999999999999964 ) ) ;
#503 = ORIENTED_EDGE ( 'NONE', *, *, #2827, .T. ) ;
#504 = ORIENTED_EDGE ( 'NONE', *, *, #1745, .T. ) ;
#505 = VERTEX_POINT ( 'NONE', #4607 ) ;
#506 = DIRECTION ( 'NONE',  ( -0.000000000000000000, 1.000000000000000000, 1.801998070613027504E-16 ) ) ;
#507 = PLANE ( 'NONE',  #3177 ) ;
#508 = ORIENTED_EDGE ( 'NONE', *, *, #3450, .F. ) ;
#509 = DIRECTION ( 'NONE',  ( 1.000000000000000000, 0.000000000000000000, 0.000000000000000000 ) ) ;
#510 = CARTESIAN_POINT ( 'NONE',  ( -3.440000000000000391, 0.6699999999999997069, 1.585000000000002629 ) ) ;
#511 = ORIENTED_EDGE ( 'NONE', *, *, #3621, .F. ) ;
#512 = VERTEX_POINT ( 'NONE', #3826 ) ;
#513 = EDGE_CURVE ( 'NONE', #396, #614, #4009, .T. ) ;
#514 = AXIS2_PLACEMENT_3D ( 'NONE', #3365, #4492, #2544 ) ;
#515 = CARTESIAN_POINT ( 'NONE',  ( -4.475000000000004086, -1.449999999999999956, 2.784999999999999698 ) ) ;
#516 = EDGE_LOOP ( 'NONE', ( #2391, #2591, #4124, #3954 ) ) ;
#517 = DIRECTION ( 'NONE',  ( 1.000000000000000000, -2.168404344971006896E-16, -0.000000000000000000 ) ) ;
#518 = DIRECTION ( 'NONE',  ( 1.000000000000000000, 0.000000000000000000, 0.000000000000000000 ) ) ;
#519 = ORIENTED_EDGE ( 'NONE', *, *, #3468, .T. ) ;
#520 = FILL_AREA_STYLE ('',( #182 ) ) ;
#521 = VERTEX_POINT ( 'NONE', #145 ) ;
#522 = EDGE_CURVE ( 'NONE', #3893, #1539, #3894, .T. ) ;
#523 = VECTOR ( 'NONE', #4597, 1000.000000000000000 ) ;
#524 = VERTEX_POINT ( 'NONE', #3902 ) ;
#525 = ORIENTED_EDGE ( 'NONE', *, *, #917, .T. ) ;
#526 = ADVANCED_FACE ( 'NONE', ( #2265 ), #2286, .F. ) ;
#527 = VERTEX_POINT ( 'NONE', #309 ) ;
#528 = AXIS2_PLACEMENT_3D ( 'NONE', #1476, #266, #3700 ) ;
#529 = DIRECTION ( 'NONE',  ( -0.000000000000000000, 1.000000000000000000, 0.000000000000000000 ) ) ;
#530 = DIRECTION ( 'NONE',  ( -0.000000000000000000, 0.000000000000000000, 1.000000000000000000 ) ) ;
#531 = CARTESIAN_POINT ( 'NONE',  ( -4.825000000000001066, 0.6699999999999997069, -0.9549999999999975175 ) ) ;
#532 = CARTESIAN_POINT ( 'NONE',  ( 0.4999999999999993339, 8.300000000000000711, 2.274999999999999467 ) ) ;
#533 = EDGE_CURVE ( 'NONE', #1284, #1577, #2380, .T. ) ;
#534 = AXIS2_PLACEMENT_3D ( 'NONE', #4708, #3924, #590 ) ;
#535 = EDGE_LOOP ( 'NONE', ( #3077, #3499, #1926, #1584 ) ) ;
#536 = EDGE_LOOP ( 'NONE', ( #4732, #582, #2172, #2014 ) ) ;
#537 = ORIENTED_EDGE ( 'NONE', *, *, #3439, .F. ) ;
#538 = EDGE_CURVE ( 'NONE', #1929, #4801, #684, .T. ) ;
#539 = CARTESIAN_POINT ( 'NONE',  ( 1.819999999999999618, 1.349999999999999867, -0.005000000000001014917 ) ) ;
#540 = CARTESIAN_POINT ( 'NONE',  ( 1.179999999999999716, 7.500000000000001776, 0.6349999999999992317 ) ) ;
#541 = DIRECTION ( 'NONE',  ( 1.000000000000000000, -0.000000000000000000, -8.537024980200820092E-17 ) ) ;
#542 = DIRECTION ( 'NONE',  ( 0.000000000000000000, 0.000000000000000000, -1.000000000000000000 ) ) ;
#543 = VERTEX_POINT ( 'NONE', #668 ) ;
#544 = EDGE_LOOP ( 'NONE', ( #1268, #732, #4181, #3596, #4343 ) ) ;
#545 = EDGE_CURVE ( 'NONE', #667, #2715, #2317, .T. ) ;
#546 = VECTOR ( 'NONE', #1460, 999.9999999999998863 ) ;
#547 = CARTESIAN_POINT ( 'NONE',  ( 1.819999999999999618, 6.899999999999995026, 0.6349999999999992317 ) ) ;
#548 = EDGE_LOOP ( 'NONE', ( #3574, #3565, #1990, #1805, #627, #3085, #91, #1995, #1565, #3395, #556, #1763, #1922, #135, #3479, #2001, #3444, #342 ) ) ;
#549 = DIRECTION ( 'NONE',  ( 0.6092076990801721381, 0.5076730825668083202, -0.6092076990801718051 ) ) ;
#550 = CARTESIAN_POINT ( 'NONE',  ( 3.890000000000000124, 1.849999999999999201, 2.024999999999999023 ) ) ;
#551 = ORIENTED_EDGE ( 'NONE', *, *, #4272, .T. ) ;
#552 = DIRECTION ( 'NONE',  ( 0.000000000000000000, -1.000000000000000000, 0.000000000000000000 ) ) ;
#553 = VERTEX_POINT ( 'NONE', #4502 ) ;
#554 = UNCERTAINTY_MEASURE_WITH_UNIT (LENGTH_MEASURE( 1.000000000000000082E-05 ), #3948, 'distance_accuracy_value', 'NONE');
#555 = ORIENTED_EDGE ( 'NONE', *, *, #438, .T. ) ;
#556 = ORIENTED_EDGE ( 'NONE', *, *, #2655, .T. ) ;
#557 = CARTESIAN_POINT ( 'NONE',  ( 3.425000000000000266, 8.499999999999994671, -0.9550000000000007372 ) ) ;
#558 = CARTESIAN_POINT ( 'NONE',  ( 3.440000000000000391, -6.062001655779399497E-16, -1.584999999999999964 ) ) ;
#559 = DIRECTION ( 'NONE',  ( -0.000000000000000000, 1.000000000000000000, -0.000000000000000000 ) ) ;
#560 = DIRECTION ( 'NONE',  ( 0.000000000000000000, -1.000000000000000000, 0.000000000000000000 ) ) ;
#561 = CARTESIAN_POINT ( 'NONE',  ( 1.179999999999999716, 1.350000000000000089, -1.585000000000000409 ) ) ;
#562 = EDGE_LOOP ( 'NONE', ( #1474, #606, #3710, #3223 ) ) ;
#563 = AXIS2_PLACEMENT_3D ( 'NONE', #4642, #1671, #1209 ) ;
#564 = VERTEX_POINT ( 'NONE', #3602 ) ;
#565 = ADVANCED_FACE ( 'NONE', ( #705 ), #1008, .F. ) ;
#566 = ORIENTED_EDGE ( 'NONE', *, *, #1643, .T. ) ;
#567 = DIRECTION ( 'NONE',  ( -1.000000000000000000, 0.000000000000000000, 0.000000000000000000 ) ) ;
#568 = CARTESIAN_POINT ( 'NONE',  ( 1.379999999999999893, -3.180000000000000160, 0.4349999999999979994 ) ) ;
#569 = DIRECTION ( 'NONE',  ( -1.000000000000000000, 0.000000000000000000, 5.954428407243046206E-16 ) ) ;
#570 = ORIENTED_EDGE ( 'NONE', *, *, #2510, .F. ) ;
#571 = EDGE_CURVE ( 'NONE', #2579, #2526, #3970, .T. ) ;
#572 = CARTESIAN_POINT ( 'NONE',  ( 2.770000000000000018, 3.300000000000000711, -0.9550000000000007372 ) ) ;
#573 = ORIENTED_EDGE ( 'NONE', *, *, #3811, .F. ) ;
#574 = VERTEX_POINT ( 'NONE', #4442 ) ;
#575 = VECTOR ( 'NONE', #205, 1000.000000000000000 ) ;
#576 = ORIENTED_EDGE ( 'NONE', *, *, #1941, .T. ) ;
#577 = DIRECTION ( 'NONE',  ( -0.000000000000000000, -0.000000000000000000, 1.000000000000000000 ) ) ;
#578 = PLANE ( 'NONE',  #45 ) ;
#579 = EDGE_LOOP ( 'NONE', ( #1323, #4368, #766, #2923 ) ) ;
#580 = CARTESIAN_POINT ( 'NONE',  ( -4.824999999999999289, 0.000000000000000000, -1.584999999999999964 ) ) ;
#581 = CARTESIAN_POINT ( 'NONE',  ( 4.824999999999999289, 0.6700000000000004841, -1.585000000000002629 ) ) ;
#582 = ORIENTED_EDGE ( 'NONE', *, *, #2046, .T. ) ;
#583 = EDGE_CURVE ( 'NONE', #4296, #3917, #978, .T. ) ;
#584 = VERTEX_POINT ( 'NONE', #2513 ) ;
#585 = ORIENTED_EDGE ( 'NONE', *, *, #882, .T. ) ;
#586 = EDGE_LOOP ( 'NONE', ( #1623, #2741, #1753 ) ) ;
#587 = EDGE_CURVE ( 'NONE', #3254, #800, #4125, .T. ) ;
#588 = CARTESIAN_POINT ( 'NONE',  ( 2.770000000000000018, 9.900000000000000355, 1.584999999999999298 ) ) ;
#589 = CARTESIAN_POINT ( 'NONE',  ( 3.999240397477538789, 9.325759602522460057, 2.205083126313777342 ) ) ;
#590 = DIRECTION ( 'NONE',  ( 2.247051134684983870E-16, 0.000000000000000000, -1.000000000000000000 ) ) ;
#591 = PLANE ( 'NONE',  #149 ) ;
#592 = CARTESIAN_POINT ( 'NONE',  ( 0.000000000000000000, 0.000000000000000000, 2.774999999999999467 ) ) ;
#593 = VECTOR ( 'NONE', #1664, 1000.000000000000000 ) ;
#594 = ADVANCED_FACE ( 'NONE', ( #4169 ), #3221, .F. ) ;
#595 = EDGE_LOOP ( 'NONE', ( #537, #576, #745, #3849 ) ) ;
#596 = ORIENTED_EDGE ( 'NONE', *, *, #4180, .T. ) ;
#597 = LINE ( 'NONE', #4404, #2263 ) ;
#598 = PLANE ( 'NONE',  #4065 ) ;
#599 = DIRECTION ( 'NONE',  ( 1.000000000000000000, 0.000000000000000000, -4.494102269369967741E-16 ) ) ;
#600 = DIRECTION ( 'NONE',  ( -0.7071067811865461294, -0.7071067811865489050, 0.000000000000000000 ) ) ;
#601 = EDGE_CURVE ( 'NONE', #4591, #667, #4149, .T. ) ;
#602 = ORIENTED_EDGE ( 'NONE', *, *, #1013, .F. ) ;
#603 = ADVANCED_FACE ( 'NONE', ( #850 ), #1419, .F. ) ;
#604 = ORIENTED_EDGE ( 'NONE', *, *, #4188, .T. ) ;
#605 = VECTOR ( 'NONE', #3136, 1000.000000000000000 ) ;
#606 = ORIENTED_EDGE ( 'NONE', *, *, #57, .F. ) ;
#607 = DIRECTION ( 'NONE',  ( 0.6635381078444690939, 0.6635381078444718694, 0.3455927645023254002 ) ) ;
#608 = DIRECTION ( 'NONE',  ( 1.000000000000000000, -0.000000000000000000, -4.494102269369967741E-16 ) ) ;
#609 = CARTESIAN_POINT ( 'NONE',  ( -1.180000000000000604, 6.899999999999995026, -0.005000000000000663636 ) ) ;
#610 = EDGE_LOOP ( 'NONE', ( #4441, #2945, #1010, #858, #4412, #3102, #1480, #3734, #2239, #2136, #3842, #1183 ) ) ;
#611 = EDGE_CURVE ( 'NONE', #2144, #1593, #4036, .T. ) ;
#612 = VECTOR ( 'NONE', #4176, 1000.000000000000000 ) ;
#613 = LINE ( 'NONE', #3112, #3958 ) ;
#614 = VERTEX_POINT ( 'NONE', #4719 ) ;
#615 = ORIENTED_EDGE ( 'NONE', *, *, #3986, .F. ) ;
#616 = ORIENTED_EDGE ( 'NONE', *, *, #4756, .F. ) ;
#617 = DIRECTION ( 'NONE',  ( -1.280553747030123322E-16, 0.000000000000000000, -1.000000000000000000 ) ) ;
#618 = DIRECTION ( 'NONE',  ( 1.000000000000000000, -0.000000000000000000, -4.494102269369967741E-16 ) ) ;
#619 = DIRECTION ( 'NONE',  ( 1.000000000000000000, -0.000000000000000000, 0.000000000000000000 ) ) ;
#620 = EDGE_CURVE ( 'NONE', #1532, #2678, #2444, .T. ) ;
#621 = DIRECTION ( 'NONE',  ( 0.000000000000000000, 0.000000000000000000, -1.000000000000000000 ) ) ;
#622 = FACE_OUTER_BOUND ( 'NONE', #4245, .T. ) ;
#623 = AXIS2_PLACEMENT_3D ( 'NONE', #3382, #1261, #101 ) ;
#624 = DIRECTION ( 'NONE',  ( -1.000000000000000000, 0.000000000000000000, 4.494102269369967741E-16 ) ) ;
#625 = VERTEX_POINT ( 'NONE', #2478 ) ;
#626 = ORIENTED_EDGE ( 'NONE', *, *, #778, .F. ) ;
#627 = ORIENTED_EDGE ( 'NONE', *, *, #293, .T. ) ;
#628 = VECTOR ( 'NONE', #1078, 1000.000000000000000 ) ;
#629 = CARTESIAN_POINT ( 'NONE',  ( 1.179999999999999716, 1.350000000000000089, -1.585000000000000409 ) ) ;
#630 = VECTOR ( 'NONE', #2167, 1000.000000000000000 ) ;
#631 = DIRECTION ( 'NONE',  ( -1.000000000000000000, -0.000000000000000000, -0.000000000000000000 ) ) ;
#632 = EDGE_LOOP ( 'NONE', ( #2253, #640, #2123, #1680 ) ) ;
#633 = DIRECTION ( 'NONE',  ( 4.494102269369967741E-16, 3.236424395479118258E-16, 1.000000000000000000 ) ) ;
#634 = ADVANCED_FACE ( 'NONE', ( #944 ), #4748, .F. ) ;
#635 = CARTESIAN_POINT ( 'NONE',  ( 4.475000000000004086, -1.449999999999999956, 2.185000000000002718 ) ) ;
#636 = ORIENTED_EDGE ( 'NONE', *, *, #4701, .F. ) ;
#637 = VERTEX_POINT ( 'NONE', #3658 ) ;
#638 = VECTOR ( 'NONE', #2897, 1000.000000000000000 ) ;
#639 = AXIS2_PLACEMENT_3D ( 'NONE', #2602, #2972, #3316 ) ;
#640 = ORIENTED_EDGE ( 'NONE', *, *, #1801, .F. ) ;
#641 = DIRECTION ( 'NONE',  ( 1.000000000000000000, 1.344746880602175966E-16, -0.000000000000000000 ) ) ;
#642 = CARTESIAN_POINT ( 'NONE',  ( 3.000000000000000000, -3.180000000000000160, 0.4349999999999979994 ) ) ;
#643 = EDGE_LOOP ( 'NONE', ( #873, #3122, #159, #4525 ) ) ;
#644 = DIRECTION ( 'NONE',  ( 0.000000000000000000, 1.000000000000000000, -0.000000000000000000 ) ) ;
#645 = CARTESIAN_POINT ( 'NONE',  ( 1.300000000000000044, 6.899999999999999467, -2.085000000000000853 ) ) ;
#646 = ADVANCED_FACE ( 'NONE', ( #2568 ), #1089, .T. ) ;
#647 = EDGE_LOOP ( 'NONE', ( #3751, #1498, #3587, #2045 ) ) ;
#648 = EDGE_CURVE ( 'NONE', #3787, #3527, #2521, .T. ) ;
#649 = LINE ( 'NONE', #3512, #2440 ) ;
#650 = EDGE_LOOP ( 'NONE', ( #1978, #3513, #368, #1969, #148 ) ) ;
#651 = LINE ( 'NONE', #692, #670 ) ;
#652 = ORIENTED_EDGE ( 'NONE', *, *, #736, .T. ) ;
#653 = VECTOR ( 'NONE', #2986, 1000.000000000000000 ) ;
#654 = DIRECTION ( 'NONE',  ( 0.000000000000000000, 0.000000000000000000, -1.000000000000000000 ) ) ;
#655 = LINE ( 'NONE', #444, #681 ) ;
#656 = DIRECTION ( 'NONE',  ( 0.000000000000000000, -1.000000000000000000, 0.000000000000000000 ) ) ;
#657 = LINE ( 'NONE', #1203, #2264 ) ;
#658 = EDGE_LOOP ( 'NONE', ( #1399, #1764, #1571, #1219 ) ) ;
#659 = VECTOR ( 'NONE', #1663, 1000.000000000000114 ) ;
#660 = ORIENTED_EDGE ( 'NONE', *, *, #3222, .F. ) ;
#661 = LINE ( 'NONE', #3750, #706 ) ;
#662 = LINE ( 'NONE', #1556, #719 ) ;
#663 = PLANE ( 'NONE',  #1710 ) ;
#664 = EDGE_CURVE ( 'NONE', #1593, #2968, #989, .T. ) ;
#665 = DIRECTION ( 'NONE',  ( 0.000000000000000000, 1.000000000000000000, 0.000000000000000000 ) ) ;
#666 = VECTOR ( 'NONE', #1464, 1000.000000000000000 ) ;
#667 = VERTEX_POINT ( 'NONE', #3349 ) ;
#668 = CARTESIAN_POINT ( 'NONE',  ( 3.890000000000000124, 0.000000000000000000, -0.9550000000000014033 ) ) ;
#669 = CARTESIAN_POINT ( 'NONE',  ( 1.819999999999999618, 0.6699999999999998179, -0.5599999999999976108 ) ) ;
#670 = VECTOR ( 'NONE', #2634, 1000.000000000000000 ) ;
#671 = FACE_OUTER_BOUND ( 'NONE', #6, .T. ) ;
#672 = ORIENTED_EDGE ( 'NONE', *, *, #2376, .T. ) ;
#673 = VECTOR ( 'NONE', #4238, 1000.000000000000000 ) ;
#674 = ORIENTED_EDGE ( 'NONE', *, *, #336, .T. ) ;
#675 = ADVANCED_FACE ( 'NONE', ( #909 ), #125, .F. ) ;
#676 = PLANE ( 'NONE',  #3615 ) ;
#677 = CARTESIAN_POINT ( 'NONE',  ( 3.890000000000000124, 1.699999999999999956, -1.584999999999999964 ) ) ;
#678 = CARTESIAN_POINT ( 'NONE',  ( -4.825000000000001066, 0.6699999999999998179, -0.5599999999999976108 ) ) ;
#679 = EDGE_LOOP ( 'NONE', ( #985, #3679, #4267, #3630, #2484 ) ) ;
#680 = ORIENTED_EDGE ( 'NONE', *, *, #1405, .T. ) ;
#681 = VECTOR ( 'NONE', #3440, 1000.000000000000000 ) ;
#682 = ORIENTED_EDGE ( 'NONE', *, *, #1157, .F. ) ;
#683 = EDGE_CURVE ( 'NONE', #1011, #543, #2470, .T. ) ;
#684 = LINE ( 'NONE', #4778, #2305 ) ;
#685 = ORIENTED_EDGE ( 'NONE', *, *, #2770, .F. ) ;
#686 = AXIS2_PLACEMENT_3D ( 'NONE', #4644, #2225, #2813 ) ;
#687 = VERTEX_POINT ( 'NONE', #780 ) ;
#688 = CARTESIAN_POINT ( 'NONE',  ( -4.824999999999999289, 0.000000000000000000, -1.584999999999999964 ) ) ;
#689 = ORIENTED_EDGE ( 'NONE', *, *, #211, .T. ) ;
#690 = DIRECTION ( 'NONE',  ( -1.000000000000000000, 0.000000000000000000, 0.000000000000000000 ) ) ;
#691 = FACE_OUTER_BOUND ( 'NONE', #2635, .T. ) ;
#692 = CARTESIAN_POINT ( 'NONE',  ( -3.440000000000000391, 1.269999999999999796, 1.190000000000001723 ) ) ;
#693 = FACE_OUTER_BOUND ( 'NONE', #4360, .T. ) ;
#694 = ORIENTED_EDGE ( 'NONE', *, *, #723, .T. ) ;
#695 = ORIENTED_EDGE ( 'NONE', *, *, #2463, .F. ) ;
#696 = ORIENTED_EDGE ( 'NONE', *, *, #2151, .F. ) ;
#697 = LINE ( 'NONE', #1526, #612 ) ;
#698 = DIRECTION ( 'NONE',  ( 0.000000000000000000, 1.000000000000000000, 0.000000000000000000 ) ) ;
#699 = DIRECTION ( 'NONE',  ( -2.247051134684983870E-16, 0.000000000000000000, 1.000000000000000000 ) ) ;
#700 = LINE ( 'NONE', #2373, #3881 ) ;
#701 = DIRECTION ( 'NONE',  ( 0.000000000000000000, -0.000000000000000000, 1.000000000000000000 ) ) ;
#702 = VERTEX_POINT ( 'NONE', #2261 ) ;
#703 = DIRECTION ( 'NONE',  ( 1.000000000000000000, 0.000000000000000000, 9.276596128218219609E-16 ) ) ;
#704 = CARTESIAN_POINT ( 'NONE',  ( -1.180000000000000604, -7.265096679918780609, -0.005000000000002567495 ) ) ;
#705 = FACE_OUTER_BOUND ( 'NONE', #371, .T. ) ;
#706 = VECTOR ( 'NONE', #1948, 1000.000000000000000 ) ;
#707 = ORIENTED_EDGE ( 'NONE', *, *, #513, .T. ) ;
#708 = VECTOR ( 'NONE', #4709, 1000.000000000000000 ) ;
#709 = VECTOR ( 'NONE', #3078, 1000.000000000000000 ) ;
#710 = ORIENTED_EDGE ( 'NONE', *, *, #7, .T. ) ;
#711 = EDGE_CURVE ( 'NONE', #1937, #1853, #4203, .T. ) ;
#712 = DIRECTION ( 'NONE',  ( 4.336808689942017736E-16, 0.000000000000000000, 1.000000000000000000 ) ) ;
#713 = VECTOR ( 'NONE', #1490, 1000.000000000000000 ) ;
#714 =( NAMED_UNIT ( * ) SI_UNIT ( $, .STERADIAN. ) SOLID_ANGLE_UNIT ( ) );
#715 = EDGE_LOOP ( 'NONE', ( #3967, #1507, #503, #508 ) ) ;
#716 = LINE ( 'NONE', #1263, #948 ) ;
#717 = EDGE_LOOP ( 'NONE', ( #198, #406, #310, #334 ) ) ;
#718 = DIRECTION ( 'NONE',  ( 0.000000000000000000, 1.000000000000000000, 0.000000000000000000 ) ) ;
#719 = VECTOR ( 'NONE', #3413, 1000.000000000000000 ) ;
#720 = VECTOR ( 'NONE', #3636, 1000.000000000000000 ) ;
#721 = ORIENTED_EDGE ( 'NONE', *, *, #3976, .F. ) ;
#722 = ADVANCED_FACE ( 'NONE', ( #2658 ), #89, .F. ) ;
#723 = EDGE_CURVE ( 'NONE', #3583, #574, #4182, .T. ) ;
#724 = ORIENTED_EDGE ( 'NONE', *, *, #3286, .T. ) ;
#725 = CARTESIAN_POINT ( 'NONE',  ( -1.300000000000000044, 7.400000000000000355, -2.785000000000001030 ) ) ;
#726 = ORIENTED_EDGE ( 'NONE', *, *, #4394, .T. ) ;
#727 = DIRECTION ( 'NONE',  ( 0.000000000000000000, 0.000000000000000000, 1.000000000000000000 ) ) ;
#728 = DIRECTION ( 'NONE',  ( 0.000000000000000000, 1.000000000000000000, -3.236424395479118258E-16 ) ) ;
#729 = DIRECTION ( 'NONE',  ( 0.000000000000000000, 0.000000000000000000, 1.000000000000000000 ) ) ;
#730 = PLANE ( 'NONE',  #2912 ) ;
#731 = VECTOR ( 'NONE', #4551, 1000.000000000000000 ) ;
#732 = ORIENTED_EDGE ( 'NONE', *, *, #270, .T. ) ;
#733 = LINE ( 'NONE', #226, #659 ) ;
#734 = ORIENTED_EDGE ( 'NONE', *, *, #2002, .T. ) ;
#735 = VERTEX_POINT ( 'NONE', #3838 ) ;
#736 = EDGE_CURVE ( 'NONE', #3674, #400, #4027, .T. ) ;
#737 = ORIENTED_EDGE ( 'NONE', *, *, #2882, .T. ) ;
#738 = CARTESIAN_POINT ( 'NONE',  ( -3.425000000000000266, 9.900000000000000355, -0.9550000000000007372 ) ) ;
#739 = DIRECTION ( 'NONE',  ( 0.000000000000000000, 1.000000000000000000, -0.000000000000000000 ) ) ;
#740 = VECTOR ( 'NONE', #4608, 1000.000000000000000 ) ;
#741 = DIRECTION ( 'NONE',  ( -0.000000000000000000, 1.000000000000000000, 1.801998070613027504E-16 ) ) ;
#742 = DIRECTION ( 'NONE',  ( 1.000000000000000000, -0.000000000000000000, -0.000000000000000000 ) ) ;
#743 = VERTEX_POINT ( 'NONE', #2301 ) ;
#744 = LINE ( 'NONE', #3448, #763 ) ;
#745 = ORIENTED_EDGE ( 'NONE', *, *, #67, .T. ) ;
#746 = ORIENTED_EDGE ( 'NONE', *, *, #522, .F. ) ;
#747 = EDGE_CURVE ( 'NONE', #3226, #2453, #825, .T. ) ;
#748 = AXIS2_PLACEMENT_3D ( 'NONE', #4779, #1824, #2869 ) ;
#749 = LINE ( 'NONE', #4577, #593 ) ;
#750 = ORIENTED_EDGE ( 'NONE', *, *, #2090, .F. ) ;
#751 = VECTOR ( 'NONE', #1700, 1000.000000000000000 ) ;
#752 = CARTESIAN_POINT ( 'NONE',  ( -1.499999999999999112, 1.849999999999999201, 2.774999999999999467 ) ) ;
#753 = DIRECTION ( 'NONE',  ( -1.000000000000000000, 0.000000000000000000, 0.000000000000000000 ) ) ;
#754 = DIRECTION ( 'NONE',  ( 1.000000000000000000, 0.000000000000000000, 0.000000000000000000 ) ) ;
#755 = PLANE ( 'NONE',  #887 ) ;
#756 = EDGE_LOOP ( 'NONE', ( #1666, #3167, #4714, #127 ) ) ;
#757 = CLOSED_SHELL ( 'NONE', ( #526, #1228, #2560, #869, #1654, #207, #60, #3959, #859, #2012 ) ) ;
#758 = DIRECTION ( 'NONE',  ( 0.000000000000000000, -0.3162277660168354432, 0.9486832980505146562 ) ) ;
#759 = EDGE_CURVE ( 'NONE', #1900, #911, #2458, .T. ) ;
#760 = LINE ( 'NONE', #1959, #731 ) ;
#761 = AXIS2_PLACEMENT_3D ( 'NONE', #4771, #656, #332 ) ;
#762 = VERTEX_POINT ( 'NONE', #2344 ) ;
#763 = VECTOR ( 'NONE', #2771, 1000.000000000000000 ) ;
#764 = EDGE_LOOP ( 'NONE', ( #2318, #2365, #2626, #1468 ) ) ;
#765 = DIRECTION ( 'NONE',  ( 0.000000000000000000, 0.000000000000000000, -1.000000000000000000 ) ) ;
#766 = ORIENTED_EDGE ( 'NONE', *, *, #3879, .F. ) ;
#767 = CARTESIAN_POINT ( 'NONE',  ( -1.419545454545454888, 7.618636363636364095, 0.3954545454545448924 ) ) ;
#768 = PLANE ( 'NONE',  #1876 ) ;
#769 = DIRECTION ( 'NONE',  ( -1.000000000000000000, 0.000000000000000000, 0.000000000000000000 ) ) ;
#770 = LINE ( 'NONE', #1988, #605 ) ;
#771 = ORIENTED_EDGE ( 'NONE', *, *, #545, .F. ) ;
#772 = ADVANCED_FACE ( 'NONE', ( #4045 ), #464, .F. ) ;
#773 = VECTOR ( 'NONE', #2087, 1000.000000000000000 ) ;
#774 = ORIENTED_EDGE ( 'NONE', *, *, #429, .T. ) ;
#775 = AXIS2_PLACEMENT_3D ( 'NONE', #2820, #529, #1971 ) ;
#776 = DIRECTION ( 'NONE',  ( 0.000000000000000000, 0.000000000000000000, 1.000000000000000000 ) ) ;
#777 = VECTOR ( 'NONE', #4041, 1000.000000000000114 ) ;
#778 = EDGE_CURVE ( 'NONE', #3762, #469, #1198, .T. ) ;
#779 = ORIENTED_EDGE ( 'NONE', *, *, #313, .F. ) ;
#780 = CARTESIAN_POINT ( 'NONE',  ( 2.770000000000000018, 9.900000000000000355, -0.9550000000000007372 ) ) ;
#781 = DIRECTION ( 'NONE',  ( -0.9486832980505146562, -0.3162277660168354432, -0.000000000000000000 ) ) ;
#782 = AXIS2_PLACEMENT_3D ( 'NONE', #3675, #2324, #4490 ) ;
#783 = VECTOR ( 'NONE', #3548, 1000.000000000000000 ) ;
#784 = ORIENTED_EDGE ( 'NONE', *, *, #1499, .F. ) ;
#785 = EDGE_CURVE ( 'NONE', #281, #823, #2818, .T. ) ;
#786 = VECTOR ( 'NONE', #2226, 1000.000000000000000 ) ;
#787 = EDGE_LOOP ( 'NONE', ( #2628, #1169, #4735, #4538 ) ) ;
#788 = PLANE ( 'NONE',  #3626 ) ;
#789 = VECTOR ( 'NONE', #541, 1000.000000000000000 ) ;
#790 = CARTESIAN_POINT ( 'NONE',  ( -1.820000000000000506, -7.265096679918780609, -0.005000000000002567495 ) ) ;
#791 = LINE ( 'NONE', #2315, #4001 ) ;
#792 = ORIENTED_EDGE ( 'NONE', *, *, #4647, .F. ) ;
#793 = CARTESIAN_POINT ( 'NONE',  ( -4.825000000000001066, 0.6699999999999997069, -0.9549999999999975175 ) ) ;
#794 = LINE ( 'NONE', #1019, #803 ) ;
#795 = EDGE_CURVE ( 'NONE', #136, #977, #1108, .T. ) ;
#796 = VECTOR ( 'NONE', #221, 1000.000000000000000 ) ;
#797 = ORIENTED_EDGE ( 'NONE', *, *, #3369, .F. ) ;
#798 = FACE_OUTER_BOUND ( 'NONE', #1688, .T. ) ;
#799 = ORIENTED_EDGE ( 'NONE', *, *, #4565, .F. ) ;
#800 = VERTEX_POINT ( 'NONE', #1213 ) ;
#801 = CARTESIAN_POINT ( 'NONE',  ( 1.179999999999999716, -7.265096679918780609, 0.6349999999999974554 ) ) ;
#802 = DIRECTION ( 'NONE',  ( -1.000000000000000000, -0.000000000000000000, -0.000000000000000000 ) ) ;
#803 = VECTOR ( 'NONE', #461, 1000.000000000000000 ) ;
#804 = PLANE ( 'NONE',  #3699 ) ;
#805 = DIRECTION ( 'NONE',  ( 0.000000000000000000, -1.000000000000000000, 0.000000000000000000 ) ) ;
#806 = LINE ( 'NONE', #1125, #4070 ) ;
#807 = EDGE_CURVE ( 'NONE', #4801, #3778, #4286, .T. ) ;
#808 = FACE_OUTER_BOUND ( 'NONE', #1899, .T. ) ;
#809 = ORIENTED_EDGE ( 'NONE', *, *, #3408, .F. ) ;
#810 = DIRECTION ( 'NONE',  ( 1.000000000000000000, -0.000000000000000000, -4.494102269369967741E-16 ) ) ;
#811 = CARTESIAN_POINT ( 'NONE',  ( -2.814175257731957203, -0.06597938144329824894, 4.145824742268041874 ) ) ;
#812 = FACE_OUTER_BOUND ( 'NONE', #2296, .T. ) ;
#813 = EDGE_LOOP ( 'NONE', ( #1858, #3728, #2065, #3371 ) ) ;
#814 = CARTESIAN_POINT ( 'NONE',  ( 4.524999999999996803, -1.449999999999999956, 2.484999999999996323 ) ) ;
#815 = ADVANCED_FACE ( 'NONE', ( #1119 ), #3429, .F. ) ;
#816 = DIRECTION ( 'NONE',  ( 1.000000000000000000, -0.000000000000000000, -8.537024980200820092E-17 ) ) ;
#817 = FACE_OUTER_BOUND ( 'NONE', #2129, .T. ) ;
#818 = UNCERTAINTY_MEASURE_WITH_UNIT (LENGTH_MEASURE( 1.000000000000000082E-05 ), #3157, 'distance_accuracy_value', 'NONE');
#819 = AXIS2_PLACEMENT_3D ( 'NONE', #3632, #698, #1486 ) ;
#820 = ORIENTED_EDGE ( 'NONE', *, *, #4129, .T. ) ;
#821 = VERTEX_POINT ( 'NONE', #4164 ) ;
#822 = LINE ( 'NONE', #1907, #2518 ) ;
#823 = VERTEX_POINT ( 'NONE', #3145 ) ;
#824 = CARTESIAN_POINT ( 'NONE',  ( -4.825000000000001066, 0.6699999999999998179, -0.5599999999999976108 ) ) ;
#825 = LINE ( 'NONE', #1179, #832 ) ;
#826 = DIRECTION ( 'NONE',  ( 0.3015113445777610202, -0.9045340337332925529, 0.3015113445777610202 ) ) ;
#827 = FACE_OUTER_BOUND ( 'NONE', #356, .T. ) ;
#828 = VERTEX_POINT ( 'NONE', #435 ) ;
#829 = CARTESIAN_POINT ( 'NONE',  ( 3.457851206793328689E-15, -1.449999999999999956, 2.484999999999990994 ) ) ;
#830 = VECTOR ( 'NONE', #1491, 1000.000000000000000 ) ;
#831 = ORIENTED_EDGE ( 'NONE', *, *, #3682, .T. ) ;
#832 = VECTOR ( 'NONE', #3458, 1000.000000000000000 ) ;
#833 = LINE ( 'NONE', #561, #2459 ) ;
#834 = EDGE_LOOP ( 'NONE', ( #2364, #1795, #3794, #2169 ) ) ;
#835 = DIRECTION ( 'NONE',  ( -1.000000000000000000, -0.000000000000000000, -0.000000000000000000 ) ) ;
#836 = DIRECTION ( 'NONE',  ( -1.000000000000000000, 0.000000000000000000, 0.000000000000000000 ) ) ;
#837 = VECTOR ( 'NONE', #958, 1000.000000000000000 ) ;
#838 = VECTOR ( 'NONE', #885, 1000.000000000000000 ) ;
#839 = ORIENTED_EDGE ( 'NONE', *, *, #648, .T. ) ;
#840 = FACE_OUTER_BOUND ( 'NONE', #3793, .T. ) ;
#841 = VERTEX_POINT ( 'NONE', #814 ) ;
#842 = EDGE_CURVE ( 'NONE', #2899, #2891, #4257, .T. ) ;
#843 = PLANE ( 'NONE',  #3432 ) ;
#844 = PLANE ( 'NONE',  #3184 ) ;
#845 = VECTOR ( 'NONE', #600, 1000.000000000000114 ) ;
#846 = DIRECTION ( 'NONE',  ( 0.000000000000000000, 0.000000000000000000, -1.000000000000000000 ) ) ;
#847 = ORIENTED_EDGE ( 'NONE', *, *, #620, .T. ) ;
#848 = CARTESIAN_POINT ( 'NONE',  ( 0.8800000000000023359, 9.900000000000000355, 1.584999999999999520 ) ) ;
#849 = CARTESIAN_POINT ( 'NONE',  ( -4.824999999999998401, 1.850000000000000089, 2.785000000000001030 ) ) ;
#850 = FACE_OUTER_BOUND ( 'NONE', #4721, .T. ) ;
#851 = EDGE_CURVE ( 'NONE', #38, #2066, #1057, .T. ) ;
#852 = ORIENTED_EDGE ( 'NONE', *, *, #2730, .F. ) ;
#853 = LINE ( 'NONE', #1171, #4057 ) ;
#854 = ORIENTED_EDGE ( 'NONE', *, *, #24, .T. ) ;
#855 = LINE ( 'NONE', #2340, #4107 ) ;
#856 = LINE ( 'NONE', #4211, #830 ) ;
#857 = LINE ( 'NONE', #3797, #954 ) ;
#858 = ORIENTED_EDGE ( 'NONE', *, *, #170, .F. ) ;
#859 = ADVANCED_FACE ( 'NONE', ( #1029 ), #4119, .F. ) ;
#860 = DIRECTION ( 'NONE',  ( 1.344746880602175966E-16, -1.000000000000000000, 0.000000000000000000 ) ) ;
#861 = VECTOR ( 'NONE', #2386, 1000.000000000000000 ) ;
#862 = MANIFOLD_SOLID_BREP ( 'LPattern2', #2179 ) ;
#863 = CARTESIAN_POINT ( 'NONE',  ( -1.180000000000000604, 1.349999999999999867, -0.005000000000001014917 ) ) ;
#864 = DIRECTION ( 'NONE',  ( 1.000000000000000000, -0.000000000000000000, -4.494102269369967741E-16 ) ) ;
#865 = LINE ( 'NONE', #193, #970 ) ;
#866 = EDGE_CURVE ( 'NONE', #136, #3673, #1451, .T. ) ;
#867 = VERTEX_POINT ( 'NONE', #3983 ) ;
#868 = CARTESIAN_POINT ( 'NONE',  ( 3.440000000000000391, -6.062001655779399497E-16, -1.584999999999999964 ) ) ;
#869 = ADVANCED_FACE ( 'NONE', ( #4601 ), #260, .F. ) ;
#870 = LINE ( 'NONE', #126, #4155 ) ;
#871 = EDGE_LOOP ( 'NONE', ( #1039, #971, #2372, #969 ) ) ;
#872 = VECTOR ( 'NONE', #2674, 1000.000000000000000 ) ;
#873 = ORIENTED_EDGE ( 'NONE', *, *, #1133, .T. ) ;
#874 = DIRECTION ( 'NONE',  ( 1.000000000000000000, 0.000000000000000000, 0.000000000000000000 ) ) ;
#875 = EDGE_CURVE ( 'NONE', #762, #396, #3036, .T. ) ;
#876 = CARTESIAN_POINT ( 'NONE',  ( 1.819999999999999618, 3.300000000000000711, 0.6349999999999992317 ) ) ;
#877 = CARTESIAN_POINT ( 'NONE',  ( 1.179999999999999716, 1.349999999999999423, 2.024999999999999023 ) ) ;
#878 = VERTEX_POINT ( 'NONE', #4425 ) ;
#879 = LINE ( 'NONE', #3594, #2593 ) ;
#880 = VERTEX_POINT ( 'NONE', #609 ) ;
#881 = PRESENTATION_STYLE_ASSIGNMENT (( #3269 ) ) ;
#882 = EDGE_CURVE ( 'NONE', #2546, #4073, #4665, .T. ) ;
#883 =( NAMED_UNIT ( * ) PLANE_ANGLE_UNIT ( ) SI_UNIT ( $, .RADIAN. ) );
#884 = DIRECTION ( 'NONE',  ( 0.000000000000000000, -0.000000000000000000, 1.000000000000000000 ) ) ;
#885 = DIRECTION ( 'NONE',  ( 1.000000000000000000, -0.000000000000000000, -0.000000000000000000 ) ) ;
#886 = VECTOR ( 'NONE', #1701, 1000.000000000000000 ) ;
#887 = AXIS2_PLACEMENT_3D ( 'NONE', #1527, #2175, #2620 ) ;
#888 = CARTESIAN_POINT ( 'NONE',  ( 0.4999999999999993339, 8.300000000000000711, 2.774999999999999467 ) ) ;
#889 = VERTEX_POINT ( 'NONE', #4668 ) ;
#890 = DIRECTION ( 'NONE',  ( 0.000000000000000000, 0.000000000000000000, -1.000000000000000000 ) ) ;
#891 = LINE ( 'NONE', #1977, #2487 ) ;
#892 = ORIENTED_EDGE ( 'NONE', *, *, #2596, .F. ) ;
#893 = LINE ( 'NONE', #3810, #913 ) ;
#894 = LINE ( 'NONE', #1090, #2466 ) ;
#895 = VERTEX_POINT ( 'NONE', #2454 ) ;
#896 = CARTESIAN_POINT ( 'NONE',  ( -4.824999999999999289, 8.499999999999994671, 1.044999999999999263 ) ) ;
#897 = VECTOR ( 'NONE', #2975, 1000.000000000000000 ) ;
#898 = DIRECTION ( 'NONE',  ( 1.000000000000000000, -0.000000000000000000, -4.494102269369967741E-16 ) ) ;
#899 = CARTESIAN_POINT ( 'NONE',  ( -4.824999999999998401, 1.850000000000000089, 2.785000000000001030 ) ) ;
#900 = CARTESIAN_POINT ( 'NONE',  ( -4.825000000000000178, 0.6699999999999997069, 1.585000000000002629 ) ) ;
#901 = LINE ( 'NONE', #4268, #1046 ) ;
#902 = ORIENTED_EDGE ( 'NONE', *, *, #1499, .T. ) ;
#903 = DIRECTION ( 'NONE',  ( 0.000000000000000000, 0.000000000000000000, -1.000000000000000000 ) ) ;
#904 = VECTOR ( 'NONE', #2341, 1000.000000000000000 ) ;
#905 = FACE_OUTER_BOUND ( 'NONE', #715, .T. ) ;
#906 = LINE ( 'NONE', #56, #4051 ) ;
#907 = ADVANCED_FACE ( 'NONE', ( #1448 ), #3582, .F. ) ;
#908 = ORIENTED_EDGE ( 'NONE', *, *, #795, .T. ) ;
#909 = FACE_OUTER_BOUND ( 'NONE', #4106, .T. ) ;
#910 = VECTOR ( 'NONE', #2130, 1000.000000000000000 ) ;
#911 = VERTEX_POINT ( 'NONE', #1782 ) ;
#912 = PLANE ( 'NONE',  #3214 ) ;
#913 = VECTOR ( 'NONE', #826, 1000.000000000000114 ) ;
#914 = ADVANCED_FACE ( 'NONE', ( #1458 ), #1426, .T. ) ;
#915 = DIRECTION ( 'NONE',  ( -0.000000000000000000, -1.000000000000000000, -0.000000000000000000 ) ) ;
#916 = PLANE ( 'NONE',  #105 ) ;
#917 = EDGE_CURVE ( 'NONE', #3379, #2406, #1440, .T. ) ;
#918 = LINE ( 'NONE', #2569, #2540 ) ;
#919 = CARTESIAN_POINT ( 'NONE',  ( -4.825000000000000178, -1.449999999999999956, 2.484999999999997655 ) ) ;
#920 = PLANE ( 'NONE',  #2401 ) ;
#921 = FACE_OUTER_BOUND ( 'NONE', #2516, .T. ) ;
#922 = EDGE_LOOP ( 'NONE', ( #4018, #2139, #1482, #4769 ) ) ;
#923 = ORIENTED_EDGE ( 'NONE', *, *, #241, .F. ) ;
#924 = VECTOR ( 'NONE', #3260, 1000.000000000000000 ) ;
#925 = ORIENTED_EDGE ( 'NONE', *, *, #185, .F. ) ;
#926 = EDGE_CURVE ( 'NONE', #2098, #186, #3056, .T. ) ;
#927 = FACE_OUTER_BOUND ( 'NONE', #2161, .T. ) ;
#928 = ORIENTED_EDGE ( 'NONE', *, *, #1578, .T. ) ;
#929 = DIRECTION ( 'NONE',  ( -0.000000000000000000, -1.000000000000000000, -0.000000000000000000 ) ) ;
#930 = EDGE_CURVE ( 'NONE', #3058, #3934, #4637, .T. ) ;
#931 = PLANE ( 'NONE',  #1452 ) ;
#932 = SURFACE_STYLE_FILL_AREA ( #3474 ) ;
#933 = CARTESIAN_POINT ( 'NONE',  ( 3.890000000000000124, 0.6699999999999997069, 1.585000000000002629 ) ) ;
#934 = EDGE_LOOP ( 'NONE', ( #3183, #1529, #1069, #957 ) ) ;
#935 = DIRECTION ( 'NONE',  ( 0.000000000000000000, 0.000000000000000000, -1.000000000000000000 ) ) ;
#936 = ORIENTED_EDGE ( 'NONE', *, *, #2011, .F. ) ;
#937 = LINE ( 'NONE', #2793, #4084 ) ;
#938 = ORIENTED_EDGE ( 'NONE', *, *, #882, .F. ) ;
#939 = VECTOR ( 'NONE', #3536, 1000.000000000000000 ) ;
#940 = EDGE_CURVE ( 'NONE', #4788, #2392, #3043, .T. ) ;
#941 = DIRECTION ( 'NONE',  ( -1.000000000000000000, 0.000000000000000000, 1.280553747030123075E-16 ) ) ;
#942 = CARTESIAN_POINT ( 'NONE',  ( 3.000000000000000000, 7.500000000000001776, 0.000000000000000000 ) ) ;
#943 = ORIENTED_EDGE ( 'NONE', *, *, #940, .T. ) ;
#944 = FACE_OUTER_BOUND ( 'NONE', #3606, .T. ) ;
#945 = CARTESIAN_POINT ( 'NONE',  ( 1.300000000000000044, 7.400000000000000355, -2.785000000000001030 ) ) ;
#946 = CARTESIAN_POINT ( 'NONE',  ( -1.820000000000000506, -2.579999999999992966, -0.005000000000001723552 ) ) ;
#947 = DIRECTION ( 'NONE',  ( 0.000000000000000000, 1.000000000000000000, 0.000000000000000000 ) ) ;
#948 = VECTOR ( 'NONE', #4, 1000.000000000000000 ) ;
#949 = VERTEX_POINT ( 'NONE', #1752 ) ;
#950 = DIRECTION ( 'NONE',  ( 1.000000000000000000, -0.000000000000000000, -4.494102269369967741E-16 ) ) ;
#951 = FACE_OUTER_BOUND ( 'NONE', #579, .T. ) ;
#952 = PRODUCT_DEFINITION_CONTEXT ( 'detailed design', #1017, 'design' ) ;
#953 = VECTOR ( 'NONE', #4562, 1000.000000000000000 ) ;
#954 = VECTOR ( 'NONE', #549, 1000.000000000000000 ) ;
#955 = ORIENTED_EDGE ( 'NONE', *, *, #3376, .F. ) ;
#956 = EDGE_LOOP ( 'NONE', ( #4249, #3250, #4751, #2886 ) ) ;
#957 = ORIENTED_EDGE ( 'NONE', *, *, #4590, .T. ) ;
#958 = DIRECTION ( 'NONE',  ( 0.000000000000000000, 1.000000000000000000, -3.614007241618347785E-16 ) ) ;
#959 = VECTOR ( 'NONE', #975, 1000.000000000000000 ) ;
#960 = CARTESIAN_POINT ( 'NONE',  ( 1.179999999999999716, 7.500000000000001776, -0.005000000000000663636 ) ) ;
#961 = CARTESIAN_POINT ( 'NONE',  ( 3.425000000000001155, 9.900000000000000355, 1.044999999999999041 ) ) ;
#962 = VECTOR ( 'NONE', #1855, 1000.000000000000000 ) ;
#963 = DIRECTION ( 'NONE',  ( 4.494102269369967741E-16, 3.614007241618347785E-16, 1.000000000000000000 ) ) ;
#964 = CARTESIAN_POINT ( 'NONE',  ( -0.2300000000000001765, 3.300000000000000711, 1.584999999999999298 ) ) ;
#965 = EDGE_LOOP ( 'NONE', ( #2720, #2457, #194, #2625 ) ) ;
#966 = ADVANCED_FACE ( 'NONE', ( #1477 ), #1099, .F. ) ;
#967 = VERTEX_POINT ( 'NONE', #3644 ) ;
#968 = EDGE_CURVE ( 'NONE', #1863, #3742, #1393, .T. ) ;
#969 = ORIENTED_EDGE ( 'NONE', *, *, #2947, .T. ) ;
#970 = VECTOR ( 'NONE', #2468, 1000.000000000000000 ) ;
#971 = ORIENTED_EDGE ( 'NONE', *, *, #2002, .F. ) ;
#972 = CARTESIAN_POINT ( 'NONE',  ( 1.499999999999999556, 8.300000000000000711, 2.274999999999999467 ) ) ;
#973 = LINE ( 'NONE', #1830, #2643 ) ;
#974 = FACE_OUTER_BOUND ( 'NONE', #4399, .T. ) ;
#975 = DIRECTION ( 'NONE',  ( -0.000000000000000000, -0.000000000000000000, -1.000000000000000000 ) ) ;
#976 = VERTEX_POINT ( 'NONE', #4699 ) ;
#977 = VERTEX_POINT ( 'NONE', #234 ) ;
#978 = LINE ( 'NONE', #1052, #4056 ) ;
#979 = VECTOR ( 'NONE', #729, 1000.000000000000000 ) ;
#980 = ORIENTED_EDGE ( 'NONE', *, *, #1092, .F. ) ;
#981 = FACE_OUTER_BOUND ( 'NONE', #3123, .T. ) ;
#982 = VECTOR ( 'NONE', #318, 1000.000000000000227 ) ;
#983 = LINE ( 'NONE', #629, #2709 ) ;
#984 = FACE_OUTER_BOUND ( 'NONE', #2076, .T. ) ;
#985 = ORIENTED_EDGE ( 'NONE', *, *, #4303, .F. ) ;
#986 = DIRECTION ( 'NONE',  ( 1.000000000000000000, 0.000000000000000000, 0.000000000000000000 ) ) ;
#987 = DIRECTION ( 'NONE',  ( 0.000000000000000000, 2.744815626545581052E-16, -1.000000000000000000 ) ) ;
#988 = ORIENTED_EDGE ( 'NONE', *, *, #1265, .F. ) ;
#989 = LINE ( 'NONE', #2140, #4234 ) ;
#990 = DIRECTION ( 'NONE',  ( 0.000000000000000000, -2.744815626545581052E-16, 1.000000000000000000 ) ) ;
#991 = DIRECTION ( 'NONE',  ( -0.000000000000000000, -0.7682212795973767383, -0.6401843996644788204 ) ) ;
#992 = DIRECTION ( 'NONE',  ( 0.000000000000000000, -0.000000000000000000, -1.000000000000000000 ) ) ;
#993 = VECTOR ( 'NONE', #3052, 1000.000000000000000 ) ;
#994 = ORIENTED_EDGE ( 'NONE', *, *, #620, .F. ) ;
#995 = CARTESIAN_POINT ( 'NONE',  ( 0.000000000000000000, 3.300000000000000711, 0.000000000000000000 ) ) ;
#996 = VECTOR ( 'NONE', #1933, 1000.000000000000000 ) ;
#997 = EDGE_CURVE ( 'NONE', #118, #3889, #3028, .T. ) ;
#998 = AXIS2_PLACEMENT_3D ( 'NONE', #540, #1388, #1050 ) ;
#999 = ORIENTED_EDGE ( 'NONE', *, *, #2359, .F. ) ;
#1000 = VECTOR ( 'NONE', #1572, 1000.000000000000000 ) ;
#1001 = EDGE_CURVE ( 'NONE', #3885, #1118, #4654, .T. ) ;
#1002 = ORIENTED_EDGE ( 'NONE', *, *, #2390, .T. ) ;
#1003 = VECTOR ( 'NONE', #4150, 1000.000000000000000 ) ;
#1004 = ORIENTED_EDGE ( 'NONE', *, *, #1346, .T. ) ;
#1005 = DIRECTION ( 'NONE',  ( -2.353307041053807940E-16, -1.000000000000000000, 0.000000000000000000 ) ) ;
#1006 = VECTOR ( 'NONE', #1064, 1000.000000000000000 ) ;
#1007 = DIRECTION ( 'NONE',  ( -0.000000000000000000, 1.000000000000000000, -0.000000000000000000 ) ) ;
#1008 = PLANE ( 'NONE',  #4007 ) ;
#1009 = CARTESIAN_POINT ( 'NONE',  ( -1.300000000000000044, 6.899999999999999467, -2.085000000000000853 ) ) ;
#1010 = ORIENTED_EDGE ( 'NONE', *, *, #2116, .F. ) ;
#1011 = VERTEX_POINT ( 'NONE', #1022 ) ;
#1012 = VECTOR ( 'NONE', #1390, 1000.000000000000000 ) ;
#1013 = EDGE_CURVE ( 'NONE', #4682, #3893, #4640, .T. ) ;
#1014 = ORIENTED_EDGE ( 'NONE', *, *, #3931, .F. ) ;
#1015 = LINE ( 'NONE', #1831, #2706 ) ;
#1016 = SURFACE_STYLE_FILL_AREA ( #520 ) ;
#1017 = APPLICATION_CONTEXT ( 'automotive_design' ) ;
#1018 = LINE ( 'NONE', #2117, #2587 ) ;
#1019 = CARTESIAN_POINT ( 'NONE',  ( -3.440000000000000391, 0.000000000000000000, 2.024999999999999023 ) ) ;
#1020 = CARTESIAN_POINT ( 'NONE',  ( -4.825000000000001066, -3.252606517456513302E-16, -0.9549999999999976286 ) ) ;
#1021 = CARTESIAN_POINT ( 'NONE',  ( -4.825000000000000178, 1.269999999999999796, 1.190000000000002389 ) ) ;
#1022 = CARTESIAN_POINT ( 'NONE',  ( 3.889999999999999236, 0.6699999999999997069, -0.9550000000000014033 ) ) ;
#1023 = ADVANCED_FACE ( 'NONE', ( #3073 ), #4135, .F. ) ;
#1024 = ORIENTED_EDGE ( 'NONE', *, *, #2349, .F. ) ;
#1025 = LINE ( 'NONE', #502, #2607 ) ;
#1026 = ORIENTED_EDGE ( 'NONE', *, *, #496, .T. ) ;
#1027 = LINE ( 'NONE', #1904, #904 ) ;
#1028 = EDGE_CURVE ( 'NONE', #3529, #1677, #1404, .T. ) ;
#1029 = FACE_OUTER_BOUND ( 'NONE', #3732, .T. ) ;
#1030 = VECTOR ( 'NONE', #567, 1000.000000000000000 ) ;
#1031 = ORIENTED_EDGE ( 'NONE', *, *, #3564, .T. ) ;
#1032 = DIRECTION ( 'NONE',  ( -1.000000000000000000, 0.000000000000000000, 0.000000000000000000 ) ) ;
#1033 = CARTESIAN_POINT ( 'NONE',  ( -4.825000000000000178, 8.499999999999994671, 1.774999999999997691 ) ) ;
#1034 = VERTEX_POINT ( 'NONE', #678 ) ;
#1035 = ORIENTED_EDGE ( 'NONE', *, *, #1567, .T. ) ;
#1036 = DIRECTION ( 'NONE',  ( 0.000000000000000000, 0.000000000000000000, 1.000000000000000000 ) ) ;
#1037 = CARTESIAN_POINT ( 'NONE',  ( -2.770000000000000906, 3.300000000000000711, -0.9550000000000004041 ) ) ;
#1038 = VECTOR ( 'NONE', #903, 1000.000000000000000 ) ;
#1039 = ORIENTED_EDGE ( 'NONE', *, *, #4062, .F. ) ;
#1040 = DIRECTION ( 'NONE',  ( 0.000000000000000000, -0.000000000000000000, -1.000000000000000000 ) ) ;
#1041 = LINE ( 'NONE', #3485, #2629 ) ;
#1042 = EDGE_CURVE ( 'NONE', #2725, #800, #1378, .T. ) ;
#1043 = AXIS2_PLACEMENT_3D ( 'NONE', #964, #3903, #2445 ) ;
#1044 = ORIENTED_EDGE ( 'NONE', *, *, #2610, .T. ) ;
#1045 = VERTEX_POINT ( 'NONE', #66 ) ;
#1046 = VECTOR ( 'NONE', #272, 1000.000000000000114 ) ;
#1047 = ORIENTED_EDGE ( 'NONE', *, *, #4536, .T. ) ;
#1048 = DIRECTION ( 'NONE',  ( 1.000000000000000000, 0.000000000000000000, -0.000000000000000000 ) ) ;
#1049 = LINE ( 'NONE', #1020, #2680 ) ;
#1050 = DIRECTION ( 'NONE',  ( -1.000000000000000000, 0.000000000000000000, -0.000000000000000000 ) ) ;
#1051 = DIRECTION ( 'NONE',  ( 0.000000000000000000, -1.000000000000000000, 3.614007241618347785E-16 ) ) ;
#1052 = CARTESIAN_POINT ( 'NONE',  ( 4.824999999999999289, 0.6700000000000004841, -1.584999999999997522 ) ) ;
#1053 = EDGE_CURVE ( 'NONE', #1577, #3866, #3061, .T. ) ;
#1054 = DIRECTION ( 'NONE',  ( 1.000000000000000000, 0.000000000000000000, 0.000000000000000000 ) ) ;
#1055 = ORIENTED_EDGE ( 'NONE', *, *, #4764, .F. ) ;
#1056 = ORIENTED_EDGE ( 'NONE', *, *, #3996, .F. ) ;
#1057 = LINE ( 'NONE', #4252, #4270 ) ;
#1058 = ORIENTED_EDGE ( 'NONE', *, *, #2447, .F. ) ;
#1059 = FACE_OUTER_BOUND ( 'NONE', #4582, .T. ) ;
#1060 = CARTESIAN_POINT ( 'NONE',  ( 3.440000000000001279, 0.6699999999999997069, 1.584999999999998854 ) ) ;
#1061 = ADVANCED_FACE ( 'NONE', ( #4659 ), #322, .F. ) ;
#1062 = CARTESIAN_POINT ( 'NONE',  ( 1.179999999999999716, 0.6699999999999997069, -0.9550000000000001821 ) ) ;
#1063 = LINE ( 'NONE', #2102, #1137 ) ;
#1064 = DIRECTION ( 'NONE',  ( 0.000000000000000000, 1.000000000000000000, -3.614007241618347785E-16 ) ) ;
#1065 = CARTESIAN_POINT ( 'NONE',  ( 4.825000000000000178, 0.6699999999999998179, 1.189999999999998392 ) ) ;
#1066 = VERTEX_POINT ( 'NONE', #386 ) ;
#1067 = ORIENTED_EDGE ( 'NONE', *, *, #1631, .F. ) ;
#1068 = MECHANICAL_DESIGN_GEOMETRIC_PRESENTATION_REPRESENTATION (  '', ( #1359 ), #4797 ) ;
#1069 = ORIENTED_EDGE ( 'NONE', *, *, #4557, .T. ) ;
#1070 = VECTOR ( 'NONE', #3381, 1000.000000000000000 ) ;
#1071 = AXIS2_PLACEMENT_3D ( 'NONE', #4777, #3346, #3289 ) ;
#1072 = LINE ( 'NONE', #3032, #4242 ) ;
#1073 = ADVANCED_FACE ( 'NONE', ( #3019 ), #755, .F. ) ;
#1074 = CARTESIAN_POINT ( 'NONE',  ( 3.440000000000001279, 0.6699999999999998179, 1.189999999999999059 ) ) ;
#1075 = ORIENTED_EDGE ( 'NONE', *, *, #1994, .F. ) ;
#1076 = CARTESIAN_POINT ( 'NONE',  ( -1.180000000000000604, 3.300000000000000711, -0.005000000000000663636 ) ) ;
#1077 = CARTESIAN_POINT ( 'NONE',  ( 4.825000000000000178, -1.199999999999997957, 2.784999999999999698 ) ) ;
#1078 = DIRECTION ( 'NONE',  ( 0.000000000000000000, 0.000000000000000000, -1.000000000000000000 ) ) ;
#1079 = AXIS2_PLACEMENT_3D ( 'NONE', #1233, #1662, #2006 ) ;
#1080 = ORIENTED_EDGE ( 'NONE', *, *, #2285, .T. ) ;
#1081 = DIRECTION ( 'NONE',  ( 0.000000000000000000, 0.000000000000000000, 1.000000000000000000 ) ) ;
#1082 = VECTOR ( 'NONE', #1, 1000.000000000000000 ) ;
#1083 = EDGE_CURVE ( 'NONE', #1929, #477, #3080, .T. ) ;
#1084 = ORIENTED_EDGE ( 'NONE', *, *, #926, .F. ) ;
#1085 = ORIENTED_EDGE ( 'NONE', *, *, #4212, .F. ) ;
#1086 = PLANE ( 'NONE',  #819 ) ;
#1087 = LINE ( 'NONE', #3300, #1102 ) ;
#1088 = CARTESIAN_POINT ( 'NONE',  ( 1.179999999999999716, 1.349999999999999645, 0.6349999999999990097 ) ) ;
#1089 = PLANE ( 'NONE',  #4630 ) ;
#1090 = CARTESIAN_POINT ( 'NONE',  ( -1.500000000000000000, 8.300000000000000711, 2.774999999999999467 ) ) ;
#1091 = VECTOR ( 'NONE', #506, 1000.000000000000000 ) ;
#1092 = EDGE_CURVE ( 'NONE', #477, #3778, #4555, .T. ) ;
#1093 = ORIENTED_EDGE ( 'NONE', *, *, #664, .T. ) ;
#1094 = VECTOR ( 'NONE', #3088, 1000.000000000000000 ) ;
#1095 = LINE ( 'NONE', #1370, #2563 ) ;
#1096 = VECTOR ( 'NONE', #4395, 1000.000000000000000 ) ;
#1097 = VECTOR ( 'NONE', #4277, 1000.000000000000000 ) ;
#1098 = DIRECTION ( 'NONE',  ( 4.336808689942017736E-16, -0.000000000000000000, -1.000000000000000000 ) ) ;
#1099 = PLANE ( 'NONE',  #2031 ) ;
#1100 = EDGE_CURVE ( 'NONE', #553, #4752, #1455, .T. ) ;
#1101 = VERTEX_POINT ( 'NONE', #353 ) ;
#1102 = VECTOR ( 'NONE', #3642, 1000.000000000000000 ) ;
#1103 = VECTOR ( 'NONE', #4262, 1000.000000000000000 ) ;
#1104 = ADVANCED_FACE ( 'NONE', ( #4679 ), #1502, .F. ) ;
#1105 = FACE_OUTER_BOUND ( 'NONE', #425, .T. ) ;
#1106 = DIRECTION ( 'NONE',  ( -0.000000000000000000, -0.000000000000000000, 1.000000000000000000 ) ) ;
#1107 = ORIENTED_EDGE ( 'NONE', *, *, #369, .T. ) ;
#1108 = LINE ( 'NONE', #848, #4421 ) ;
#1109 = CARTESIAN_POINT ( 'NONE',  ( 1.179999999999999716, 6.899999999999995026, 0.6349999999999992317 ) ) ;
#1110 = EDGE_CURVE ( 'NONE', #150, #2074, #4575, .T. ) ;
#1111 = DIRECTION ( 'NONE',  ( -2.247051134684983870E-16, 0.000000000000000000, -1.000000000000000000 ) ) ;
#1112 = AXIS2_PLACEMENT_3D ( 'NONE', #1269, #1954, #874 ) ;
#1113 = DIRECTION ( 'NONE',  ( -7.272411110183515683E-32, 1.000000000000000000, -3.236424395479118258E-16 ) ) ;
#1114 = LINE ( 'NONE', #531, #1202 ) ;
#1115 = FACE_OUTER_BOUND ( 'NONE', #2450, .T. ) ;
#1116 = VECTOR ( 'NONE', #3711, 1000.000000000000000 ) ;
#1117 = ADVANCED_FACE ( 'NONE', ( #3065 ), #2984, .F. ) ;
#1118 = VERTEX_POINT ( 'NONE', #1065 ) ;
#1119 = FACE_OUTER_BOUND ( 'NONE', #2384, .T. ) ;
#1120 = CARTESIAN_POINT ( 'NONE',  ( -3.425000000000000266, 9.900000000000000355, -0.9550000000000007372 ) ) ;
#1121 = VECTOR ( 'NONE', #3208, 1000.000000000000000 ) ;
#1122 = DIRECTION ( 'NONE',  ( 1.000000000000000000, 0.000000000000000000, 0.000000000000000000 ) ) ;
#1123 = PRESENTATION_STYLE_ASSIGNMENT (( #3809 ) ) ;
#1124 = DIRECTION ( 'NONE',  ( -1.000000000000000000, 0.000000000000000000, 0.000000000000000000 ) ) ;
#1125 = CARTESIAN_POINT ( 'NONE',  ( 2.770000000000000018, 9.900000000000000355, -0.9550000000000007372 ) ) ;
#1126 = EDGE_LOOP ( 'NONE', ( #2488, #2953, #585, #2963 ) ) ;
#1127 = VECTOR ( 'NONE', #3277, 1000.000000000000000 ) ;
#1128 = LINE ( 'NONE', #2883, #1162 ) ;
#1129 = LINE ( 'NONE', #1628, #1145 ) ;
#1130 = CARTESIAN_POINT ( 'NONE',  ( -4.475000000000004086, -1.449999999999999956, 2.484999999999997211 ) ) ;
#1131 = CARTESIAN_POINT ( 'NONE',  ( -4.825000000000000178, -3.252606517456513302E-16, 1.585000000000002851 ) ) ;
#1132 = ORIENTED_EDGE ( 'NONE', *, *, #3784, .T. ) ;
#1133 = EDGE_CURVE ( 'NONE', #3115, #3742, #3049, .T. ) ;
#1134 = LINE ( 'NONE', #801, #4444 ) ;
#1135 = EDGE_CURVE ( 'NONE', #2184, #1284, #4686, .T. ) ;
#1136 = VECTOR ( 'NONE', #3520, 1000.000000000000000 ) ;
#1137 = VECTOR ( 'NONE', #3287, 1000.000000000000000 ) ;
#1138 = PLANE ( 'NONE',  #3399 ) ;
#1139 = DIRECTION ( 'NONE',  ( -0.000000000000000000, 1.000000000000000000, 1.801998070613027504E-16 ) ) ;
#1140 = EDGE_CURVE ( 'NONE', #1045, #3486, #1358, .T. ) ;
#1141 = PLANE ( 'NONE',  #2258 ) ;
#1142 = LINE ( 'NONE', #3356, #2885 ) ;
#1143 = VECTOR ( 'NONE', #2726, 1000.000000000000000 ) ;
#1144 = ADVANCED_FACE ( 'NONE', ( #4611 ), #2929, .F. ) ;
#1145 = VECTOR ( 'NONE', #1298, 1000.000000000000000 ) ;
#1146 = VERTEX_POINT ( 'NONE', #4050 ) ;
#1147 = DIRECTION ( 'NONE',  ( 1.000000000000000000, -0.000000000000000000, -0.000000000000000000 ) ) ;
#1148 = VECTOR ( 'NONE', #296, 1000.000000000000000 ) ;
#1149 = EDGE_CURVE ( 'NONE', #2704, #3674, #2974, .T. ) ;
#1150 = CARTESIAN_POINT ( 'NONE',  ( 0.000000000000000000, 1.850000000000000089, 0.000000000000000000 ) ) ;
#1151 = SURFACE_STYLE_FILL_AREA ( #2395 ) ;
#1152 = CARTESIAN_POINT ( 'NONE',  ( -1.820000000000000506, 3.300000000000000711, -0.005000000000000663636 ) ) ;
#1153 = DIRECTION ( 'NONE',  ( 0.000000000000000000, 0.000000000000000000, 1.000000000000000000 ) ) ;
#1154 = VERTEX_POINT ( 'NONE', #3234 ) ;
#1155 = VECTOR ( 'NONE', #4210, 1000.000000000000000 ) ;
#1156 = FACE_OUTER_BOUND ( 'NONE', #934, .T. ) ;
#1157 = EDGE_CURVE ( 'NONE', #2991, #71, #4563, .T. ) ;
#1158 = LINE ( 'NONE', #3370, #2633 ) ;
#1159 = DIRECTION ( 'NONE',  ( -0.3015113445777614087, 0.9045340337332923308, 0.3015113445777614087 ) ) ;
#1160 = ORIENTED_EDGE ( 'NONE', *, *, #228, .F. ) ;
#1161 = VECTOR ( 'NONE', #2856, 1000.000000000000000 ) ;
#1162 = VECTOR ( 'NONE', #987, 1000.000000000000000 ) ;
#1163 = AXIS2_PLACEMENT_3D ( 'NONE', #995, #3181, #1621 ) ;
#1164 = LINE ( 'NONE', #1459, #4223 ) ;
#1165 = AXIS2_PLACEMENT_3D ( 'NONE', #289, #644, #3357 ) ;
#1166 = DIRECTION ( 'NONE',  ( 0.000000000000000000, -1.000000000000000000, 3.236424395479117765E-16 ) ) ;
#1167 = ORIENTED_EDGE ( 'NONE', *, *, #293, .F. ) ;
#1168 = CARTESIAN_POINT ( 'NONE',  ( 0.000000000000000000, 1.349999999999999867, 4.573977915173221831E-16 ) ) ;
#1169 = ORIENTED_EDGE ( 'NONE', *, *, #4590, .F. ) ;
#1170 = DIRECTION ( 'NONE',  ( 1.000000000000000000, -0.000000000000000000, 0.000000000000000000 ) ) ;
#1171 = CARTESIAN_POINT ( 'NONE',  ( 4.175000000000000711, 0.000000000000000000, 1.884999999999999787 ) ) ;
#1172 = VECTOR ( 'NONE', #2126, 1000.000000000000000 ) ;
#1173 = CARTESIAN_POINT ( 'NONE',  ( -1.820000000000000506, -1.448757163391319161E-15, -1.584999999999999964 ) ) ;
#1174 = LINE ( 'NONE', #3719, #1103 ) ;
#1175 = CARTESIAN_POINT ( 'NONE',  ( 4.825000000000000178, 9.900000000000002132, 1.189999999999994840 ) ) ;
#1176 = LINE ( 'NONE', #3494, #2729 ) ;
#1177 = CARTESIAN_POINT ( 'NONE',  ( -4.825000000000000178, 1.269999999999999796, 1.190000000000002389 ) ) ;
#1178 = LINE ( 'NONE', #442, #2723 ) ;
#1179 = CARTESIAN_POINT ( 'NONE',  ( -3.425000000000001155, 9.900000000000000355, 1.044999999999999041 ) ) ;
#1180 = ADVANCED_FACE ( 'NONE', ( #4580 ), #3951, .F. ) ;
#1181 = CARTESIAN_POINT ( 'NONE',  ( -3.440000000000000391, 0.6699999999999997069, -0.9549999999999981837 ) ) ;
#1182 = LINE ( 'NONE', #3454, #4446 ) ;
#1183 = ORIENTED_EDGE ( 'NONE', *, *, #4322, .F. ) ;
#1184 = LINE ( 'NONE', #2060, #1121 ) ;
#1185 = ORIENTED_EDGE ( 'NONE', *, *, #24, .F. ) ;
#1186 = LINE ( 'NONE', #3776, #4353 ) ;
#1187 = VECTOR ( 'NONE', #3764, 1000.000000000000000 ) ;
#1188 = DIRECTION ( 'NONE',  ( -1.000000000000000000, 0.000000000000000000, 4.494102269369967741E-16 ) ) ;
#1189 = PLANE ( 'NONE',  #1865 ) ;
#1190 = CARTESIAN_POINT ( 'NONE',  ( -1.300000000000000044, 6.899999999999999467, -1.584999999999999964 ) ) ;
#1191 = EDGE_LOOP ( 'NONE', ( #2997, #4139, #707, #4406 ) ) ;
#1192 = DIRECTION ( 'NONE',  ( 8.908098184909814726E-16, -0.7682212795973767383, 0.6401843996644788204 ) ) ;
#1193 = VECTOR ( 'NONE', #990, 1000.000000000000000 ) ;
#1194 = FACE_OUTER_BOUND ( 'NONE', #679, .T. ) ;
#1195 = EDGE_CURVE ( 'NONE', #3822, #3158, #2980, .T. ) ;
#1196 = CARTESIAN_POINT ( 'NONE',  ( 3.864999999999990887, 1.849999999999999201, 2.274999999999999467 ) ) ;
#1197 = ORIENTED_EDGE ( 'NONE', *, *, #2178, .T. ) ;
#1198 = LINE ( 'NONE', #2781, #4356 ) ;
#1199 = DIRECTION ( 'NONE',  ( -1.000000000000000000, 0.000000000000000000, 4.494102269369967741E-16 ) ) ;
#1200 = CARTESIAN_POINT ( 'NONE',  ( -3.440000000000000391, -1.448757163391319161E-15, -1.584999999999999964 ) ) ;
#1201 = DIRECTION ( 'NONE',  ( 1.000000000000000000, 0.000000000000000000, 0.000000000000000000 ) ) ;
#1202 = VECTOR ( 'NONE', #898, 1000.000000000000000 ) ;
#1203 = CARTESIAN_POINT ( 'NONE',  ( 4.825000000000000178, 8.499999999999994671, 2.274999999999999023 ) ) ;
#1204 = LINE ( 'NONE', #1288, #2731 ) ;
#1205 = LINE ( 'NONE', #1245, #2809 ) ;
#1206 = EDGE_CURVE ( 'NONE', #3917, #2342, #2995, .T. ) ;
#1207 = ORIENTED_EDGE ( 'NONE', *, *, #488, .T. ) ;
#1208 = VECTOR ( 'NONE', #1281, 1000.000000000000000 ) ;
#1209 = DIRECTION ( 'NONE',  ( 2.247051134684983870E-16, 0.000000000000000000, 1.000000000000000000 ) ) ;
#1210 = LINE ( 'NONE', #2790, #2734 ) ;
#1211 = DIRECTION ( 'NONE',  ( 2.247051134684983870E-16, 0.000000000000000000, 1.000000000000000000 ) ) ;
#1212 = LINE ( 'NONE', #824, #1143 ) ;
#1213 = CARTESIAN_POINT ( 'NONE',  ( 4.825000000000000178, -3.252606517456513302E-16, 1.584999999999998410 ) ) ;
#1214 = CARTESIAN_POINT ( 'NONE',  ( 0.000000000000000000, 8.499999999999994671, 0.000000000000000000 ) ) ;
#1215 = LINE ( 'NONE', #3736, #2801 ) ;
#1216 = ORIENTED_EDGE ( 'NONE', *, *, #3423, .T. ) ;
#1217 = EDGE_CURVE ( 'NONE', #3538, #3545, #4619, .T. ) ;
#1218 = FACE_OUTER_BOUND ( 'NONE', #516, .T. ) ;
#1219 = ORIENTED_EDGE ( 'NONE', *, *, #3270, .T. ) ;
#1220 = LINE ( 'NONE', #4566, #4390 ) ;
#1221 = ADVANCED_FACE ( 'NONE', ( #3164 ), #2119, .F. ) ;
#1222 = PLANE ( 'NONE',  #1888 ) ;
#1223 = VECTOR ( 'NONE', #810, 1000.000000000000000 ) ;
#1224 = PLANE ( 'NONE',  #1881 ) ;
#1225 = CARTESIAN_POINT ( 'NONE',  ( 1.819999999999999618, 6.899999999999995026, 0.6349999999999992317 ) ) ;
#1226 = ORIENTED_EDGE ( 'NONE', *, *, #2124, .F. ) ;
#1227 = DIRECTION ( 'NONE',  ( 0.000000000000000000, 1.000000000000000000, -0.000000000000000000 ) ) ;
#1228 = ADVANCED_FACE ( 'NONE', ( #1620 ), #3268, .F. ) ;
#1229 = AXIS2_PLACEMENT_3D ( 'NONE', #3101, #758, #1557 ) ;
#1230 = LINE ( 'NONE', #189, #4457 ) ;
#1231 = AXIS2_PLACEMENT_3D ( 'NONE', #3523, #3559, #4374 ) ;
#1232 = LINE ( 'NONE', #3795, #1289 ) ;
#1233 = CARTESIAN_POINT ( 'NONE',  ( 0.000000000000000000, 0.000000000000000000, 0.000000000000000000 ) ) ;
#1234 = ORIENTED_EDGE ( 'NONE', *, *, #940, .F. ) ;
#1235 = CARTESIAN_POINT ( 'NONE',  ( 1.179999999999999716, -2.579999999999992966, 0.6349999999999974554 ) ) ;
#1236 = CARTESIAN_POINT ( 'NONE',  ( -0.4999999999999991673, 1.849999999999999201, 2.274999999999999467 ) ) ;
#1237 =( NAMED_UNIT ( * ) SI_UNIT ( $, .STERADIAN. ) SOLID_ANGLE_UNIT ( ) );
#1238 = VECTOR ( 'NONE', #4548, 1000.000000000000000 ) ;
#1240 = ORIENTED_EDGE ( 'NONE', *, *, #3718, .F. ) ;
#1239 = CARTESIAN_POINT ( 'NONE',  ( -4.825000000000001066, 0.6699999999999998179, -0.5599999999999976108 ) ) ;
#1241 = AXIS2_PLACEMENT_3D ( 'NONE', #3151, #4650, #3922 ) ;
#1242 = LINE ( 'NONE', #3833, #1223 ) ;
#1243 = ORIENTED_EDGE ( 'NONE', *, *, #4716, .F. ) ;
#1244 = MECHANICAL_DESIGN_GEOMETRIC_PRESENTATION_REPRESENTATION (  '', ( #2278 ), #2819 ) ;
#1245 = CARTESIAN_POINT ( 'NONE',  ( 3.440000000000001279, 1.269999999999999796, 1.190000000000002389 ) ) ;
#1246 = VECTOR ( 'NONE', #4573, 1000.000000000000114 ) ;
#1247 = PLANE ( 'NONE',  #4695 ) ;
#1248 = PLANE ( 'NONE',  #4253 ) ;
#1249 = CARTESIAN_POINT ( 'NONE',  ( -1.380000000000001004, 7.500000000000001776, 0.000000000000000000 ) ) ;
#1250 = DIRECTION ( 'NONE',  ( 0.000000000000000000, -0.000000000000000000, 1.000000000000000000 ) ) ;
#1251 = LINE ( 'NONE', #3690, #4462 ) ;
#1252 = VECTOR ( 'NONE', #2452, 1000.000000000000000 ) ;
#1253 = AXIS2_PLACEMENT_3D ( 'NONE', #2125, #617, #2937 ) ;
#1254 = ORIENTED_EDGE ( 'NONE', *, *, #4381, .T. ) ;
#1255 = EDGE_CURVE ( 'NONE', #3226, #492, #4791, .T. ) ;
#1256 = LINE ( 'NONE', #1109, #2766 ) ;
#1257 = LINE ( 'NONE', #4131, #4365 ) ;
#1258 = DIRECTION ( 'NONE',  ( -1.000000000000000000, 0.000000000000000000, 0.000000000000000000 ) ) ;
#1259 = FACE_OUTER_BOUND ( 'NONE', #3695, .T. ) ;
#1260 = DIRECTION ( 'NONE',  ( 1.000000000000000000, 0.000000000000000000, 0.000000000000000000 ) ) ;
#1261 = DIRECTION ( 'NONE',  ( -4.494102269369967741E-16, 1.807003620809173892E-16, -1.000000000000000000 ) ) ;
#1262 = ORIENTED_EDGE ( 'NONE', *, *, #316, .F. ) ;
#1263 = CARTESIAN_POINT ( 'NONE',  ( -4.824999999999999289, 0.000000000000000000, -1.584999999999999964 ) ) ;
#1264 = FACE_OUTER_BOUND ( 'NONE', #1293, .T. ) ;
#1265 = EDGE_CURVE ( 'NONE', #880, #4591, #4704, .T. ) ;
#1266 = ADVANCED_FACE ( 'NONE', ( #1484 ), #2174, .T. ) ;
#1267 = FACE_OUTER_BOUND ( 'NONE', #2034, .T. ) ;
#1268 = ORIENTED_EDGE ( 'NONE', *, *, #7, .F. ) ;
#1269 = CARTESIAN_POINT ( 'NONE',  ( 0.000000000000000000, 7.500000000000001776, 0.4349999999999987765 ) ) ;
#1270 = ADVANCED_FACE ( 'NONE', ( #1494 ), #3779, .F. ) ;
#1271 = CARTESIAN_POINT ( 'NONE',  ( -1.761818181818183282, -2.754545454545445970, 0.5768181818181811193 ) ) ;
#1272 = FACE_OUTER_BOUND ( 'NONE', #388, .T. ) ;
#1273 = EDGE_CURVE ( 'NONE', #377, #1406, #3114, .T. ) ;
#1274 = LINE ( 'NONE', #4508, #2934 ) ;
#1275 = VERTEX_POINT ( 'NONE', #1225 ) ;
#1276 = FILL_AREA_STYLE_COLOUR ( '', #4631 ) ;
#1277 = CARTESIAN_POINT ( 'NONE',  ( 1.819999999999999618, -7.265096679918780609, 0.6349999999999974554 ) ) ;
#1278 = FACE_OUTER_BOUND ( 'NONE', #1413, .T. ) ;
#1279 = CARTESIAN_POINT ( 'NONE',  ( -3.890000000000000124, 1.699999999999999067, -1.584999999999999964 ) ) ;
#1280 = CARTESIAN_POINT ( 'NONE',  ( -4.825000000000000178, -1.199999999999997957, 2.784999999999999698 ) ) ;
#1281 = DIRECTION ( 'NONE',  ( 0.000000000000000000, -1.000000000000000000, -1.618212197739559129E-16 ) ) ;
#1282 = PLANE ( 'NONE',  #345 ) ;
#1283 = LINE ( 'NONE', #52, #2874 ) ;
#1284 = VERTEX_POINT ( 'NONE', #1190 ) ;
#1285 = EDGE_LOOP ( 'NONE', ( #2275, #1836, #839, #2369 ) ) ;
#1286 = VECTOR ( 'NONE', #618, 1000.000000000000000 ) ;
#1287 = PLANE ( 'NONE',  #4020 ) ;
#1288 = CARTESIAN_POINT ( 'NONE',  ( -1.820000000000000506, -2.579999999999992966, 0.6349999999999974554 ) ) ;
#1289 = VECTOR ( 'NONE', #2776, 1000.000000000000000 ) ;
#1290 = EDGE_CURVE ( 'NONE', #1626, #889, #4722, .T. ) ;
#1291 = DIRECTION ( 'NONE',  ( 1.000000000000000000, -0.000000000000000000, -4.494102269369967741E-16 ) ) ;
#1292 = CARTESIAN_POINT ( 'NONE',  ( -1.820000000000000506, -7.265096679918780609, -0.005000000000002567495 ) ) ;
#1293 = EDGE_LOOP ( 'NONE', ( #4178, #2614, #1056, #2773, #1989, #3923, #1055, #4255, #4233, #3589, #2786, #440, #434, #2683, #2601 ) ) ;
#1294 = AXIS2_PLACEMENT_3D ( 'NONE', #645, #3201, #1676 ) ;
#1295 = LINE ( 'NONE', #1685, #4598 ) ;
#1296 = FACE_OUTER_BOUND ( 'NONE', #3955, .T. ) ;
#1297 = ORIENTED_EDGE ( 'NONE', *, *, #4600, .F. ) ;
#1298 = DIRECTION ( 'NONE',  ( 0.000000000000000000, 0.000000000000000000, -1.000000000000000000 ) ) ;
#1299 = DIRECTION ( 'NONE',  ( -0.3015113445777610202, 0.9045340337332925529, 0.3015113445777610202 ) ) ;
#1300 = CARTESIAN_POINT ( 'NONE',  ( -3.425000000000000266, 9.900000000000000355, -0.9550000000000007372 ) ) ;
#1301 = CARTESIAN_POINT ( 'NONE',  ( -1.620000000000000107, -3.180000000000000160, 0.000000000000000000 ) ) ;
#1302 = LINE ( 'NONE', #2461, #2914 ) ;
#1303 = ADVANCED_FACE ( 'NONE', ( #1762 ), #1998, .F. ) ;
#1304 = PRESENTATION_LAYER_ASSIGNMENT (  '', '', ( #2278 ) ) ;
#1305 = LINE ( 'NONE', #1568, #4398 ) ;
#1306 = ORIENTED_EDGE ( 'NONE', *, *, #379, .F. ) ;
#1307 = EDGE_CURVE ( 'NONE', #3572, #2648, #195, .T. ) ;
#1308 = SURFACE_SIDE_STYLE ('',( #2941 ) ) ;
#1309 = CARTESIAN_POINT ( 'NONE',  ( 1.499999999999999556, 8.300000000000000711, 2.774999999999999467 ) ) ;
#1310 = DIRECTION ( 'NONE',  ( 1.000000000000000000, 0.000000000000000000, 0.000000000000000000 ) ) ;
#1311 = CARTESIAN_POINT ( 'NONE',  ( -3.425000000000000711, 9.900000000000000355, 2.274999999999999467 ) ) ;
#1312 = ORIENTED_EDGE ( 'NONE', *, *, #3384, .F. ) ;
#1313 = LINE ( 'NONE', #2875, #1344 ) ;
#1314 = EDGE_CURVE ( 'NONE', #2583, #377, #3503, .T. ) ;
#1315 = ORIENTED_EDGE ( 'NONE', *, *, #3723, .T. ) ;
#1316 = PLANE ( 'NONE',  #775 ) ;
#1317 = DIRECTION ( 'NONE',  ( -0.6401843996644784873, -0.7682212795973769603, 0.000000000000000000 ) ) ;
#1318 = VECTOR ( 'NONE', #1777, 1000.000000000000000 ) ;
#1319 = DIRECTION ( 'NONE',  ( 2.247051134684983870E-16, 0.000000000000000000, -1.000000000000000000 ) ) ;
#1320 = CARTESIAN_POINT ( 'NONE',  ( 1.819999999999999618, 0.000000000000000000, 2.024999999999999023 ) ) ;
#1321 = DIRECTION ( 'NONE',  ( -0.000000000000000000, 0.000000000000000000, 1.000000000000000000 ) ) ;
#1322 = EDGE_CURVE ( 'NONE', #1675, #4309, #394, .T. ) ;
#1323 = ORIENTED_EDGE ( 'NONE', *, *, #2882, .F. ) ;
#1324 = VECTOR ( 'NONE', #941, 1000.000000000000000 ) ;
#1325 = VECTOR ( 'NONE', #2522, 1000.000000000000000 ) ;
#1326 = ORIENTED_EDGE ( 'NONE', *, *, #3202, .T. ) ;
#1327 = CARTESIAN_POINT ( 'NONE',  ( 1.619999999999999218, -3.180000000000000160, 0.4349999999999979994 ) ) ;
#1328 = EDGE_CURVE ( 'NONE', #949, #880, #1877, .T. ) ;
#1329 = DIRECTION ( 'NONE',  ( -2.247051134684983870E-16, -0.000000000000000000, -1.000000000000000000 ) ) ;
#1330 = FILL_AREA_STYLE ('',( #4661 ) ) ;
#1332 = VERTEX_POINT ( 'NONE', #4090 ) ;
#1331 = CARTESIAN_POINT ( 'NONE',  ( -1.820000000000000506, -2.579999999999992966, -0.005000000000001723552 ) ) ;
#1333 = LINE ( 'NONE', #3206, #2944 ) ;
#1334 = LINE ( 'NONE', #3911, #4468 ) ;
#1335 = ORIENTED_EDGE ( 'NONE', *, *, #3725, .F. ) ;
#1336 = EDGE_CURVE ( 'NONE', #3379, #4682, #3696, .T. ) ;
#1337 =( LENGTH_UNIT ( ) NAMED_UNIT ( * ) SI_UNIT ( .MILLI., .METRE. ) );
#1338 = EDGE_LOOP ( 'NONE', ( #167, #1558, #3310, #1240 ) ) ;
#1339 = CARTESIAN_POINT ( 'NONE',  ( -1.180000000000000604, 6.899999999999995026, 0.6349999999999992317 ) ) ;
#1340 = AXIS2_PLACEMENT_3D ( 'NONE', #704, #3406, #1153 ) ;
#1341 = LINE ( 'NONE', #4648, #3143 ) ;
#1342 = DIRECTION ( 'NONE',  ( -0.000000000000000000, 1.000000000000000000, -0.000000000000000000 ) ) ;
#1343 = ADVANCED_FACE ( 'NONE', ( #448 ), #1946, .F. ) ;
#1344 = VECTOR ( 'NONE', #1368, 1000.000000000000000 ) ;
#1345 = EDGE_LOOP ( 'NONE', ( #2545, #339, #2047, #3693 ) ) ;
#1346 = EDGE_CURVE ( 'NONE', #3897, #3978, #2202, .T. ) ;
#1347 = FACE_OUTER_BOUND ( 'NONE', #1984, .T. ) ;
#1348 = PRODUCT_DEFINITION_FORMATION_WITH_SPECIFIED_SOURCE ( 'ANY', '', #4588, .NOT_KNOWN. ) ;
#1349 = CARTESIAN_POINT ( 'NONE',  ( -3.890000000000000124, 1.699999999999999067, 2.024999999999999023 ) ) ;
#1350 = PLANE ( 'NONE',  #1456 ) ;
#1351 = VECTOR ( 'NONE', #2698, 1000.000000000000000 ) ;
#1352 = DIRECTION ( 'NONE',  ( 1.000000000000000000, 0.000000000000000000, -0.000000000000000000 ) ) ;
#1353 = DIRECTION ( 'NONE',  ( -0.000000000000000000, -0.000000000000000000, -1.000000000000000000 ) ) ;
#1354 = VERTEX_POINT ( 'NONE', #1975 ) ;
#1355 = CARTESIAN_POINT ( 'NONE',  ( 1.179999999999999716, 1.269999999999999796, 1.190000000000002389 ) ) ;
#1356 = ORIENTED_EDGE ( 'NONE', *, *, #3047, .F. ) ;
#1357 = FACE_OUTER_BOUND ( 'NONE', #2873, .T. ) ;
#1358 = LINE ( 'NONE', #3643, #2989 ) ;
#1359 = STYLED_ITEM ( 'NONE', ( #4172 ), #4543 ) ;
#1360 = ORIENTED_EDGE ( 'NONE', *, *, #4102, .F. ) ;
#1361 = DIRECTION ( 'NONE',  ( 1.000000000000000000, -0.000000000000000000, -4.494102269369967741E-16 ) ) ;
#1362 = CARTESIAN_POINT ( 'NONE',  ( -1.820000000000000506, 6.899999999999995026, 0.6349999999999992317 ) ) ;
#1363 = PLANE ( 'NONE',  #3484 ) ;
#1364 = CARTESIAN_POINT ( 'NONE',  ( -4.825000000000001066, 0.6699999999999998179, -0.5599999999999976108 ) ) ;
#1365 = EDGE_CURVE ( 'NONE', #4807, #3787, #697, .T. ) ;
#1366 = VECTOR ( 'NONE', #3013, 1000.000000000000114 ) ;
#1367 = ORIENTED_EDGE ( 'NONE', *, *, #2447, .T. ) ;
#1368 = DIRECTION ( 'NONE',  ( 1.000000000000000000, 0.000000000000000000, 0.000000000000000000 ) ) ;
#1369 = EDGE_CURVE ( 'NONE', #3897, #3231, #2219, .T. ) ;
#1370 = CARTESIAN_POINT ( 'NONE',  ( 1.300000000000000044, 8.149999999999998579, -2.785000000000001030 ) ) ;
#1371 = CARTESIAN_POINT ( 'NONE',  ( -1.500000000000000000, 8.300000000000000711, 2.274999999999999467 ) ) ;
#1372 = VECTOR ( 'NONE', #2421, 1000.000000000000000 ) ;
#1373 = ORIENTED_EDGE ( 'NONE', *, *, #3202, .F. ) ;
#1374 = EDGE_CURVE ( 'NONE', #3409, #3864, #3844, .T. ) ;
#1375 = ADVANCED_FACE ( 'NONE', ( #3891 ), #2824, .F. ) ;
#1376 = CARTESIAN_POINT ( 'NONE',  ( -4.475000000000004086, -1.449999999999999956, 2.185000000000002718 ) ) ;
#1377 = DIRECTION ( 'NONE',  ( 0.000000000000000000, 1.000000000000000000, -3.212450881438527803E-16 ) ) ;
#1378 = LINE ( 'NONE', #1131, #2967 ) ;
#1379 = CARTESIAN_POINT ( 'NONE',  ( 3.440000000000000391, 1.269999999999999796, -0.5600000000000011635 ) ) ;
#1380 = PLANE ( 'NONE',  #534 ) ;
#1381 = DIRECTION ( 'NONE',  ( 0.000000000000000000, -1.000000000000000000, -1.618212197739559129E-16 ) ) ;
#1382 = VERTEX_POINT ( 'NONE', #1587 ) ;
#1383 = LINE ( 'NONE', #473, #4579 ) ;
#1384 = EDGE_CURVE ( 'NONE', #1382, #4680, #662, .T. ) ;
#1385 = VECTOR ( 'NONE', #3301, 1000.000000000000000 ) ;
#1386 = ORIENTED_EDGE ( 'NONE', *, *, #4053, .T. ) ;
#1387 = SURFACE_STYLE_USAGE ( .BOTH. , #2893 ) ;
#1388 = DIRECTION ( 'NONE',  ( 0.000000000000000000, 0.000000000000000000, -1.000000000000000000 ) ) ;
#1389 = PLANE ( 'NONE',  #2973 ) ;
#1390 = DIRECTION ( 'NONE',  ( 0.000000000000000000, -4.013177737926092743E-16, -1.000000000000000000 ) ) ;
#1391 = PRESENTATION_STYLE_ASSIGNMENT (( #152 ) ) ;
#1392 = LINE ( 'NONE', #4300, #4504 ) ;
#1393 = LINE ( 'NONE', #4364, #1432 ) ;
#1394 = EDGE_CURVE ( 'NONE', #3735, #2579, #655, .T. ) ;
#1395 = ORIENTED_EDGE ( 'NONE', *, *, #2227, .T. ) ;
#1396 = AXIS2_PLACEMENT_3D ( 'NONE', #1806, #1425, #4363 ) ;
#1397 = APPLICATION_PROTOCOL_DEFINITION ( 'draft international standard', 'automotive_design', 1998, #1017 ) ;
#1398 = CARTESIAN_POINT ( 'NONE',  ( -4.825000000000001066, 1.269999999999999796, -0.5599999999999974998 ) ) ;
#1399 = ORIENTED_EDGE ( 'NONE', *, *, #1322, .T. ) ;
#1400 = LINE ( 'NONE', #485, #4507 ) ;
#1401 = VECTOR ( 'NONE', #3518, 1000.000000000000000 ) ;
#1402 = DIRECTION ( 'NONE',  ( 1.000000000000000000, 0.000000000000000000, -0.000000000000000000 ) ) ;
#1403 = CARTESIAN_POINT ( 'NONE',  ( 3.000000000000000000, -3.180000000000000160, 0.1949999999999985911 ) ) ;
#1404 = LINE ( 'NONE', #3014, #4606 ) ;
#1405 = EDGE_CURVE ( 'NONE', #1953, #1332, #3827, .T. ) ;
#1406 = VERTEX_POINT ( 'NONE', #3721 ) ;
#1407 = ADVANCED_FACE ( 'NONE', ( #622 ), #3099, .T. ) ;
#1408 = DIRECTION ( 'NONE',  ( -1.000000000000000000, 0.000000000000000000, 1.280553747030123322E-16 ) ) ;
#1409 = CARTESIAN_POINT ( 'NONE',  ( -4.825000000000000178, 0.6699999999999997069, 1.585000000000002629 ) ) ;
#1410 = VECTOR ( 'NONE', #4787, 1000.000000000000000 ) ;
#1411 = CARTESIAN_POINT ( 'NONE',  ( -4.825000000000000178, -3.252606517456513302E-16, 1.585000000000002851 ) ) ;
#1412 = DIRECTION ( 'NONE',  ( 0.000000000000000000, -1.000000000000000000, 0.000000000000000000 ) ) ;
#1413 = EDGE_LOOP ( 'NONE', ( #938, #2494, #2928, #4111 ) ) ;
#1414 = DIRECTION ( 'NONE',  ( 0.000000000000000000, -1.801998070613027504E-16, 1.000000000000000000 ) ) ;
#1415 = VECTOR ( 'NONE', #3581, 1000.000000000000000 ) ;
#1416 = EDGE_CURVE ( 'NONE', #3702, #3572, #2194, .T. ) ;
#1417 = ORIENTED_EDGE ( 'NONE', *, *, #445, .T. ) ;
#1418 = DIRECTION ( 'NONE',  ( 0.000000000000000000, 1.000000000000000000, -0.000000000000000000 ) ) ;
#1419 = PLANE ( 'NONE',  #244 ) ;
#1420 = DIRECTION ( 'NONE',  ( 0.000000000000000000, 0.000000000000000000, -1.000000000000000000 ) ) ;
#1421 = EDGE_CURVE ( 'NONE', #2733, #4201, #597, .T. ) ;
#1422 = DIRECTION ( 'NONE',  ( 0.000000000000000000, -1.000000000000000000, 3.236424395479118258E-16 ) ) ;
#1423 = ORIENTED_EDGE ( 'NONE', *, *, #2911, .F. ) ;
#1424 = DIRECTION ( 'NONE',  ( -0.8869140841669808095, -0.000000000000000000, -0.4619344188369661763 ) ) ;
#1425 = DIRECTION ( 'NONE',  ( -1.233548213626064722E-31, 1.000000000000000000, -2.744815626545581052E-16 ) ) ;
#1426 = PLANE ( 'NONE',  #4307 ) ;
#1427 = VECTOR ( 'NONE', #3546, 1000.000000000000000 ) ;
#1428 = EDGE_CURVE ( 'NONE', #1947, #1731, #2302, .T. ) ;
#1429 = LINE ( 'NONE', #1362, #3171 ) ;
#1430 = CARTESIAN_POINT ( 'NONE',  ( -1.180000000000000604, -2.579999999999992966, -0.005000000000001723552 ) ) ;
#1431 = PLANE ( 'NONE',  #160 ) ;
#1432 = VECTOR ( 'NONE', #4016, 1000.000000000000000 ) ;
#1433 = CARTESIAN_POINT ( 'NONE',  ( 4.825000000000000178, 1.849999999999999201, 1.774999999999999245 ) ) ;
#1434 = CARTESIAN_POINT ( 'NONE',  ( -1.820000000000000506, 1.269999999999999796, 1.190000000000001279 ) ) ;
#1435 = PLANE ( 'NONE',  #26 ) ;
#1436 = EDGE_CURVE ( 'NONE', #2505, #949, #2279, .T. ) ;
#1437 = ORIENTED_EDGE ( 'NONE', *, *, #4312, .F. ) ;
#1438 = ADVANCED_FACE ( 'NONE', ( #3904 ), #1435, .F. ) ;
#1439 = LINE ( 'NONE', #3556, #4670 ) ;
#1440 = LINE ( 'NONE', #2930, #3003 ) ;
#1441 = CARTESIAN_POINT ( 'NONE',  ( -3.890000000000000124, 1.699999999999999067, -1.584999999999999964 ) ) ;
#1442 = CARTESIAN_POINT ( 'NONE',  ( -2.305234137862220309E-15, -1.449999999999999956, 2.484999999999991882 ) ) ;
#1443 = AXIS2_PLACEMENT_3D ( 'NONE', #4541, #1227, #446 ) ;
#1444 = DIRECTION ( 'NONE',  ( -1.000000000000000000, 0.000000000000000000, 1.280553747030123075E-16 ) ) ;
#1445 = VECTOR ( 'NONE', #1106, 1000.000000000000000 ) ;
#1446 = AXIS2_PLACEMENT_3D ( 'NONE', #3497, #4740, #3704 ) ;
#1447 = ADVANCED_FACE ( 'NONE', ( #691 ), #730, .F. ) ;
#1448 = FACE_OUTER_BOUND ( 'NONE', #4289, .T. ) ;
#1449 = DIRECTION ( 'NONE',  ( 0.000000000000000000, -1.000000000000000000, 0.000000000000000000 ) ) ;
#1450 = DIRECTION ( 'NONE',  ( 0.000000000000000000, 0.000000000000000000, 1.000000000000000000 ) ) ;
#1451 = LINE ( 'NONE', #3915, #1472 ) ;
#1452 = AXIS2_PLACEMENT_3D ( 'NONE', #4206, #2051, #3199 ) ;
#1453 = EDGE_CURVE ( 'NONE', #3398, #3154, #3806, .T. ) ;
#1454 = CARTESIAN_POINT ( 'NONE',  ( -1.380000000000001004, 7.500000000000001776, 0.4349999999999987765 ) ) ;
#1455 = LINE ( 'NONE', #3666, #1467 ) ;
#1456 = AXIS2_PLACEMENT_3D ( 'NONE', #1582, #1686, #3847 ) ;
#1457 = VECTOR ( 'NONE', #4793, 1000.000000000000114 ) ;
#1458 = FACE_OUTER_BOUND ( 'NONE', #3092, .T. ) ;
#1459 = CARTESIAN_POINT ( 'NONE',  ( -1.180000000000000604, -1.448757163391319161E-15, -1.584999999999999964 ) ) ;
#1460 = DIRECTION ( 'NONE',  ( -0.6092076990801725822, -0.5076730825668086533, -0.6092076990801711389 ) ) ;
#1461 = PLANE ( 'NONE',  #4753 ) ;
#1462 = DIRECTION ( 'NONE',  ( 1.000000000000000000, 0.000000000000000000, 9.276596128218219609E-16 ) ) ;
#1463 = ADVANCED_FACE ( 'NONE', ( #2231 ), #269, .T. ) ;
#1464 = DIRECTION ( 'NONE',  ( -0.000000000000000000, -0.000000000000000000, 1.000000000000000000 ) ) ;
#1465 = EDGE_CURVE ( 'NONE', #2935, #3816, #3929, .T. ) ;
#1466 = LINE ( 'NONE', #4705, #1475 ) ;
#1467 = VECTOR ( 'NONE', #2, 1000.000000000000000 ) ;
#1468 = ORIENTED_EDGE ( 'NONE', *, *, #2434, .F. ) ;
#1469 = VERTEX_POINT ( 'NONE', #2940 ) ;
#1470 = VECTOR ( 'NONE', #1560, 1000.000000000000000 ) ;
#1471 = DIRECTION ( 'NONE',  ( 0.000000000000000000, 0.000000000000000000, 1.000000000000000000 ) ) ;
#1472 = VECTOR ( 'NONE', #4729, 1000.000000000000000 ) ;
#1473 = ORIENTED_EDGE ( 'NONE', *, *, #1100, .F. ) ;
#1474 = ORIENTED_EDGE ( 'NONE', *, *, #2332, .F. ) ;
#1475 = VECTOR ( 'NONE', #2310, 1000.000000000000000 ) ;
#1476 = CARTESIAN_POINT ( 'NONE',  ( -1.180000000000000604, -7.265096679918780609, 0.6349999999999974554 ) ) ;
#1477 = FACE_OUTER_BOUND ( 'NONE', #4564, .T. ) ;
#1478 = AXIS2_PLACEMENT_3D ( 'NONE', #1364, #1741, #4351 ) ;
#1479 = CARTESIAN_POINT ( 'NONE',  ( -4.825000000000001066, -1.199999999999997957, 1.884999999999999787 ) ) ;
#1480 = ORIENTED_EDGE ( 'NONE', *, *, #1961, .F. ) ;
#1481 = ORIENTED_EDGE ( 'NONE', *, *, #3517, .T. ) ;
#1482 = ORIENTED_EDGE ( 'NONE', *, *, #4474, .F. ) ;
#1483 = LINE ( 'NONE', #2210, #1457 ) ;
#1484 = FACE_OUTER_BOUND ( 'NONE', #3595, .T. ) ;
#1485 = EDGE_CURVE ( 'NONE', #1598, #949, #2312, .T. ) ;
#1486 = DIRECTION ( 'NONE',  ( 0.000000000000000000, -0.000000000000000000, 1.000000000000000000 ) ) ;
#1487 = PRESENTATION_LAYER_ASSIGNMENT (  '', '', ( #3441 ) ) ;
#1488 = CARTESIAN_POINT ( 'NONE',  ( -4.175000000000000711, -1.199999999999997957, 2.785000000000000142 ) ) ;
#1489 = ORIENTED_EDGE ( 'NONE', *, *, #4809, .F. ) ;
#1490 = DIRECTION ( 'NONE',  ( -0.000000000000000000, -0.000000000000000000, 1.000000000000000000 ) ) ;
#1491 = DIRECTION ( 'NONE',  ( -2.353307041053807940E-16, 1.000000000000000000, -0.000000000000000000 ) ) ;
#1492 = VERTEX_POINT ( 'NONE', #3027 ) ;
#1493 = LINE ( 'NONE', #8, #1500 ) ;
#1494 = FACE_OUTER_BOUND ( 'NONE', #2983, .T. ) ;
#1495 = ORIENTED_EDGE ( 'NONE', *, *, #301, .F. ) ;
#1496 = ADVANCED_FACE ( 'NONE', ( #3862 ), #4305, .F. ) ;
#1497 = CARTESIAN_POINT ( 'NONE',  ( 0.4999999999999993339, 8.300000000000000711, 2.774999999999999467 ) ) ;
#1498 = ORIENTED_EDGE ( 'NONE', *, *, #3055, .F. ) ;
#1499 = EDGE_CURVE ( 'NONE', #3757, #20, #3918, .T. ) ;
#1500 = VECTOR ( 'NONE', #2585, 1000.000000000000000 ) ;
#1501 = CARTESIAN_POINT ( 'NONE',  ( -1.180000000000000604, -1.765798204687473224E-16, 1.585000000000000853 ) ) ;
#1502 = PLANE ( 'NONE',  #3335 ) ;
#1503 = CARTESIAN_POINT ( 'NONE',  ( -4.825000000000001066, 1.269999999999999796, -0.5599999999999974998 ) ) ;
#1504 = AXIS2_PLACEMENT_3D ( 'NONE', #960, #2104, #1698 ) ;
#1505 = EDGE_CURVE ( 'NONE', #3664, #2237, #2333, .T. ) ;
#1506 = VERTEX_POINT ( 'NONE', #4651 ) ;
#1507 = ORIENTED_EDGE ( 'NONE', *, *, #1679, .F. ) ;
#1508 = PLANE ( 'NONE',  #528 ) ;
#1509 = DIRECTION ( 'NONE',  ( 0.000000000000000000, 3.388131789017201849E-16, -1.000000000000000000 ) ) ;
#1510 = EDGE_CURVE ( 'NONE', #3312, #2899, #3845, .T. ) ;
#1511 = CARTESIAN_POINT ( 'NONE',  ( -0.4999999999999985012, 1.849999999999999423, 2.774999999999999467 ) ) ;
#1512 = ORIENTED_EDGE ( 'NONE', *, *, #3511, .T. ) ;
#1513 = ORIENTED_EDGE ( 'NONE', *, *, #3134, .T. ) ;
#1514 = EDGE_CURVE ( 'NONE', #4008, #4386, #2205, .T. ) ;
#1515 = CARTESIAN_POINT ( 'NONE',  ( -3.889999999999998348, 1.849999999999999201, 2.274999999999999467 ) ) ;
#1516 = CARTESIAN_POINT ( 'NONE',  ( -4.825000000000000178, 0.6699999999999997069, 1.585000000000002629 ) ) ;
#1517 = ORIENTED_EDGE ( 'NONE', *, *, #3362, .F. ) ;
#1518 = CARTESIAN_POINT ( 'NONE',  ( -4.825000000000000178, 0.6699999999999998179, 1.190000000000002611 ) ) ;
#1519 = DIRECTION ( 'NONE',  ( 1.000000000000000000, 0.000000000000000000, -1.391489419232732941E-15 ) ) ;
#1520 = VERTEX_POINT ( 'NONE', #2858 ) ;
#1521 = EDGE_CURVE ( 'NONE', #1101, #4680, #3799, .T. ) ;
#1522 = VERTEX_POINT ( 'NONE', #1689 ) ;
#1523 = DIRECTION ( 'NONE',  ( 1.000000000000000000, -0.000000000000000000, -4.494102269369967741E-16 ) ) ;
#1524 = DIRECTION ( 'NONE',  ( 1.000000000000000000, 0.000000000000000000, 0.000000000000000000 ) ) ;
#1525 = VERTEX_POINT ( 'NONE', #4068 ) ;
#1526 = CARTESIAN_POINT ( 'NONE',  ( 0.000000000000000000, 7.500000000000001776, 0.4349999999999987765 ) ) ;
#1527 = CARTESIAN_POINT ( 'NONE',  ( 0.000000000000000000, -3.180000000000000160, 0.000000000000000000 ) ) ;
#1528 = CARTESIAN_POINT ( 'NONE',  ( 3.440000000000000391, -6.062001655779399497E-16, 2.024999999999999023 ) ) ;
#1529 = ORIENTED_EDGE ( 'NONE', *, *, #1567, .F. ) ;
#1530 = ADVANCED_FACE ( 'NONE', ( #2235 ), #2430, .F. ) ;
#1531 = EDGE_CURVE ( 'NONE', #2603, #2144, #3817, .T. ) ;
#1532 = VERTEX_POINT ( 'NONE', #243 ) ;
#1533 = VECTOR ( 'NONE', #4402, 1000.000000000000000 ) ;
#1534 = AXIS2_PLACEMENT_3D ( 'NONE', #3593, #366, #2675 ) ;
#1535 = CARTESIAN_POINT ( 'NONE',  ( 1.179999999999999716, 1.349999999999999867, -0.005000000000001014917 ) ) ;
#1536 = ADVANCED_FACE ( 'NONE', ( #693 ), #591, .F. ) ;
#1537 = DIRECTION ( 'NONE',  ( 2.247051134684983870E-16, 0.000000000000000000, 1.000000000000000000 ) ) ;
#1538 = EDGE_LOOP ( 'NONE', ( #2423, #2361, #771, #3519 ) ) ;
#1539 = VERTEX_POINT ( 'NONE', #3705 ) ;
#1540 = FACE_OUTER_BOUND ( 'NONE', #3770, .T. ) ;
#1541 = AXIS2_PLACEMENT_3D ( 'NONE', #268, #619, #421 ) ;
#1542 = DIRECTION ( 'NONE',  ( 0.000000000000000000, 3.388131789017201849E-16, -1.000000000000000000 ) ) ;
#1543 = CARTESIAN_POINT ( 'NONE',  ( -1.180000000000000604, 1.349999999999999423, 2.024999999999999023 ) ) ;
#1544 = ORIENTED_EDGE ( 'NONE', *, *, #2165, .F. ) ;
#1545 = DIRECTION ( 'NONE',  ( 1.000000000000000000, 0.000000000000000000, -4.494102269369967741E-16 ) ) ;
#1546 = ORIENTED_EDGE ( 'NONE', *, *, #1902, .F. ) ;
#1547 = DIRECTION ( 'NONE',  ( 0.000000000000000000, 0.000000000000000000, -1.000000000000000000 ) ) ;
#1548 = ORIENTED_EDGE ( 'NONE', *, *, #1531, .T. ) ;
#1549 = FACE_OUTER_BOUND ( 'NONE', #1126, .T. ) ;
#1550 = ORIENTED_EDGE ( 'NONE', *, *, #3090, .T. ) ;
#1551 = EDGE_CURVE ( 'NONE', #821, #1956, #2314, .T. ) ;
#1552 = CARTESIAN_POINT ( 'NONE',  ( 1.300000000000000044, 7.400000000000000355, -2.785000000000001030 ) ) ;
#1553 = CARTESIAN_POINT ( 'NONE',  ( 4.175000000000000711, -1.449999999999999956, 2.784999999999999698 ) ) ;
#1554 = LINE ( 'NONE', #4766, #1445 ) ;
#1555 = CARTESIAN_POINT ( 'NONE',  ( -3.425000000000000266, 9.900000000000000355, -0.9550000000000007372 ) ) ;
#1556 = CARTESIAN_POINT ( 'NONE',  ( -1.820000000000000506, -7.265096679918780609, 0.6349999999999974554 ) ) ;
#1557 = DIRECTION ( 'NONE',  ( -1.000000000000000000, 0.000000000000000000, 0.000000000000000000 ) ) ;
#1558 = ORIENTED_EDGE ( 'NONE', *, *, #4764, .T. ) ;
#1559 = EDGE_CURVE ( 'NONE', #2908, #2697, #613, .T. ) ;
#1560 = DIRECTION ( 'NONE',  ( 0.000000000000000000, 0.000000000000000000, -1.000000000000000000 ) ) ;
#1561 = CARTESIAN_POINT ( 'NONE',  ( 4.175000000000000711, -1.449999999999999956, 2.484999999999995879 ) ) ;
#1562 = DIRECTION ( 'NONE',  ( 0.000000000000000000, -1.000000000000000000, 0.000000000000000000 ) ) ;
#1563 = VERTEX_POINT ( 'NONE', #4105 ) ;
#1564 = ADVANCED_FACE ( 'NONE', ( #3828 ), #3760, .F. ) ;
#1565 = ORIENTED_EDGE ( 'NONE', *, *, #1659, .T. ) ;
#1566 = VECTOR ( 'NONE', #4624, 1000.000000000000114 ) ;
#1567 = EDGE_CURVE ( 'NONE', #2066, #273, #3914, .T. ) ;
#1568 = CARTESIAN_POINT ( 'NONE',  ( 1.300000000000000044, 9.350000000000001421, -1.585000000000000187 ) ) ;
#1569 = CARTESIAN_POINT ( 'NONE',  ( 4.824999999999999289, 1.270000000000000240, -1.584999999999999964 ) ) ;
#1570 = CARTESIAN_POINT ( 'NONE',  ( 1.179999999999999716, 1.350000000000000089, -1.585000000000000409 ) ) ;
#1571 = ORIENTED_EDGE ( 'NONE', *, *, #4173, .F. ) ;
#1572 = DIRECTION ( 'NONE',  ( -0.000000000000000000, -1.000000000000000000, -0.000000000000000000 ) ) ;
#1573 = FACE_OUTER_BOUND ( 'NONE', #3662, .T. ) ;
#1574 = DIRECTION ( 'NONE',  ( 2.247051134684983870E-16, 0.000000000000000000, -1.000000000000000000 ) ) ;
#1575 = ORIENTED_EDGE ( 'NONE', *, *, #4072, .F. ) ;
#1576 = FACE_OUTER_BOUND ( 'NONE', #548, .T. ) ;
#1577 = VERTEX_POINT ( 'NONE', #3162 ) ;
#1578 = EDGE_CURVE ( 'NONE', #1790, #841, #700, .T. ) ;
#1579 = ORIENTED_EDGE ( 'NONE', *, *, #3586, .T. ) ;
#1580 = ORIENTED_EDGE ( 'NONE', *, *, #1307, .T. ) ;
#1581 = LINE ( 'NONE', #3290, #1684 ) ;
#1582 = CARTESIAN_POINT ( 'NONE',  ( 0.000000000000000000, 0.000000000000000000, 0.000000000000000000 ) ) ;
#1583 = FILL_AREA_STYLE_COLOUR ( '', #2691 ) ;
#1584 = ORIENTED_EDGE ( 'NONE', *, *, #583, .F. ) ;
#1585 = VECTOR ( 'NONE', #4393, 1000.000000000000000 ) ;
#1586 = CARTESIAN_POINT ( 'NONE',  ( 4.825000000000000178, 8.499999999999994671, 1.774999999999999245 ) ) ;
#1587 = CARTESIAN_POINT ( 'NONE',  ( -1.820000000000000506, -2.579999999999992966, 0.6349999999999983435 ) ) ;
#1588 = PLANE ( 'NONE',  #2029 ) ;
#1589 = EDGE_CURVE ( 'NONE', #2733, #3893, #3792, .T. ) ;
#1590 = AXIS2_PLACEMENT_3D ( 'NONE', #3507, #3535, #1562 ) ;
#1591 = VERTEX_POINT ( 'NONE', #4282 ) ;
#1592 = LINE ( 'NONE', #4472, #3311 ) ;
#1593 = VERTEX_POINT ( 'NONE', #1597 ) ;
#1594 = DIRECTION ( 'NONE',  ( 0.000000000000000000, -3.388131789017201849E-16, 1.000000000000000000 ) ) ;
#1595 = DIRECTION ( 'NONE',  ( -0.3015113445777614087, 0.9045340337332923308, -0.3015113445777614087 ) ) ;
#1596 = PLANE ( 'NONE',  #1826 ) ;
#1597 = CARTESIAN_POINT ( 'NONE',  ( 3.890000000000000124, 1.849999999999999201, 2.261979166666661101 ) ) ;
#1598 = VERTEX_POINT ( 'NONE', #175 ) ;
#1599 = VECTOR ( 'NONE', #4413, 1000.000000000000000 ) ;
#1600 = ORIENTED_EDGE ( 'NONE', *, *, #3708, .T. ) ;
#1601 = FACE_OUTER_BOUND ( 'NONE', #2112, .T. ) ;
#1602 = DIRECTION ( 'NONE',  ( 0.000000000000000000, 1.801998070613027504E-16, -1.000000000000000000 ) ) ;
#1603 = CARTESIAN_POINT ( 'NONE',  ( 4.825000000000000178, 1.850000000000000089, 2.784999999999999698 ) ) ;
#1604 = CARTESIAN_POINT ( 'NONE',  ( 1.819999999999999618, 0.000000000000000000, 0.000000000000000000 ) ) ;
#1605 = ORIENTED_EDGE ( 'NONE', *, *, #1631, .T. ) ;
#1606 = CARTESIAN_POINT ( 'NONE',  ( -4.825000000000000178, 1.269999999999999796, 1.190000000000002389 ) ) ;
#1607 = VECTOR ( 'NONE', #1850, 1000.000000000000000 ) ;
#1608 = ADVANCED_FACE ( 'NONE', ( #3969 ), #3449, .F. ) ;
#1609 = CARTESIAN_POINT ( 'NONE',  ( -4.824999999999999289, 8.499999999999994671, -1.584999999999999742 ) ) ;
#1610 = EDGE_LOOP ( 'NONE', ( #737, #2833, #1373, #1360 ) ) ;
#1611 = VECTOR ( 'NONE', #1291, 1000.000000000000000 ) ;
#1612 = ORIENTED_EDGE ( 'NONE', *, *, #2366, .T. ) ;
#1613 = EDGE_LOOP ( 'NONE', ( #511, #3987, #519, #2289 ) ) ;
#1614 = VECTOR ( 'NONE', #2800, 1000.000000000000000 ) ;
#1615 = CARTESIAN_POINT ( 'NONE',  ( -1.820000000000000506, -1.448757163391319161E-15, -1.584999999999999964 ) ) ;
#1616 = PLANE ( 'NONE',  #370 ) ;
#1617 = ORIENTED_EDGE ( 'NONE', *, *, #4756, .T. ) ;
#1618 = LINE ( 'NONE', #532, #1706 ) ;
#1619 = CARTESIAN_POINT ( 'NONE',  ( -1.820000000000000506, 0.000000000000000000, 0.000000000000000000 ) ) ;
#1620 = FACE_OUTER_BOUND ( 'NONE', #4741, .T. ) ;
#1621 = DIRECTION ( 'NONE',  ( 0.000000000000000000, -0.000000000000000000, -1.000000000000000000 ) ) ;
#1622 = EDGE_CURVE ( 'NONE', #314, #273, #749, .T. ) ;
#1623 = ORIENTED_EDGE ( 'NONE', *, *, #2500, .F. ) ;
#1624 = ORIENTED_EDGE ( 'NONE', *, *, #851, .F. ) ;
#1625 = VECTOR ( 'NONE', #3050, 999.9999999999998863 ) ;
#1626 = VERTEX_POINT ( 'NONE', #510 ) ;
#1627 = LINE ( 'NONE', #899, #3186 ) ;
#1628 = CARTESIAN_POINT ( 'NONE',  ( 3.890000000000000124, 1.269999999999999796, 1.190000000000002389 ) ) ;
#1629 = CARTESIAN_POINT ( 'NONE',  ( 3.664072164948454891, -0.7742268041237115872, 1.374072164948454633 ) ) ;
#1630 = DIRECTION ( 'NONE',  ( 0.000000000000000000, 0.000000000000000000, -1.000000000000000000 ) ) ;
#1631 = EDGE_CURVE ( 'NONE', #2433, #1731, #760, .T. ) ;
#1632 = ORIENTED_EDGE ( 'NONE', *, *, #4417, .T. ) ;
#1633 = EDGE_LOOP ( 'NONE', ( #1886, #3397, #892, #3031 ) ) ;
#1634 = FACE_OUTER_BOUND ( 'NONE', #3831, .T. ) ;
#1635 = EDGE_LOOP ( 'NONE', ( #1714, #4731, #4077, #3378 ) ) ;
#1636 = CARTESIAN_POINT ( 'NONE',  ( -1.619999999999999885, 7.500000000000001776, 0.4349999999999987765 ) ) ;
#1637 = CARTESIAN_POINT ( 'NONE',  ( -4.825000000000000178, 1.269999999999999796, 1.190000000000002389 ) ) ;
#1638 = CARTESIAN_POINT ( 'NONE',  ( 3.440000000000000391, 1.699999999999999956, -1.584999999999999964 ) ) ;
#1639 = ORIENTED_EDGE ( 'NONE', *, *, #3811, .T. ) ;
#1640 = DIRECTION ( 'NONE',  ( 0.000000000000000000, 2.744815626545581052E-16, 1.000000000000000000 ) ) ;
#1641 = ORIENTED_EDGE ( 'NONE', *, *, #2942, .T. ) ;
#1642 = FACE_OUTER_BOUND ( 'NONE', #1682, .T. ) ;
#1643 = EDGE_CURVE ( 'NONE', #3934, #3538, #2388, .T. ) ;
#1644 = EDGE_LOOP ( 'NONE', ( #943, #4035, #3472, #710, #263, #831, #797, #453 ) ) ;
#1645 = ORIENTED_EDGE ( 'NONE', *, *, #1809, .T. ) ;
#1646 = FACE_OUTER_BOUND ( 'NONE', #3854, .T. ) ;
#1647 = ADVANCED_FACE ( 'NONE', ( #3920 ), #920, .F. ) ;
#1648 = DIRECTION ( 'NONE',  ( 0.000000000000000000, 0.000000000000000000, 1.000000000000000000 ) ) ;
#1649 = DIRECTION ( 'NONE',  ( 1.000000000000000000, 0.000000000000000000, 0.000000000000000000 ) ) ;
#1650 = EDGE_CURVE ( 'NONE', #2870, #1332, #657, .T. ) ;
#1651 = DIRECTION ( 'NONE',  ( 1.000000000000000000, 0.000000000000000000, 0.000000000000000000 ) ) ;
#1652 = AXIS2_PLACEMENT_3D ( 'NONE', #3004, #3293, #2108 ) ;
#1653 = CARTESIAN_POINT ( 'NONE',  ( 0.000000000000000000, -1.449999999999999956, 0.000000000000000000 ) ) ;
#1654 = ADVANCED_FACE ( 'NONE', ( #3974 ), #2249, .F. ) ;
#1655 = ORIENTED_EDGE ( 'NONE', *, *, #3637, .T. ) ;
#1656 = ORIENTED_EDGE ( 'NONE', *, *, #1307, .F. ) ;
#1657 = FACE_OUTER_BOUND ( 'NONE', #2199, .T. ) ;
#1658 = FACE_OUTER_BOUND ( 'NONE', #3161, .T. ) ;
#1659 = EDGE_CURVE ( 'NONE', #1845, #1034, #2271, .T. ) ;
#1660 = CARTESIAN_POINT ( 'NONE',  ( -3.890000000000000124, 0.6699999999999998179, -0.5599999999999976108 ) ) ;
#1661 = CARTESIAN_POINT ( 'NONE',  ( 0.4999999999999993339, 8.300000000000000711, 2.774999999999999467 ) ) ;
#1662 = DIRECTION ( 'NONE',  ( 0.000000000000000000, 1.000000000000000000, -0.000000000000000000 ) ) ;
#1663 = DIRECTION ( 'NONE',  ( 0.7071067811865461294, 0.7071067811865489050, 0.000000000000000000 ) ) ;
#1664 = DIRECTION ( 'NONE',  ( 0.000000000000000000, -1.000000000000000000, -1.807003620809173892E-16 ) ) ;
#1665 = ORIENTED_EDGE ( 'NONE', *, *, #930, .F. ) ;
#1666 = ORIENTED_EDGE ( 'NONE', *, *, #807, .F. ) ;
#1667 = VECTOR ( 'NONE', #1051, 1000.000000000000000 ) ;
#1668 = AXIS2_PLACEMENT_3D ( 'NONE', #2094, #393, #654 ) ;
#1669 = LINE ( 'NONE', #134, #130 ) ;
#1670 = EDGE_CURVE ( 'NONE', #4235, #614, #3837, .T. ) ;
#1671 = DIRECTION ( 'NONE',  ( 0.7071067811865489050, 0.7071067811865461294, -1.588905095008681427E-16 ) ) ;
#1672 = AXIS2_PLACEMENT_3D ( 'NONE', #2498, #991, #690 ) ;
#1673 = DIRECTION ( 'NONE',  ( 0.000000000000000000, -1.000000000000000000, 0.000000000000000000 ) ) ;
#1674 = DIRECTION ( 'NONE',  ( 0.000000000000000000, 0.000000000000000000, -1.000000000000000000 ) ) ;
#1675 = VERTEX_POINT ( 'NONE', #482 ) ;
#1676 = DIRECTION ( 'NONE',  ( 0.000000000000000000, 0.000000000000000000, -1.000000000000000000 ) ) ;
#1677 = VERTEX_POINT ( 'NONE', #146 ) ;
#1678 = FACE_OUTER_BOUND ( 'NONE', #4355, .T. ) ;
#1679 = EDGE_CURVE ( 'NONE', #3486, #1525, #3941, .T. ) ;
#1680 = ORIENTED_EDGE ( 'NONE', *, *, #2490, .F. ) ;
#1681 = LINE ( 'NONE', #1060, #95 ) ;
#1682 = EDGE_LOOP ( 'NONE', ( #1780, #3366, #1908, #245 ) ) ;
#1683 = ORIENTED_EDGE ( 'NONE', *, *, #2582, .T. ) ;
#1684 = VECTOR ( 'NONE', #3634, 1000.000000000000000 ) ;
#1685 = CARTESIAN_POINT ( 'NONE',  ( 1.819999999999999618, -7.265096679918780609, 0.6349999999999974554 ) ) ;
#1686 = DIRECTION ( 'NONE',  ( 0.000000000000000000, 1.000000000000000000, -0.000000000000000000 ) ) ;
#1687 = CARTESIAN_POINT ( 'NONE',  ( -4.825000000000001066, 0.6699999999999998179, -0.5599999999999976108 ) ) ;
#1688 = EDGE_LOOP ( 'NONE', ( #955, #1254, #2056, #2000 ) ) ;
#1689 = CARTESIAN_POINT ( 'NONE',  ( -0.5000000000000000000, 8.300000000000000711, 2.274999999999999467 ) ) ;
#1690 = EDGE_CURVE ( 'NONE', #273, #3398, #770, .T. ) ;
#1691 = DIRECTION ( 'NONE',  ( 0.000000000000000000, 0.000000000000000000, 1.000000000000000000 ) ) ;
#1692 = ORIENTED_EDGE ( 'NONE', *, *, #4800, .F. ) ;
#1693 = ORIENTED_EDGE ( 'NONE', *, *, #4733, .F. ) ;
#1694 = VECTOR ( 'NONE', #1674, 1000.000000000000000 ) ;
#1695 = ADVANCED_FACE ( 'NONE', ( #2334 ), #227, .F. ) ;
#1696 = CLOSED_SHELL ( 'NONE', ( #4792, #3823, #1942, #1343, #3863, #1073, #3818, #1647, #3038, #3354 ) ) ;
#1697 = EDGE_CURVE ( 'NONE', #762, #324, #2220, .T. ) ;
#1698 = DIRECTION ( 'NONE',  ( 1.000000000000000000, 0.000000000000000000, -0.000000000000000000 ) ) ;
#1699 = CARTESIAN_POINT ( 'NONE',  ( 4.475000000000004086, -1.449999999999999956, 1.884999999999999787 ) ) ;
#1700 = DIRECTION ( 'NONE',  ( -0.000000000000000000, 1.000000000000000000, -0.000000000000000000 ) ) ;
#1701 = DIRECTION ( 'NONE',  ( 0.000000000000000000, 0.000000000000000000, -1.000000000000000000 ) ) ;
#1702 = ORIENTED_EDGE ( 'NONE', *, *, #3752, .F. ) ;
#1703 = ORIENTED_EDGE ( 'NONE', *, *, #2110, .F. ) ;
#1704 = LINE ( 'NONE', #54, #4799 ) ;
#1705 = EDGE_LOOP ( 'NONE', ( #158, #2007, #3129, #3258 ) ) ;
#1706 = VECTOR ( 'NONE', #4264, 1000.000000000000000 ) ;
#1707 = DIRECTION ( 'NONE',  ( -0.000000000000000000, 1.000000000000000000, -0.000000000000000000 ) ) ;
#1708 = CARTESIAN_POINT ( 'NONE',  ( -1.180000000000000604, 0.6699999999999998179, 1.190000000000002611 ) ) ;
#1709 = DIRECTION ( 'NONE',  ( 0.000000000000000000, -0.000000000000000000, 1.000000000000000000 ) ) ;
#1710 = AXIS2_PLACEMENT_3D ( 'NONE', #1120, #3344, #3681 ) ;
#1711 = CARTESIAN_POINT ( 'NONE',  ( -1.500000000000000000, 8.300000000000000711, 2.774999999999999467 ) ) ;
#1712 = ORIENTED_EDGE ( 'NONE', *, *, #3148, .F. ) ;
#1713 =( NAMED_UNIT ( * ) SI_UNIT ( $, .STERADIAN. ) SOLID_ANGLE_UNIT ( ) );
#1714 = ORIENTED_EDGE ( 'NONE', *, *, #4312, .T. ) ;
#1715 = LINE ( 'NONE', #2020, #3211 ) ;
#1716 = CARTESIAN_POINT ( 'NONE',  ( 3.889999999999999236, 0.6699999999999998179, -0.5599999999999976108 ) ) ;
#1717 = EDGE_LOOP ( 'NONE', ( #3139, #4569, #1326, #4127 ) ) ;
#1718 = EDGE_CURVE ( 'NONE', #564, #3409, #2243, .T. ) ;
#1719 = ORIENTED_EDGE ( 'NONE', *, *, #1042, .T. ) ;
#1720 = ORIENTED_EDGE ( 'NONE', *, *, #4200, .F. ) ;
#1721 = VECTOR ( 'NONE', #373, 1000.000000000000000 ) ;
#1722 = CARTESIAN_POINT ( 'NONE',  ( -3.890000000000000124, 1.269999999999999796, -0.5599999999999979439 ) ) ;
#1723 = CARTESIAN_POINT ( 'NONE',  ( -4.825000000000000178, 0.6699999999999998179, 1.190000000000002611 ) ) ;
#1724 = DIRECTION ( 'NONE',  ( 0.000000000000000000, 1.000000000000000000, 1.807003620809173892E-16 ) ) ;
#1725 = EDGE_LOOP ( 'NONE', ( #1580, #305, #3033, #3584 ) ) ;
#1726 = LINE ( 'NONE', #4674, #1734 ) ;
#1727 = PLANE ( 'NONE',  #4326 ) ;
#1728 = CARTESIAN_POINT ( 'NONE',  ( 0.4999999999999978351, 1.849999999999999423, 2.774999999999999467 ) ) ;
#1729 = CARTESIAN_POINT ( 'NONE',  ( 1.819999999999999618, -2.579999999999992966, -0.005000000000002567495 ) ) ;
#1730 = ORIENTED_EDGE ( 'NONE', *, *, #2785, .F. ) ;
#1731 = VERTEX_POINT ( 'NONE', #3224 ) ;
#1732 = FACE_OUTER_BOUND ( 'NONE', #922, .T. ) ;
#1733 = ORIENTED_EDGE ( 'NONE', *, *, #2931, .T. ) ;
#1734 = VECTOR ( 'NONE', #2541, 1000.000000000000000 ) ;
#1735 = EDGE_CURVE ( 'NONE', #1956, #1746, #3874, .T. ) ;
#1736 = CARTESIAN_POINT ( 'NONE',  ( 4.824999999999998401, 1.269999999999999796, 1.189999999999998170 ) ) ;
#1737 = PLANE ( 'NONE',  #1504 ) ;
#1738 = CARTESIAN_POINT ( 'NONE',  ( 1.380000000000000115, 7.500000000000001776, 0.000000000000000000 ) ) ;
#1739 = AXIS2_PLACEMENT_3D ( 'NONE', #4115, #665, #3059 ) ;
#1740 = CARTESIAN_POINT ( 'NONE',  ( 1.819999999999999618, 0.000000000000000000, 2.024999999999999023 ) ) ;
#1741 = DIRECTION ( 'NONE',  ( -1.233548213626064722E-31, 1.000000000000000000, -2.744815626545581052E-16 ) ) ;
#1742 = ORIENTED_EDGE ( 'NONE', *, *, #355, .F. ) ;
#1743 = ORIENTED_EDGE ( 'NONE', *, *, #747, .F. ) ;
#1744 = VECTOR ( 'NONE', #3601, 1000.000000000000000 ) ;
#1745 = EDGE_CURVE ( 'NONE', #3608, #2733, #2281, .T. ) ;
#1746 = VERTEX_POINT ( 'NONE', #203 ) ;
#1747 = DIRECTION ( 'NONE',  ( -4.494102269369967741E-16, 1.807003620809173892E-16, -1.000000000000000000 ) ) ;
#1748 = EDGE_CURVE ( 'NONE', #401, #3735, #3930, .T. ) ;
#1749 = DIRECTION ( 'NONE',  ( 0.000000000000000000, 0.000000000000000000, -1.000000000000000000 ) ) ;
#1750 = ORIENTED_EDGE ( 'NONE', *, *, #4557, .F. ) ;
#1751 = CARTESIAN_POINT ( 'NONE',  ( -3.425000000000000266, 9.900000000000000355, -0.9550000000000007372 ) ) ;
#1752 = CARTESIAN_POINT ( 'NONE',  ( -1.820000000000000506, 6.899999999999995026, -0.005000000000000663636 ) ) ;
#1753 = ORIENTED_EDGE ( 'NONE', *, *, #2610, .F. ) ;
#1754 = EDGE_CURVE ( 'NONE', #1937, #762, #3952, .T. ) ;
#1755 = ORIENTED_EDGE ( 'NONE', *, *, #1851, .T. ) ;
#1756 = ORIENTED_EDGE ( 'NONE', *, *, #39, .T. ) ;
#1757 = CARTESIAN_POINT ( 'NONE',  ( -4.824999999999999289, 0.000000000000000000, -1.584999999999999964 ) ) ;
#1758 = PLANE ( 'NONE',  #1541 ) ;
#1759 = VECTOR ( 'NONE', #2708, 1000.000000000000000 ) ;
#1760 = ORIENTED_EDGE ( 'NONE', *, *, #4652, .F. ) ;
#1761 = CARTESIAN_POINT ( 'NONE',  ( 1.179999999999999716, 0.6699999999999998179, -0.5599999999999981659 ) ) ;
#1762 = FACE_OUTER_BOUND ( 'NONE', #4702, .T. ) ;
#1763 = ORIENTED_EDGE ( 'NONE', *, *, #1416, .T. ) ;
#1764 = ORIENTED_EDGE ( 'NONE', *, *, #3253, .F. ) ;
#1765 = EDGE_CURVE ( 'NONE', #687, #430, #806, .T. ) ;
#1766 = ORIENTED_EDGE ( 'NONE', *, *, #1718, .F. ) ;
#1767 = FACE_OUTER_BOUND ( 'NONE', #610, .T. ) ;
#1768 = DIRECTION ( 'NONE',  ( -1.548860246407865308E-16, 0.000000000000000000, -1.000000000000000000 ) ) ;
#1769 = CARTESIAN_POINT ( 'NONE',  ( -4.825000000000001066, 0.6699999999999998179, -0.5599999999999976108 ) ) ;
#1770 = VECTOR ( 'NONE', #3127, 1000.000000000000000 ) ;
#1771 = DIRECTION ( 'NONE',  ( 0.000000000000000000, 0.000000000000000000, -1.000000000000000000 ) ) ;
#1772 = ADVANCED_FACE ( 'NONE', ( #4177 ), #4318, .F. ) ;
#1773 = ORIENTED_EDGE ( 'NONE', *, *, #3245, .T. ) ;
#1774 = EDGE_CURVE ( 'NONE', #399, #687, #4108, .T. ) ;
#1775 = VERTEX_POINT ( 'NONE', #635 ) ;
#1776 = AXIS2_PLACEMENT_3D ( 'NONE', #3748, #4222, #1884 ) ;
#1777 = DIRECTION ( 'NONE',  ( 0.000000000000000000, 2.744815626545581052E-16, -1.000000000000000000 ) ) ;
#1778 = CARTESIAN_POINT ( 'NONE',  ( 3.440000000000000391, -6.062001655779399497E-16, -1.584999999999999964 ) ) ;
#1779 = DIRECTION ( 'NONE',  ( -0.3015113445777614087, -0.9045340337332923308, 0.3015113445777614087 ) ) ;
#1780 = ORIENTED_EDGE ( 'NONE', *, *, #4023, .T. ) ;
#1781 = CARTESIAN_POINT ( 'NONE',  ( -1.300000000000000044, 9.350000000000001421, -1.585000000000000187 ) ) ;
#1782 = CARTESIAN_POINT ( 'NONE',  ( -1.820000000000000506, 0.6699999999999998179, 1.190000000000001279 ) ) ;
#1783 = ORIENTED_EDGE ( 'NONE', *, *, #1690, .T. ) ;
#1784 = ADVANCED_FACE ( 'NONE', ( #3982 ), #4387, .F. ) ;
#1785 = ORIENTED_EDGE ( 'NONE', *, *, #4014, .T. ) ;
#1786 = ORIENTED_EDGE ( 'NONE', *, *, #866, .T. ) ;
#1787 = ORIENTED_EDGE ( 'NONE', *, *, #2193, .F. ) ;
#1788 = CARTESIAN_POINT ( 'NONE',  ( 4.824999999999999289, 0.000000000000000000, -1.584999999999999964 ) ) ;
#1789 = PLANE ( 'NONE',  #4095 ) ;
#1790 = VERTEX_POINT ( 'NONE', #311 ) ;
#1791 = DIRECTION ( 'NONE',  ( 0.000000000000000000, -1.000000000000000000, -1.618212197739559129E-16 ) ) ;
#1792 = ORIENTED_EDGE ( 'NONE', *, *, #3082, .T. ) ;
#1793 = ORIENTED_EDGE ( 'NONE', *, *, #4716, .T. ) ;
#1794 = EDGE_CURVE ( 'NONE', #3231, #625, #4021, .T. ) ;
#1795 = ORIENTED_EDGE ( 'NONE', *, *, #3187, .T. ) ;
#1796 = DIRECTION ( 'NONE',  ( -1.000000000000000000, -0.000000000000000000, -0.000000000000000000 ) ) ;
#1797 = PLANE ( 'NONE',  #4546 ) ;
#1798 = EDGE_CURVE ( 'NONE', #317, #524, #2578, .T. ) ;
#1799 = ORIENTED_EDGE ( 'NONE', *, *, #369, .F. ) ;
#1800 = ORIENTED_EDGE ( 'NONE', *, *, #3604, .T. ) ;
#1801 = EDGE_CURVE ( 'NONE', #3303, #564, #2474, .T. ) ;
#1802 = ADVANCED_FACE ( 'NONE', ( #2508 ), #3605, .F. ) ;
#1803 = DIRECTION ( 'NONE',  ( 1.000000000000000000, -0.000000000000000000, -4.494102269369967741E-16 ) ) ;
#1804 = CARTESIAN_POINT ( 'NONE',  ( 0.000000000000000000, 1.699999999999999067, 2.024999999999999023 ) ) ;
#1805 = ORIENTED_EDGE ( 'NONE', *, *, #39, .F. ) ;
#1806 = CARTESIAN_POINT ( 'NONE',  ( -4.825000000000001066, 0.6699999999999998179, -0.5599999999999976108 ) ) ;
#1807 = DIRECTION ( 'NONE',  ( -1.000000000000000000, 0.000000000000000000, 0.000000000000000000 ) ) ;
#1808 = EDGE_LOOP ( 'NONE', ( #695, #3717, #2224, #1766 ) ) ;
#1809 = EDGE_CURVE ( 'NONE', #584, #2098, #894, .T. ) ;
#1810 = ORIENTED_EDGE ( 'NONE', *, *, #1255, .T. ) ;
#1811 = ORIENTED_EDGE ( 'NONE', *, *, #3906, .T. ) ;
#1812 = ADVANCED_FACE ( 'NONE', ( #2449 ), #2109, .F. ) ;
#1813 = PLANE ( 'NONE',  #4687 ) ;
#1814 = EDGE_LOOP ( 'NONE', ( #2360, #247, #936, #4225 ) ) ;
#1815 = CARTESIAN_POINT ( 'NONE',  ( -1.820000000000000506, 3.300000000000000711, 0.6349999999999992317 ) ) ;
#1816 = CARTESIAN_POINT ( 'NONE',  ( -4.825000000000000178, 1.269999999999999796, 1.190000000000002389 ) ) ;
#1817 = ORIENTED_EDGE ( 'NONE', *, *, #3405, .F. ) ;
#1818 = ORIENTED_EDGE ( 'NONE', *, *, #1206, .F. ) ;
#1819 = EDGE_LOOP ( 'NONE', ( #4494, #504, #2248, #4039 ) ) ;
#1820 = CARTESIAN_POINT ( 'NONE',  ( 0.000000000000000000, 7.500000000000001776, 0.1949999999999998679 ) ) ;
#1821 = CARTESIAN_POINT ( 'NONE',  ( -4.825000000000000178, 1.269999999999999796, 1.190000000000002389 ) ) ;
#1822 = CARTESIAN_POINT ( 'NONE',  ( -1.820000000000000506, 1.350000000000000089, -1.585000000000000409 ) ) ;
#1823 = AXIS2_PLACEMENT_3D ( 'NONE', #1729, #3853, #217 ) ;
#1824 = DIRECTION ( 'NONE',  ( -4.494102269369967741E-16, 1.618212197739559129E-16, -1.000000000000000000 ) ) ;
#1825 = ORIENTED_EDGE ( 'NONE', *, *, #2947, .F. ) ;
#1826 = AXIS2_PLACEMENT_3D ( 'NONE', #3861, #963, #2371 ) ;
#1827 = ORIENTED_EDGE ( 'NONE', *, *, #1774, .F. ) ;
#1828 = EDGE_LOOP ( 'NONE', ( #660, #3899, #1197, #497 ) ) ;
#1829 = VECTOR ( 'NONE', #297, 1000.000000000000000 ) ;
#1830 = CARTESIAN_POINT ( 'NONE',  ( 4.825000000000001066, -1.449999999999999956, 2.185000000000002718 ) ) ;
#1831 = CARTESIAN_POINT ( 'NONE',  ( -4.824999999999998401, 1.850000000000000089, 2.785000000000001030 ) ) ;
#1832 = CARTESIAN_POINT ( 'NONE',  ( -1.180000000000000604, 7.500000000000001776, -0.005000000000000663636 ) ) ;
#1833 = DIRECTION ( 'NONE',  ( 0.000000000000000000, 1.000000000000000000, -0.000000000000000000 ) ) ;
#1834 = ORIENTED_EDGE ( 'NONE', *, *, #2520, .F. ) ;
#1835 = CARTESIAN_POINT ( 'NONE',  ( 3.440000000000001279, 1.269999999999999796, 1.189999999999998836 ) ) ;
#1836 = ORIENTED_EDGE ( 'NONE', *, *, #1365, .T. ) ;
#1837 = ADVANCED_FACE ( 'NONE', ( #974 ), #1282, .F. ) ;
#1838 = ORIENTED_EDGE ( 'NONE', *, *, #3697, .F. ) ;
#1839 = EDGE_CURVE ( 'NONE', #3158, #1845, #906, .T. ) ;
#1840 = DIRECTION ( 'NONE',  ( -1.000000000000000000, 0.000000000000000000, 1.280553747030123075E-16 ) ) ;
#1841 = ORIENTED_EDGE ( 'NONE', *, *, #1765, .F. ) ;
#1842 = AXIS2_PLACEMENT_3D ( 'NONE', #2441, #2866, #3898 ) ;
#1843 = DIRECTION ( 'NONE',  ( 1.000000000000000000, -0.000000000000000000, -4.494102269369967741E-16 ) ) ;
#1844 = EDGE_CURVE ( 'NONE', #878, #3583, #822, .T. ) ;
#1845 = VERTEX_POINT ( 'NONE', #25 ) ;
#1846 = EDGE_LOOP ( 'NONE', ( #34, #3624, #1512, #3415, #2735, #1783, #3264, #3558, #1579, #2670, #1639, #3217 ) ) ;
#1847 = CARTESIAN_POINT ( 'NONE',  ( -3.890000000000000124, -9.527752097366409041E-16, -1.584999999999999964 ) ) ;
#1848 = VECTOR ( 'NONE', #2137, 1000.000000000000000 ) ;
#1849 = DIRECTION ( 'NONE',  ( 0.000000000000000000, -1.000000000000000000, 3.236424395479118258E-16 ) ) ;
#1850 = DIRECTION ( 'NONE',  ( -0.000000000000000000, -0.000000000000000000, 1.000000000000000000 ) ) ;
#1851 = EDGE_CURVE ( 'NONE', #2891, #1522, #4034, .T. ) ;
#1852 = ORIENTED_EDGE ( 'NONE', *, *, #1659, .F. ) ;
#1853 = VERTEX_POINT ( 'NONE', #3322 ) ;
#1854 = VECTOR ( 'NONE', #3392, 1000.000000000000000 ) ;
#1855 = DIRECTION ( 'NONE',  ( 1.000000000000000000, -0.000000000000000000, -4.494102269369967741E-16 ) ) ;
#1856 = DIRECTION ( 'NONE',  ( 0.000000000000000000, -1.801998070613027504E-16, 1.000000000000000000 ) ) ;
#1857 = CARTESIAN_POINT ( 'NONE',  ( -3.864999999999990887, 9.900000000000000355, 2.274999999999999467 ) ) ;
#1858 = ORIENTED_EDGE ( 'NONE', *, *, #1053, .T. ) ;
#1859 = DIRECTION ( 'NONE',  ( -1.000000000000000000, -0.000000000000000000, -0.000000000000000000 ) ) ;
#1860 = EDGE_LOOP ( 'NONE', ( #4285, #4377, #2015, #4367, #3661, #4109 ) ) ;
#1861 = LINE ( 'NONE', #4461, #252 ) ;
#1862 = ORIENTED_EDGE ( 'NONE', *, *, #1839, .F. ) ;
#1863 = VERTEX_POINT ( 'NONE', #90 ) ;
#1864 = PLANE ( 'NONE',  #782 ) ;
#1865 = AXIS2_PLACEMENT_3D ( 'NONE', #3230, #4755, #3198 ) ;
#1866 = DIRECTION ( 'NONE',  ( 4.494102269369967741E-16, 3.614007241618347785E-16, 1.000000000000000000 ) ) ;
#1867 = LINE ( 'NONE', #1985, #144 ) ;
#1868 = DIRECTION ( 'NONE',  ( -0.3015113445777614087, -0.9045340337332923308, -0.3015113445777614087 ) ) ;
#1869 = ADVANCED_FACE ( 'NONE', ( #4015 ), #3768, .F. ) ;
#1870 = VECTOR ( 'NONE', #338, 1000.000000000000000 ) ;
#1871 = VERTEX_POINT ( 'NONE', #4082 ) ;
#1872 = EDGE_CURVE ( 'NONE', #4810, #3537, #3997, .T. ) ;
#1873 = CARTESIAN_POINT ( 'NONE',  ( -1.180000000000000604, 0.000000000000000000, 2.024999999999999023 ) ) ;
#1874 = FACE_OUTER_BOUND ( 'NONE', #3321, .T. ) ;
#1875 = DIRECTION ( 'NONE',  ( 1.233548213626064722E-31, 1.000000000000000000, 2.744815626545581052E-16 ) ) ;
#1876 = AXIS2_PLACEMENT_3D ( 'NONE', #3308, #3628, #4796 ) ;
#1877 = LINE ( 'NONE', #65, #456 ) ;
#1878 = DIRECTION ( 'NONE',  ( -1.233548213626064722E-31, 1.000000000000000000, -2.744815626545581052E-16 ) ) ;
#1879 = CARTESIAN_POINT ( 'NONE',  ( -4.175000000000000711, -1.199999999999997957, 2.784999999999999698 ) ) ;
#1880 = VECTOR ( 'NONE', #1796, 1000.000000000000000 ) ;
#1881 = AXIS2_PLACEMENT_3D ( 'NONE', #1553, #2269, #3068 ) ;
#1882 = LINE ( 'NONE', #2971, #284 ) ;
#1883 = CARTESIAN_POINT ( 'NONE',  ( -4.825000000000000178, -3.252606517456513302E-16, 1.585000000000002851 ) ) ;
#1884 = DIRECTION ( 'NONE',  ( 0.000000000000000000, 0.000000000000000000, -1.000000000000000000 ) ) ;
#1885 = CARTESIAN_POINT ( 'NONE',  ( -3.440000000000000391, 0.6699999999999997069, -0.9549999999999981837 ) ) ;
#1886 = ORIENTED_EDGE ( 'NONE', *, *, #3784, .F. ) ;
#1887 = PLANE ( 'NONE',  #4006 ) ;
#1888 = AXIS2_PLACEMENT_3D ( 'NONE', #1997, #4219, #4174 ) ;
#1889 = EDGE_LOOP ( 'NONE', ( #3573, #1335, #1395, #2817 ) ) ;
#1890 = FACE_OUTER_BOUND ( 'NONE', #1633, .T. ) ;
#1891 = EDGE_CURVE ( 'NONE', #521, #3978, #870, .T. ) ;
#1892 = AXIS2_PLACEMENT_3D ( 'NONE', #3683, #776, #4002 ) ;
#1893 = ORIENTED_EDGE ( 'NONE', *, *, #2062, .T. ) ;
#1894 = CARTESIAN_POINT ( 'NONE',  ( 1.179999999999999716, 0.6699999999999998179, 1.190000000000000169 ) ) ;
#1895 = CARTESIAN_POINT ( 'NONE',  ( 4.475000000000004086, -1.449999999999999956, 2.484999999999996323 ) ) ;
#1896 = EDGE_CURVE ( 'NONE', #3274, #3985, #2598, .T. ) ;
#1897 = CARTESIAN_POINT ( 'NONE',  ( 1.819999999999999618, -2.579999999999992966, -0.005000000000002567495 ) ) ;
#1898 = LINE ( 'NONE', #329, #3560 ) ;
#1899 = EDGE_LOOP ( 'NONE', ( #2533, #225, #2668, #750 ) ) ;
#1900 = VERTEX_POINT ( 'NONE', #437 ) ;
#1901 = DIRECTION ( 'NONE',  ( 0.000000000000000000, 1.000000000000000000, 0.000000000000000000 ) ) ;
#1902 = EDGE_CURVE ( 'NONE', #2908, #2613, #2491, .T. ) ;
#1903 = VECTOR ( 'NONE', #728, 1000.000000000000000 ) ;
#1904 = CARTESIAN_POINT ( 'NONE',  ( -3.440000000000000391, 0.6699999999999997069, 1.585000000000001963 ) ) ;
#1905 = CARTESIAN_POINT ( 'NONE',  ( -1.180000000000000604, 0.6699999999999997069, -0.9549999999999991829 ) ) ;
#1906 = ADVANCED_FACE ( 'NONE', ( #2422 ), #466, .F. ) ;
#1907 = CARTESIAN_POINT ( 'NONE',  ( -4.824999999999998401, 1.850000000000000089, 2.785000000000001030 ) ) ;
#1908 = ORIENTED_EDGE ( 'NONE', *, *, #4341, .F. ) ;
#1909 = ADVANCED_FACE ( 'NONE', ( #812 ), #2721, .T. ) ;
#1910 = FACE_OUTER_BOUND ( 'NONE', #1717, .T. ) ;
#1911 = EDGE_CURVE ( 'NONE', #3629, #3727, #2403, .T. ) ;
#1912 = CARTESIAN_POINT ( 'NONE',  ( 3.000000000000000000, 7.500000000000001776, 0.4349999999999987765 ) ) ;
#1913 = LINE ( 'NONE', #4558, #3478 ) ;
#1914 = CARTESIAN_POINT ( 'NONE',  ( -0.2300000000000001765, 3.300000000000000711, 1.584999999999999298 ) ) ;
#1915 = CARTESIAN_POINT ( 'NONE',  ( 3.425000000000000266, 9.900000000000000355, -0.9550000000000007372 ) ) ;
#1916 = ORIENTED_EDGE ( 'NONE', *, *, #3394, .F. ) ;
#1917 = CARTESIAN_POINT ( 'NONE',  ( 1.179999999999999716, -2.579999999999992966, 0.6349999999999983435 ) ) ;
#1918 = VECTOR ( 'NONE', #4549, 1000.000000000000000 ) ;
#1919 = EDGE_CURVE ( 'NONE', #614, #324, #3989, .T. ) ;
#1920 = VECTOR ( 'NONE', #4038, 1000.000000000000000 ) ;
#1921 = AXIS2_PLACEMENT_3D ( 'NONE', #849, #2345, #3740 ) ;
#1922 = ORIENTED_EDGE ( 'NONE', *, *, #4669, .T. ) ;
#1923 = DIRECTION ( 'NONE',  ( 0.000000000000000000, -0.7071067811865477948, -0.7071067811865473507 ) ) ;
#1924 = ORIENTED_EDGE ( 'NONE', *, *, #2534, .F. ) ;
#1925 = DIRECTION ( 'NONE',  ( -1.000000000000000000, 0.000000000000000000, -9.276596128218219609E-16 ) ) ;
#1926 = ORIENTED_EDGE ( 'NONE', *, *, #2036, .T. ) ;
#1927 = VECTOR ( 'NONE', #1361, 1000.000000000000000 ) ;
#1928 = DIRECTION ( 'NONE',  ( 1.233548213626064722E-31, 1.000000000000000000, 2.744815626545581052E-16 ) ) ;
#1929 = VERTEX_POINT ( 'NONE', #1181 ) ;
#1930 = PLANE ( 'NONE',  #563 ) ;
#1931 = VECTOR ( 'NONE', #1329, 1000.000000000000000 ) ;
#1932 = PLANE ( 'NONE',  #4747 ) ;
#1933 = DIRECTION ( 'NONE',  ( -2.247051134684983870E-16, 0.000000000000000000, 1.000000000000000000 ) ) ;
#1934 = DIRECTION ( 'NONE',  ( 0.000000000000000000, 0.000000000000000000, -1.000000000000000000 ) ) ;
#1935 = CARTESIAN_POINT ( 'NONE',  ( -0.2300000000000001765, 3.300000000000000711, 1.584999999999999298 ) ) ;
#1936 = ORIENTED_EDGE ( 'NONE', *, *, #2036, .F. ) ;
#1937 = VERTEX_POINT ( 'NONE', #1879 ) ;
#1938 = ORIENTED_EDGE ( 'NONE', *, *, #1748, .T. ) ;
#1939 = LINE ( 'NONE', #1561, #1958 ) ;
#1940 = VECTOR ( 'NONE', #475, 1000.000000000000000 ) ;
#1941 = EDGE_CURVE ( 'NONE', #527, #505, #4100, .T. ) ;
#1942 = ADVANCED_FACE ( 'NONE', ( #4166 ), #2688, .F. ) ;
#1943 = CARTESIAN_POINT ( 'NONE',  ( 2.770000000000000018, 3.300000000000000711, -0.9550000000000007372 ) ) ;
#1944 = DIRECTION ( 'NONE',  ( 0.000000000000000000, -1.801998070613027504E-16, 1.000000000000000000 ) ) ;
#1945 = VECTOR ( 'NONE', #1542, 1000.000000000000000 ) ;
#1946 = PLANE ( 'NONE',  #3945 ) ;
#1947 = VERTEX_POINT ( 'NONE', #3375 ) ;
#1948 = DIRECTION ( 'NONE',  ( 2.247051134684983870E-16, 0.000000000000000000, -1.000000000000000000 ) ) ;
#1949 = EDGE_CURVE ( 'NONE', #743, #1506, #856, .T. ) ;
#1950 = ADVANCED_FACE ( 'NONE', ( #2413 ), #3714, .F. ) ;
#1951 = ORIENTED_EDGE ( 'NONE', *, *, #2234, .T. ) ;
#1952 = EDGE_CURVE ( 'NONE', #317, #2208, #2456, .T. ) ;
#1953 = VERTEX_POINT ( 'NONE', #110 ) ;
#1954 = DIRECTION ( 'NONE',  ( 0.000000000000000000, -0.3162277660168354432, -0.9486832980505146562 ) ) ;
#1955 = ORIENTED_EDGE ( 'NONE', *, *, #445, .F. ) ;
#1956 = VERTEX_POINT ( 'NONE', #4313 ) ;
#1957 = CARTESIAN_POINT ( 'NONE',  ( 3.425000000000001155, 8.499999999999994671, 1.044999999999999041 ) ) ;
#1958 = VECTOR ( 'NONE', #1925, 1000.000000000000000 ) ;
#1959 = CARTESIAN_POINT ( 'NONE',  ( -0.2300000000000001765, 9.900000000000000355, -0.9550000000000007372 ) ) ;
#1960 = ORIENTED_EDGE ( 'NONE', *, *, #2046, .F. ) ;
#1961 = EDGE_CURVE ( 'NONE', #2004, #1929, #4122, .T. ) ;
#1962 = ORIENTED_EDGE ( 'NONE', *, *, #3405, .T. ) ;
#1963 = DIRECTION ( 'NONE',  ( 0.000000000000000000, 1.000000000000000000, 1.801998070613027504E-16 ) ) ;
#1964 = DIRECTION ( 'NONE',  ( 1.000000000000000000, -0.000000000000000000, -4.494102269369967741E-16 ) ) ;
#1965 = CARTESIAN_POINT ( 'NONE',  ( -3.889999999999998348, 1.850000000000000089, 2.784999999999999698 ) ) ;
#1966 = DIRECTION ( 'NONE',  ( 0.000000000000000000, 2.744815626545581052E-16, -1.000000000000000000 ) ) ;
#1967 = EDGE_LOOP ( 'NONE', ( #809, #2113, #3947, #4383, #746, #602, #2266, #4620, #4428, #3804, #2425, #3814 ) ) ;
#1968 = EDGE_CURVE ( 'NONE', #3227, #2299, #2501, .T. ) ;
#1969 = ORIENTED_EDGE ( 'NONE', *, *, #4800, .T. ) ;
#1970 = FACE_OUTER_BOUND ( 'NONE', #58, .T. ) ;
#1971 = DIRECTION ( 'NONE',  ( 0.000000000000000000, -0.000000000000000000, 1.000000000000000000 ) ) ;
#1972 = DIRECTION ( 'NONE',  ( 1.000000000000000000, -0.000000000000000000, -4.494102269369967741E-16 ) ) ;
#1973 = DIRECTION ( 'NONE',  ( 0.000000000000000000, -1.000000000000000000, -1.801998070613027504E-16 ) ) ;
#1974 = CARTESIAN_POINT ( 'NONE',  ( 3.425000000000000266, 9.900000000000000355, -0.9550000000000007372 ) ) ;
#1975 = CARTESIAN_POINT ( 'NONE',  ( -3.890000000000000124, 1.269999999999999796, 1.190000000000002389 ) ) ;
#1976 = VERTEX_POINT ( 'NONE', #1736 ) ;
#1977 = CARTESIAN_POINT ( 'NONE',  ( 4.824999999999999289, 9.900000000000000355, -1.584999999999999964 ) ) ;
#1978 = ORIENTED_EDGE ( 'NONE', *, *, #3766, .T. ) ;
#1979 = EDGE_CURVE ( 'NONE', #3011, #2546, #4059, .T. ) ;
#1980 = LINE ( 'NONE', #222, #2091 ) ;
#1981 = AXIS2_PLACEMENT_3D ( 'NONE', #1619, #2356, #3467 ) ;
#1982 = ADVANCED_FACE ( 'NONE', ( #921 ), #4091, .F. ) ;
#1983 = ORIENTED_EDGE ( 'NONE', *, *, #3286, .F. ) ;
#1984 = EDGE_LOOP ( 'NONE', ( #551, #3938, #4391, #4083, #2477, #3749, #4456, #1262, #347, #2739, #3995, #1962, #4464, #2448 ) ) ;
#1985 = CARTESIAN_POINT ( 'NONE',  ( 3.424999999999999822, 9.900000000000000355, -1.584999999999999520 ) ) ;
#1986 = ORIENTED_EDGE ( 'NONE', *, *, #533, .T. ) ;
#1987 = SURFACE_SIDE_STYLE ('',( #3933 ) ) ;
#1988 = CARTESIAN_POINT ( 'NONE',  ( 1.179999999999999716, 0.6699999999999998179, -0.5599999999999976108 ) ) ;
#1989 = ORIENTED_EDGE ( 'NONE', *, *, #683, .F. ) ;
#1990 = ORIENTED_EDGE ( 'NONE', *, *, #1911, .T. ) ;
#1991 = VECTOR ( 'NONE', #4411, 1000.000000000000000 ) ;
#1992 = MANIFOLD_SOLID_BREP ( 'Chamfer5', #757 ) ;
#1993 = ORIENTED_EDGE ( 'NONE', *, *, #3142, .T. ) ;
#1994 = EDGE_CURVE ( 'NONE', #2131, #4019, #2656, .T. ) ;
#1995 = ORIENTED_EDGE ( 'NONE', *, *, #1839, .T. ) ;
#1996 = VECTOR ( 'NONE', #1849, 1000.000000000000000 ) ;
#1997 = CARTESIAN_POINT ( 'NONE',  ( 0.000000000000000000, 0.000000000000000000, 2.774999999999999467 ) ) ;
#1998 = PLANE ( 'NONE',  #1776 ) ;
#1999 = ORIENTED_EDGE ( 'NONE', *, *, #2295, .T. ) ;
#2000 = ORIENTED_EDGE ( 'NONE', *, *, #48, .T. ) ;
#2001 = ORIENTED_EDGE ( 'NONE', *, *, #513, .F. ) ;
#2002 = EDGE_CURVE ( 'NONE', #4167, #4752, #2611, .T. ) ;
#2003 = FACE_OUTER_BOUND ( 'NONE', #834, .T. ) ;
#2004 = VERTEX_POINT ( 'NONE', #4347 ) ;
#2005 = DIRECTION ( 'NONE',  ( 0.000000000000000000, -1.000000000000000000, -1.807003620809173892E-16 ) ) ;
#2006 = DIRECTION ( 'NONE',  ( 0.000000000000000000, 0.000000000000000000, 1.000000000000000000 ) ) ;
#2007 = ORIENTED_EDGE ( 'NONE', *, *, #4570, .F. ) ;
#2008 =( NAMED_UNIT ( * ) PLANE_ANGLE_UNIT ( ) SI_UNIT ( $, .RADIAN. ) );
#2009 = VECTOR ( 'NONE', #4529, 1000.000000000000000 ) ;
#2010 = CARTESIAN_POINT ( 'NONE',  ( -4.825000000000000178, 1.269999999999999796, 1.190000000000002389 ) ) ;
#2011 = EDGE_CURVE ( 'NONE', #2122, #3772, #4340, .T. ) ;
#2012 = ADVANCED_FACE ( 'NONE', ( #4276 ), #141, .F. ) ;
#2013 = FACE_OUTER_BOUND ( 'NONE', #484, .T. ) ;
#2014 = ORIENTED_EDGE ( 'NONE', *, *, #1273, .T. ) ;
#2015 = ORIENTED_EDGE ( 'NONE', *, *, #711, .T. ) ;
#2016 = EDGE_LOOP ( 'NONE', ( #417, #2023, #2712, #4156 ) ) ;
#2017 = CARTESIAN_POINT ( 'NONE',  ( 3.425000000000000266, 8.499999999999994671, -0.9550000000000007372 ) ) ;
#2018 = LINE ( 'NONE', #174, #350 ) ;
#2019 = CARTESIAN_POINT ( 'NONE',  ( -3.425000000000001155, 9.900000000000000355, 1.044999999999999041 ) ) ;
#2020 = CARTESIAN_POINT ( 'NONE',  ( 3.890000000000000124, 0.000000000000000000, -1.584999999999999964 ) ) ;
#2021 = SURFACE_SIDE_STYLE ('',( #1016 ) ) ;
#2022 = EDGE_CURVE ( 'NONE', #2299, #3529, #1129, .T. ) ;
#2023 = ORIENTED_EDGE ( 'NONE', *, *, #4503, .F. ) ;
#2024 = ORIENTED_EDGE ( 'NONE', *, *, #2254, .F. ) ;
#2025 = CARTESIAN_POINT ( 'NONE',  ( 3.424999999999999822, 9.900000000000000355, -1.584999999999999520 ) ) ;
#2026 = CARTESIAN_POINT ( 'NONE',  ( 4.475000000000004086, -1.449999999999999956, 0.000000000000000000 ) ) ;
#2027 = PLANE ( 'NONE',  #4742 ) ;
#2028 = LINE ( 'NONE', #4440, #3651 ) ;
#2029 = AXIS2_PLACEMENT_3D ( 'NONE', #829, #1192, #3071 ) ;
#2030 = VERTEX_POINT ( 'NONE', #2439 ) ;
#2031 = AXIS2_PLACEMENT_3D ( 'NONE', #3235, #3514, #1450 ) ;
#2032 = CARTESIAN_POINT ( 'NONE',  ( -3.425000000000000266, 9.900000000000000355, 1.044999999999999041 ) ) ;
#2033 = EDGE_LOOP ( 'NONE', ( #2363, #994, #4239, #3992 ) ) ;
#2034 = EDGE_LOOP ( 'NONE', ( #1811, #235, #3385, #3620 ) ) ;
#2035 = ORIENTED_EDGE ( 'NONE', *, *, #76, .F. ) ;
#2036 = EDGE_CURVE ( 'NONE', #1011, #3917, #4189, .T. ) ;
#2037 = CARTESIAN_POINT ( 'NONE',  ( 1.300000000000000044, 6.899999999999999467, -2.085000000000000853 ) ) ;
#2038 = VERTEX_POINT ( 'NONE', #3130 ) ;
#2039 = DIRECTION ( 'NONE',  ( -0.000000000000000000, -0.000000000000000000, 1.000000000000000000 ) ) ;
#2040 = DIRECTION ( 'NONE',  ( -0.000000000000000000, -1.000000000000000000, -0.000000000000000000 ) ) ;
#2041 = ORIENTED_EDGE ( 'NONE', *, *, #2743, .T. ) ;
#2042 = CARTESIAN_POINT ( 'NONE',  ( 3.440000000000000391, 0.6699999999999998179, -0.5599999999999976108 ) ) ;
#2043 = LINE ( 'NONE', #3533, #3566 ) ;
#2044 = AXIS2_PLACEMENT_3D ( 'NONE', #4192, #3703, #4519 ) ;
#2045 = ORIENTED_EDGE ( 'NONE', *, *, #1465, .F. ) ;
#2046 = EDGE_CURVE ( 'NONE', #3816, #2583, #2644, .T. ) ;
#2047 = ORIENTED_EDGE ( 'NONE', *, *, #917, .F. ) ;
#2048 = DIRECTION ( 'NONE',  ( 0.000000000000000000, 0.000000000000000000, 1.000000000000000000 ) ) ;
#2049 = AXIS2_PLACEMENT_3D ( 'NONE', #4076, #1875, #3315 ) ;
#2050 = LINE ( 'NONE', #3218, #3585 ) ;
#2051 = DIRECTION ( 'NONE',  ( 4.494102269369967741E-16, 3.236424395479118258E-16, 1.000000000000000000 ) ) ;
#2052 =( NAMED_UNIT ( * ) PLANE_ANGLE_UNIT ( ) SI_UNIT ( $, .RADIAN. ) );
#2053 = ADVANCED_FACE ( 'NONE', ( #4229 ), #912, .F. ) ;
#2054 = EDGE_CURVE ( 'NONE', #469, #4044, #2665, .T. ) ;
#2055 = ORIENTED_EDGE ( 'NONE', *, *, #3055, .T. ) ;
#2056 = ORIENTED_EDGE ( 'NONE', *, *, #1110, .T. ) ;
#2057 = ORIENTED_EDGE ( 'NONE', *, *, #488, .F. ) ;
#2058 = VECTOR ( 'NONE', #2838, 1000.000000000000000 ) ;
#2059 = CARTESIAN_POINT ( 'NONE',  ( 0.000000000000000000, 1.850000000000000089, 0.000000000000000000 ) ) ;
#2060 = CARTESIAN_POINT ( 'NONE',  ( 1.499999999999999556, 8.300000000000000711, 2.274999999999999467 ) ) ;
#2061 = VERTEX_POINT ( 'NONE', #1327 ) ;
#2062 = EDGE_CURVE ( 'NONE', #2862, #1863, #4254, .T. ) ;
#2063 = DIRECTION ( 'NONE',  ( 0.000000000000000000, -4.013177737926092743E-16, -1.000000000000000000 ) ) ;
#2064 = ORIENTED_EDGE ( 'NONE', *, *, #1798, .T. ) ;
#2065 = ORIENTED_EDGE ( 'NONE', *, *, #1643, .F. ) ;
#2066 = VERTEX_POINT ( 'NONE', #2836 ) ;
#2067 = EDGE_CURVE ( 'NONE', #4537, #3312, #4346, .T. ) ;
#2068 = ORIENTED_EDGE ( 'NONE', *, *, #611, .T. ) ;
#2069 = CARTESIAN_POINT ( 'NONE',  ( -1.238181818181817828, -2.754545454545446415, 0.5768181818181810083 ) ) ;
#2070 = CARTESIAN_POINT ( 'NONE',  ( 1.499999999999998668, 1.849999999999999201, 2.774999999999999467 ) ) ;
#2071 = ORIENTED_EDGE ( 'NONE', *, *, #1514, .T. ) ;
#2072 = CARTESIAN_POINT ( 'NONE',  ( -4.825000000000000178, 0.6699999999999997069, 1.585000000000002629 ) ) ;
#2073 = LINE ( 'NONE', #2223, #410 ) ;
#2074 = VERTEX_POINT ( 'NONE', #4684 ) ;
#2075 = ORIENTED_EDGE ( 'NONE', *, *, #4772, .T. ) ;
#2076 = EDGE_LOOP ( 'NONE', ( #4003, #2320, #3722, #2420 ) ) ;
#2077 = EDGE_CURVE ( 'NONE', #413, #401, #983, .T. ) ;
#2078 = CARTESIAN_POINT ( 'NONE',  ( -1.820000000000000506, 0.6699999999999997069, -0.9549999999999988498 ) ) ;
#2079 = CARTESIAN_POINT ( 'NONE',  ( 1.819999999999999618, -1.448757163391319161E-15, -1.584999999999999964 ) ) ;
#2080 = ADVANCED_FACE ( 'NONE', ( #4199 ), #4802, .T. ) ;
#2081 = DIRECTION ( 'NONE',  ( 4.336808689942017736E-16, -0.000000000000000000, -1.000000000000000000 ) ) ;
#2082 = AXIS2_PLACEMENT_3D ( 'NONE', #4120, #781, #1547 ) ;
#2083 = CARTESIAN_POINT ( 'NONE',  ( -0.5000000000000000000, 8.300000000000000711, 2.774999999999999467 ) ) ;
#2084 = DIRECTION ( 'NONE',  ( -0.000000000000000000, -1.000000000000000000, -0.000000000000000000 ) ) ;
#2085 = CARTESIAN_POINT ( 'NONE',  ( -4.825000000000001066, -1.199999999999997957, 1.884999999999999787 ) ) ;
#2086 = LINE ( 'NONE', #86, #458 ) ;
#2087 = DIRECTION ( 'NONE',  ( -2.247051134684983870E-16, 0.000000000000000000, 1.000000000000000000 ) ) ;
#2088 = ORIENTED_EDGE ( 'NONE', *, *, #1273, .F. ) ;
#2089 = ORIENTED_EDGE ( 'NONE', *, *, #3901, .F. ) ;
#2090 = EDGE_CURVE ( 'NONE', #3527, #2505, #2623, .T. ) ;
#2091 = VECTOR ( 'NONE', #1007, 1000.000000000000000 ) ;
#2092 = AXIS2_PLACEMENT_3D ( 'NONE', #1606, #4292, #1545 ) ;
#2093 = ADVANCED_FACE ( 'NONE', ( #4375 ), #4469, .T. ) ;
#2094 = CARTESIAN_POINT ( 'NONE',  ( -1.180000000000000604, -2.579999999999992966, -0.005000000000002567495 ) ) ;
#2095 = DIRECTION ( 'NONE',  ( -5.954428407243046206E-16, 0.000000000000000000, -1.000000000000000000 ) ) ;
#2096 = DIRECTION ( 'NONE',  ( 0.000000000000000000, 0.000000000000000000, 1.000000000000000000 ) ) ;
#2097 = CARTESIAN_POINT ( 'NONE',  ( -1.820000000000000506, 6.899999999999995026, 0.6349999999999992317 ) ) ;
#2098 = VERTEX_POINT ( 'NONE', #248 ) ;
#2099 = CARTESIAN_POINT ( 'NONE',  ( 2.814175257731957647, -0.06597938144329912324, 4.145824742268040985 ) ) ;
#2100 = FACE_OUTER_BOUND ( 'NONE', #3990, .T. ) ;
#2101 = EDGE_LOOP ( 'NONE', ( #3410, #109, #3288, #1548, #277, #3999, #4157, #333, #2580, #1107, #218, #3614, #4279, #3437, #210, #3492, #286, #1160 ) ) ;
#2102 = CARTESIAN_POINT ( 'NONE',  ( -4.825000000000001066, -3.252606517456513302E-16, -0.9549999999999976286 ) ) ;
#2103 = ORIENTED_EDGE ( 'NONE', *, *, #1844, .T. ) ;
#2104 = DIRECTION ( 'NONE',  ( 0.000000000000000000, 0.000000000000000000, 1.000000000000000000 ) ) ;
#2105 = CARTESIAN_POINT ( 'NONE',  ( -1.820000000000000506, -1.765798204687471745E-16, 1.585000000000001297 ) ) ;
#2106 = ORIENTED_EDGE ( 'NONE', *, *, #2666, .T. ) ;
#2107 = AXIS2_PLACEMENT_3D ( 'NONE', #2059, #2938, #2855 ) ;
#2108 = DIRECTION ( 'NONE',  ( 0.000000000000000000, 0.000000000000000000, -1.000000000000000000 ) ) ;
#2109 = PLANE ( 'NONE',  #408 ) ;
#2110 = EDGE_CURVE ( 'NONE', #543, #2342, #1063, .T. ) ;
#2111 = LINE ( 'NONE', #811, #546 ) ;
#2112 = EDGE_LOOP ( 'NONE', ( #3489, #2594, #4767 ) ) ;
#2113 = ORIENTED_EDGE ( 'NONE', *, *, #48, .F. ) ;
#2114 = ORIENTED_EDGE ( 'NONE', *, *, #3142, .F. ) ;
#2115 = CARTESIAN_POINT ( 'NONE',  ( 1.819999999999999618, -1.448757163391319161E-15, -1.584999999999999964 ) ) ;
#2116 = EDGE_CURVE ( 'NONE', #735, #3272, #1072, .T. ) ;
#2117 = CARTESIAN_POINT ( 'NONE',  ( 3.440000000000001279, 0.6699999999999998179, 1.190000000000002611 ) ) ;
#2118 = CARTESIAN_POINT ( 'NONE',  ( -1.180000000000000604, 0.000000000000000000, 2.024999999999999023 ) ) ;
#2119 = PLANE ( 'NONE',  #1165 ) ;
#2120 = DIRECTION ( 'NONE',  ( 4.494102269369967741E-16, 3.236424395479118258E-16, 1.000000000000000000 ) ) ;
#2121 = ORIENTED_EDGE ( 'NONE', *, *, #2981, .T. ) ;
#2122 = VERTEX_POINT ( 'NONE', #4000 ) ;
#2123 = ORIENTED_EDGE ( 'NONE', *, *, #4518, .F. ) ;
#2124 = EDGE_CURVE ( 'NONE', #2968, #3271, #1158, .T. ) ;
#2125 = CARTESIAN_POINT ( 'NONE',  ( -0.2300000000000001765, 3.300000000000000711, -0.9550000000000007372 ) ) ;
#2126 = DIRECTION ( 'NONE',  ( 1.000000000000000000, -0.000000000000000000, -4.494102269369967741E-16 ) ) ;
#2127 = LINE ( 'NONE', #3737, #3659 ) ;
#2128 = CARTESIAN_POINT ( 'NONE',  ( 3.425000000000000266, 8.499999999999994671, -0.9550000000000007372 ) ) ;
#2129 = EDGE_LOOP ( 'NONE', ( #3091, #573, #3857, #3928, #2812, #636, #615, #652, #2343, #2765, #4544, #2375, #2186, #4058, #4047, #2189 ) ) ;
#2130 = DIRECTION ( 'NONE',  ( 0.000000000000000000, 2.744815626545581052E-16, -1.000000000000000000 ) ) ;
#2131 = VERTEX_POINT ( 'NONE', #276 ) ;
#2132 = EDGE_LOOP ( 'NONE', ( #1916, #1838, #3135, #1817, #2057 ) ) ;
#2133 = ADVANCED_FACE ( 'NONE', ( #2693 ), #1086, .F. ) ;
#2134 = EDGE_CURVE ( 'NONE', #85, #1154, #4284, .T. ) ;
#2135 = EDGE_LOOP ( 'NONE', ( #852, #2330, #774, #672 ) ) ;
#2136 = ORIENTED_EDGE ( 'NONE', *, *, #429, .F. ) ;
#2137 = DIRECTION ( 'NONE',  ( 0.000000000000000000, 1.000000000000000000, 0.000000000000000000 ) ) ;
#2138 = CARTESIAN_POINT ( 'NONE',  ( -3.889999999999998348, 0.000000000000000000, 2.024999999999999023 ) ) ;
#2139 = ORIENTED_EDGE ( 'NONE', *, *, #1941, .F. ) ;
#2140 = CARTESIAN_POINT ( 'NONE',  ( 3.890000000000000124, 1.850000000000000089, 2.784999999999998810 ) ) ;
#2141 = DIRECTION ( 'NONE',  ( -1.000000000000000000, 0.000000000000000000, -0.000000000000000000 ) ) ;
#2142 = LINE ( 'NONE', #156, #575 ) ;
#2143 =( GEOMETRIC_REPRESENTATION_CONTEXT ( 3 ) GLOBAL_UNCERTAINTY_ASSIGNED_CONTEXT ( ( #818 ) ) GLOBAL_UNIT_ASSIGNED_CONTEXT ( ( #3157, #172, #3502 ) ) REPRESENTATION_CONTEXT ( 'NONE', 'WORKASPACE' ) );
#2144 = VERTEX_POINT ( 'NONE', #304 ) ;
#2145 = EDGE_LOOP ( 'NONE', ( #3109, #1306, #2608, #1035 ) ) ;
#2146 = PLANE ( 'NONE',  #4385 ) ;
#2147 = DIRECTION ( 'NONE',  ( 0.000000000000000000, 1.000000000000000000, -3.236424395479118258E-16 ) ) ;
#2148 = DIRECTION ( 'NONE',  ( -0.000000000000000000, -0.000000000000000000, 1.000000000000000000 ) ) ;
#2149 = DIRECTION ( 'NONE',  ( -1.000000000000000000, 0.000000000000000000, -0.000000000000000000 ) ) ;
#2150 = EDGE_LOOP ( 'NONE', ( #4017, #2350, #1733, #555 ) ) ;
#2151 = EDGE_CURVE ( 'NONE', #889, #911, #4354, .T. ) ;
#2152 = EDGE_LOOP ( 'NONE', ( #254, #478, #1924, #779 ) ) ;
#2153 =( GEOMETRIC_REPRESENTATION_CONTEXT ( 3 ) GLOBAL_UNCERTAINTY_ASSIGNED_CONTEXT ( ( #554 ) ) GLOBAL_UNIT_ASSIGNED_CONTEXT ( ( #3948, #4666, #3910 ) ) REPRESENTATION_CONTEXT ( 'NONE', 'WORKASPACE' ) );
#2154 = ORIENTED_EDGE ( 'NONE', *, *, #4341, .T. ) ;
#2155 = DIRECTION ( 'NONE',  ( 0.000000000000000000, -1.000000000000000000, 0.000000000000000000 ) ) ;
#2156 = DIRECTION ( 'NONE',  ( -0.000000000000000000, 1.000000000000000000, -0.000000000000000000 ) ) ;
#2157 = PLANE ( 'NONE',  #1672 ) ;
#2158 = ORIENTED_EDGE ( 'NONE', *, *, #4455, .T. ) ;
#2159 = ORIENTED_EDGE ( 'NONE', *, *, #4565, .T. ) ;
#2160 = ADVANCED_FACE ( 'NONE', ( #1105 ), #663, .T. ) ;
#2161 = EDGE_LOOP ( 'NONE', ( #3972, #2814, #928, #3830 ) ) ;
#2162 = DIRECTION ( 'NONE',  ( 0.000000000000000000, 0.000000000000000000, 1.000000000000000000 ) ) ;
#2163 = ORIENTED_EDGE ( 'NONE', *, *, #2116, .T. ) ;
#2164 = EDGE_LOOP ( 'NONE', ( #3763, #1893, #192, #1852 ) ) ;
#2165 = EDGE_CURVE ( 'NONE', #2177, #1675, #1164, .T. ) ;
#2166 = DIRECTION ( 'NONE',  ( -2.247051134684983870E-16, -2.744815626545581052E-16, -1.000000000000000000 ) ) ;
#2167 = DIRECTION ( 'NONE',  ( -0.000000000000000000, 1.000000000000000000, -0.000000000000000000 ) ) ;
#2168 = LINE ( 'NONE', #1637, #2181 ) ;
#2169 = ORIENTED_EDGE ( 'NONE', *, *, #1551, .T. ) ;
#2170 = EDGE_CURVE ( 'NONE', #1118, #1976, #2775, .T. ) ;
#2171 = VERTEX_POINT ( 'NONE', #3599 ) ;
#2172 = ORIENTED_EDGE ( 'NONE', *, *, #1314, .T. ) ;
#2173 = DIRECTION ( 'NONE',  ( -1.344746880602175966E-16, 1.000000000000000000, 0.000000000000000000 ) ) ;
#2174 = PLANE ( 'NONE',  #2964 ) ;
#2175 = DIRECTION ( 'NONE',  ( 0.000000000000000000, 1.000000000000000000, 0.000000000000000000 ) ) ;
#2176 = CARTESIAN_POINT ( 'NONE',  ( 1.179999999999999716, 7.500000000000001776, -0.005000000000000663636 ) ) ;
#2177 = VERTEX_POINT ( 'NONE', #4715 ) ;
#2178 = EDGE_CURVE ( 'NONE', #823, #2177, #2724, .T. ) ;
#2179 = CLOSED_SHELL ( 'NONE', ( #594, #2996, #4720, #2961, #3424, #3296, #2615, #3998, #1950, #4244 ) ) ;
#2180 = ORIENTED_EDGE ( 'NONE', *, *, #2844, .F. ) ;
#2181 = VECTOR ( 'NONE', #1964, 1000.000000000000000 ) ;
#2182 = CARTESIAN_POINT ( 'NONE',  ( 4.825000000000000178, 0.6699999999999997069, 1.584999999999998410 ) ) ;
#2183 = DIRECTION ( 'NONE',  ( 0.000000000000000000, 1.000000000000000000, 0.000000000000000000 ) ) ;
#2184 = VERTEX_POINT ( 'NONE', #2599 ) ;
#2185 = CARTESIAN_POINT ( 'NONE',  ( 2.770000000000000018, 3.300000000000000711, 1.584999999999999298 ) ) ;
#2186 = ORIENTED_EDGE ( 'NONE', *, *, #778, .T. ) ;
#2187 = VERTEX_POINT ( 'NONE', #4112 ) ;
#2188 = EDGE_CURVE ( 'NONE', #2678, #841, #2732, .T. ) ;
#2189 = ORIENTED_EDGE ( 'NONE', *, *, #3773, .T. ) ;
#2190 = ORIENTED_EDGE ( 'NONE', *, *, #1053, .F. ) ;
#2191 = CARTESIAN_POINT ( 'NONE',  ( 4.825000000000000178, -1.199999999999997957, 2.784999999999999698 ) ) ;
#2192 = ADVANCED_FACE ( 'NONE', ( #1259 ), #598, .T. ) ;
#2193 = EDGE_CURVE ( 'NONE', #1591, #4073, #2795, .T. ) ;
#2194 = LINE ( 'NONE', #165, #3796 ) ;
#2195 = AXIS2_PLACEMENT_3D ( 'NONE', #4451, #321, #352 ) ;
#2196 = VECTOR ( 'NONE', #3925, 1000.000000000000000 ) ;
#2197 = ORIENTED_EDGE ( 'NONE', *, *, #4129, .F. ) ;
#2198 = ORIENTED_EDGE ( 'NONE', *, *, #3305, .F. ) ;
#2199 = EDGE_LOOP ( 'NONE', ( #1683, #3297, #3, #2572 ) ) ;
#2200 = CARTESIAN_POINT ( 'NONE',  ( 1.819999999999999618, 0.000000000000000000, 2.024999999999999023 ) ) ;
#2201 = PLANE ( 'NONE',  #424 ) ;
#2202 = LINE ( 'NONE', #2761, #3871 ) ;
#2203 = PLANE ( 'NONE',  #4726 ) ;
#2204 = DIRECTION ( 'NONE',  ( 0.4619344188369661763, 0.000000000000000000, -0.8869140841669808095 ) ) ;
#2205 = LINE ( 'NONE', #3625, #3905 ) ;
#2206 = CARTESIAN_POINT ( 'NONE',  ( 3.000000000000000000, 3.300000000000000711, 0.000000000000000000 ) ) ;
#2207 = EDGE_LOOP ( 'NONE', ( #3330, #1827, #1692, #230 ) ) ;
#2208 = VERTEX_POINT ( 'NONE', #4246 ) ;
#2209 = VECTOR ( 'NONE', #1868, 1000.000000000000114 ) ;
#2210 = CARTESIAN_POINT ( 'NONE',  ( -5.335927835051545998, -0.7742268041237121423, 1.374072164948455077 ) ) ;
#2211 = VECTOR ( 'NONE', #427, 1000.000000000000000 ) ;
#2212 = DIRECTION ( 'NONE',  ( -4.494102269369967741E-16, 1.618212197739559129E-16, -1.000000000000000000 ) ) ;
#2213 = AXIS2_PLACEMENT_3D ( 'NONE', #2354, #163, #1188 ) ;
#2214 = CARTESIAN_POINT ( 'NONE',  ( 3.890000000000000124, 0.6699999999999998179, 1.190000000000002611 ) ) ;
#2215 = ORIENTED_EDGE ( 'NONE', *, *, #2564, .T. ) ;
#2216 = CARTESIAN_POINT ( 'NONE',  ( -1.472727272727275105, 7.941818181818179667, 0.3422727272727250081 ) ) ;
#2217 = ORIENTED_EDGE ( 'NONE', *, *, #3912, .F. ) ;
#2218 = EDGE_CURVE ( 'NONE', #4171, #4296, #1215, .T. ) ;
#2219 = LINE ( 'NONE', #385, #3785 ) ;
#2220 = LINE ( 'NONE', #3193, #630 ) ;
#2221 = DIRECTION ( 'NONE',  ( -0.000000000000000000, -0.7682212795973767383, -0.6401843996644788204 ) ) ;
#2222 = ORIENTED_EDGE ( 'NONE', *, *, #4258, .F. ) ;
#2223 = CARTESIAN_POINT ( 'NONE',  ( -4.824999999999998401, 0.000000000000000000, 2.785000000000001030 ) ) ;
#2224 = ORIENTED_EDGE ( 'NONE', *, *, #4673, .F. ) ;
#2225 = DIRECTION ( 'NONE',  ( 0.000000000000000000, 1.000000000000000000, 0.000000000000000000 ) ) ;
#2226 = DIRECTION ( 'NONE',  ( 0.000000000000000000, 0.000000000000000000, -1.000000000000000000 ) ) ;
#2227 = EDGE_CURVE ( 'NONE', #3936, #2184, #1305, .T. ) ;
#2228 = ORIENTED_EDGE ( 'NONE', *, *, #228, .T. ) ;
#2229 = ADVANCED_FACE ( 'NONE', ( #4418 ), #2338, .F. ) ;
#2230 = CARTESIAN_POINT ( 'NONE',  ( -4.825000000000000178, 0.6699999999999998179, 1.190000000000002611 ) ) ;
#2231 = FACE_OUTER_BOUND ( 'NONE', #4168, .T. ) ;
#2232 = CARTESIAN_POINT ( 'NONE',  ( 1.380000000000000115, 7.500000000000001776, 0.000000000000000000 ) ) ;
#2233 = DIRECTION ( 'NONE',  ( 0.000000000000000000, -1.000000000000000000, -1.618212197739559129E-16 ) ) ;
#2234 = EDGE_CURVE ( 'NONE', #2959, #430, #4478, .T. ) ;
#2235 = FACE_OUTER_BOUND ( 'NONE', #36, .T. ) ;
#2236 = DIRECTION ( 'NONE',  ( 0.000000000000000000, 1.000000000000000000, 0.000000000000000000 ) ) ;
#2237 = VERTEX_POINT ( 'NONE', #3870 ) ;
#2238 = COLOUR_RGB ( '',0.7921568627450980005, 0.8196078431372548767, 0.9333333333333333481 ) ;
#2239 = ORIENTED_EDGE ( 'NONE', *, *, #3723, .F. ) ;
#2240 = ORIENTED_EDGE ( 'NONE', *, *, #2666, .F. ) ;
#2241 = VECTOR ( 'NONE', #621, 1000.000000000000000 ) ;
#2242 = CARTESIAN_POINT ( 'NONE',  ( 0.000000000000000000, 1.699999999999999956, 2.024999999999999023 ) ) ;
#2243 = LINE ( 'NONE', #4749, #638 ) ;
#2244 = DIRECTION ( 'NONE',  ( 0.000000000000000000, 0.000000000000000000, 1.000000000000000000 ) ) ;
#2245 = EDGE_CURVE ( 'NONE', #3984, #2074, #1205, .T. ) ;
#2246 = CARTESIAN_POINT ( 'NONE',  ( 1.819999999999999618, 0.6699999999999998179, 1.190000000000002611 ) ) ;
#2247 = VECTOR ( 'NONE', #3160, 1000.000000000000000 ) ;
#2248 = ORIENTED_EDGE ( 'NONE', *, *, #1589, .T. ) ;
#2249 = PLANE ( 'NONE',  #3063 ) ;
#2250 = VECTOR ( 'NONE', #2763, 1000.000000000000000 ) ;
#2251 = VECTOR ( 'NONE', #1791, 1000.000000000000000 ) ;
#2252 = LINE ( 'NONE', #4581, #2291 ) ;
#2253 = ORIENTED_EDGE ( 'NONE', *, *, #2463, .T. ) ;
#2254 = EDGE_CURVE ( 'NONE', #285, #3428, #4438, .T. ) ;
#2255 = CARTESIAN_POINT ( 'NONE',  ( 1.819999999999999618, 3.300000000000000711, 0.6349999999999992317 ) ) ;
#2256 = ORIENTED_EDGE ( 'NONE', *, *, #2905, .T. ) ;
#2257 = DIRECTION ( 'NONE',  ( -2.247051134684983870E-16, 0.000000000000000000, -1.000000000000000000 ) ) ;
#2258 = AXIS2_PLACEMENT_3D ( 'NONE', #79, #1081, #2966 ) ;
#2259 = PLANE ( 'NONE',  #3236 ) ;
#2260 = LINE ( 'NONE', #2176, #3858 ) ;
#2261 = CARTESIAN_POINT ( 'NONE',  ( 1.819999999999999618, -2.579999999999992966, -0.005000000000001723552 ) ) ;
#2262 = CARTESIAN_POINT ( 'NONE',  ( 1.499999999999999556, 8.300000000000000711, 2.274999999999999467 ) ) ;
#2263 = VECTOR ( 'NONE', #1381, 1000.000000000000000 ) ;
#2264 = VECTOR ( 'NONE', #1537, 1000.000000000000000 ) ;
#2265 = FACE_OUTER_BOUND ( 'NONE', #3411, .T. ) ;
#2266 = ORIENTED_EDGE ( 'NONE', *, *, #1336, .F. ) ;
#2267 = VECTOR ( 'NONE', #2272, 1000.000000000000000 ) ;
#2268 = CARTESIAN_POINT ( 'NONE',  ( 0.4999999999999993339, 8.300000000000000711, 2.274999999999999467 ) ) ;
#2269 = DIRECTION ( 'NONE',  ( 1.000000000000000000, 0.000000000000000000, 0.000000000000000000 ) ) ;
#2270 = VECTOR ( 'NONE', #4493, 1000.000000000000000 ) ;
#2271 = LINE ( 'NONE', #1239, #709 ) ;
#2272 = DIRECTION ( 'NONE',  ( -0.000000000000000000, 1.000000000000000000, 1.807003620809173892E-16 ) ) ;
#2273 = AXIS2_PLACEMENT_3D ( 'NONE', #4718, #420, #200 ) ;
#2274 = ORIENTED_EDGE ( 'NONE', *, *, #1952, .F. ) ;
#2275 = ORIENTED_EDGE ( 'NONE', *, *, #76, .T. ) ;
#2276 = EDGE_CURVE ( 'NONE', #3416, #85, #1283, .T. ) ;
#2277 = ADVANCED_FACE ( 'NONE', ( #4427 ), #1930, .T. ) ;
#2278 = STYLED_ITEM ( 'NONE', ( #1123 ), #3554 ) ;
#2279 = LINE ( 'NONE', #2216, #2209 ) ;
#2280 = CARTESIAN_POINT ( 'NONE',  ( 1.300000000000000044, 7.400000000000000355, -2.085000000000000853 ) ) ;
#2281 = LINE ( 'NONE', #669, #2292 ) ;
#2282 = DIRECTION ( 'NONE',  ( 0.9486832980505148782, 0.3162277660168349991, -0.000000000000000000 ) ) ;
#2283 = CARTESIAN_POINT ( 'NONE',  ( 1.179999999999999716, -2.579999999999992966, -0.005000000000001723552 ) ) ;
#2284 = ORIENTED_EDGE ( 'NONE', *, *, #2722, .T. ) ;
#2285 = EDGE_CURVE ( 'NONE', #1332, #3664, #4497, .T. ) ;
#2286 = PLANE ( 'NONE',  #462 ) ;
#2287 = DIRECTION ( 'NONE',  ( -1.000000000000000000, -0.000000000000000000, -0.000000000000000000 ) ) ;
#2288 = VECTOR ( 'NONE', #4224, 1000.000000000000000 ) ;
#2289 = ORIENTED_EDGE ( 'NONE', *, *, #4710, .T. ) ;
#2290 = UNCERTAINTY_MEASURE_WITH_UNIT (LENGTH_MEASURE( 1.000000000000000082E-05 ), #3150, 'distance_accuracy_value', 'NONE');
#2291 = VECTOR ( 'NONE', #2778, 1000.000000000000000 ) ;
#2292 = VECTOR ( 'NONE', #3571, 1000.000000000000000 ) ;
#2293 = EDGE_LOOP ( 'NONE', ( #923, #1067, #3907, #3460 ) ) ;
#2294 = CARTESIAN_POINT ( 'NONE',  ( 1.147500000000012177, 3.300000000000000711, 1.852500000000007141 ) ) ;
#2295 = EDGE_CURVE ( 'NONE', #1154, #2862, #1182, .T. ) ;
#2296 = EDGE_LOOP ( 'NONE', ( #119, #1026, #3616, #1080 ) ) ;
#2297 = DIRECTION ( 'NONE',  ( -0.000000000000000000, 1.000000000000000000, 1.801998070613027504E-16 ) ) ;
#2298 = DIRECTION ( 'NONE',  ( 0.000000000000000000, -1.801998070613027504E-16, 1.000000000000000000 ) ) ;
#2299 = VERTEX_POINT ( 'NONE', #154 ) ;
#2300 = ORIENTED_EDGE ( 'NONE', *, *, #3586, .F. ) ;
#2301 = CARTESIAN_POINT ( 'NONE',  ( -0.4999999999999985012, 1.849999999999999423, 2.774999999999999467 ) ) ;
#2302 = LINE ( 'NONE', #1037, #2270 ) ;
#2303 = VECTOR ( 'NONE', #190, 1000.000000000000000 ) ;
#2304 = EDGE_LOOP ( 'NONE', ( #3195, #3239, #4283, #3040, #4681, #4524 ) ) ;
#2305 = VECTOR ( 'NONE', #4080, 1000.000000000000000 ) ;
#2306 = ORIENTED_EDGE ( 'NONE', *, *, #1578, .F. ) ;
#2307 = LINE ( 'NONE', #4599, #653 ) ;
#2308 = EDGE_CURVE ( 'NONE', #3374, #1591, #2829, .T. ) ;
#2309 = ORIENTED_EDGE ( 'NONE', *, *, #3550, .F. ) ;
#2310 = DIRECTION ( 'NONE',  ( 0.000000000000000000, -1.000000000000000000, -1.807003620809173892E-16 ) ) ;
#2311 = DIRECTION ( 'NONE',  ( 0.000000000000000000, 0.000000000000000000, -1.000000000000000000 ) ) ;
#2312 = LINE ( 'NONE', #2097, #2241 ) ;
#2313 = CARTESIAN_POINT ( 'NONE',  ( -1.820000000000000506, 1.349999999999999867, -0.005000000000001014917 ) ) ;
#2314 = LINE ( 'NONE', #2711, #3892 ) ;
#2315 = CARTESIAN_POINT ( 'NONE',  ( -4.824999999999999289, 8.499999999999994671, -0.9550000000000007372 ) ) ;
#2316 = ORIENTED_EDGE ( 'NONE', *, *, #4723, .T. ) ;
#2317 = LINE ( 'NONE', #4473, #713 ) ;
#2318 = ORIENTED_EDGE ( 'NONE', *, *, #3879, .T. ) ;
#2319 = LINE ( 'NONE', #1503, #2267 ) ;
#2320 = ORIENTED_EDGE ( 'NONE', *, *, #3047, .T. ) ;
#2321 = VECTOR ( 'NONE', #3045, 1000.000000000000114 ) ;
#2322 = AXIS2_PLACEMENT_3D ( 'NONE', #3141, #1901, #4556 ) ;
#2323 = VECTOR ( 'NONE', #398, 1000.000000000000000 ) ;
#2324 = DIRECTION ( 'NONE',  ( 0.6401843996644784873, -0.7682212795973769603, 0.000000000000000000 ) ) ;
#2325 = EDGE_LOOP ( 'NONE', ( #455, #2562, #17, #1645 ) ) ;
#2326 = FACE_OUTER_BOUND ( 'NONE', #1814, .T. ) ;
#2327 = DIRECTION ( 'NONE',  ( -1.344746880602175966E-16, -1.000000000000000000, 0.000000000000000000 ) ) ;
#2328 = DIRECTION ( 'NONE',  ( 0.000000000000000000, -0.000000000000000000, -1.000000000000000000 ) ) ;
#2329 = LINE ( 'NONE', #868, #3927 ) ;
#2330 = ORIENTED_EDGE ( 'NONE', *, *, #759, .F. ) ;
#2331 = ADVANCED_FACE ( 'NONE', ( #1296 ), #3117, .F. ) ;
#2332 = EDGE_CURVE ( 'NONE', #2755, #821, #2840, .T. ) ;
#2333 = LINE ( 'NONE', #2128, #3940 ) ;
#2334 = FACE_OUTER_BOUND ( 'NONE', #535, .T. ) ;
#2335 =( GEOMETRIC_REPRESENTATION_CONTEXT ( 3 ) GLOBAL_UNCERTAINTY_ASSIGNED_CONTEXT ( ( #4603 ) ) GLOBAL_UNIT_ASSIGNED_CONTEXT ( ( #3613, #2052, #1713 ) ) REPRESENTATION_CONTEXT ( 'NONE', 'WORKASPACE' ) );
#2336 = ORIENTED_EDGE ( 'NONE', *, *, #2931, .F. ) ;
#2337 = VECTOR ( 'NONE', #201, 1000.000000000000000 ) ;
#2338 = PLANE ( 'NONE',  #2612 ) ;
#2339 = ORIENTED_EDGE ( 'NONE', *, *, #3575, .T. ) ;
#2340 = CARTESIAN_POINT ( 'NONE',  ( -3.425000000000000266, 8.499999999999994671, -0.9550000000000007372 ) ) ;
#2341 = DIRECTION ( 'NONE',  ( 0.000000000000000000, 1.000000000000000000, -3.236424395479118258E-16 ) ) ;
#2342 = VERTEX_POINT ( 'NONE', #3482 ) ;
#2343 = ORIENTED_EDGE ( 'NONE', *, *, #389, .T. ) ;
#2344 = CARTESIAN_POINT ( 'NONE',  ( -4.175000000000000711, -1.199999999999997957, 1.884999999999999787 ) ) ;
#2345 = DIRECTION ( 'NONE',  ( -1.391489419232732941E-15, 0.000000000000000000, -1.000000000000000000 ) ) ;
#2346 = FACE_OUTER_BOUND ( 'NONE', #871, .T. ) ;
#2347 = AXIS2_PLACEMENT_3D ( 'NONE', #1570, #88, #2298 ) ;
#2348 = EDGE_LOOP ( 'NONE', ( #925, #3020, #2618, #2549 ) ) ;
#2349 = EDGE_CURVE ( 'NONE', #1520, #3686, #1242, .T. ) ;
#2350 = ORIENTED_EDGE ( 'NONE', *, *, #3912, .T. ) ;
#2351 = EDGE_LOOP ( 'NONE', ( #1936, #3647, #3435, #1818 ) ) ;
#2352 = AXIS2_PLACEMENT_3D ( 'NONE', #2283, #481, #836 ) ;
#2353 = CARTESIAN_POINT ( 'NONE',  ( 1.819999999999999618, 1.349999999999999645, 0.6349999999999990097 ) ) ;
#2354 = CARTESIAN_POINT ( 'NONE',  ( -4.825000000000001066, 1.269999999999999796, -0.5599999999999974998 ) ) ;
#2355 = DIRECTION ( 'NONE',  ( 0.000000000000000000, -3.388131789017201849E-16, 1.000000000000000000 ) ) ;
#2356 = DIRECTION ( 'NONE',  ( 1.000000000000000000, 0.000000000000000000, 0.000000000000000000 ) ) ;
#2357 = VECTOR ( 'NONE', #560, 1000.000000000000000 ) ;
#2358 = DIRECTION ( 'NONE',  ( 0.000000000000000000, 1.000000000000000000, -3.236424395479118258E-16 ) ) ;
#2359 = EDGE_CURVE ( 'NONE', #702, #2122, #4405, .T. ) ;
#2360 = ORIENTED_EDGE ( 'NONE', *, *, #4099, .F. ) ;
#2361 = ORIENTED_EDGE ( 'NONE', *, *, #438, .F. ) ;
#2362 = VECTOR ( 'NONE', #4317, 1000.000000000000000 ) ;
#2363 = ORIENTED_EDGE ( 'NONE', *, *, #2188, .F. ) ;
#2364 = ORIENTED_EDGE ( 'NONE', *, *, #67, .F. ) ;
#2365 = ORIENTED_EDGE ( 'NONE', *, *, #875, .F. ) ;
#2366 = EDGE_CURVE ( 'NONE', #3741, #4448, #4513, .T. ) ;
#2367 = VECTOR ( 'NONE', #4359, 1000.000000000000000 ) ;
#2368 = DIRECTION ( 'NONE',  ( -2.247051134684983870E-16, 0.000000000000000000, -1.000000000000000000 ) ) ;
#2369 = ORIENTED_EDGE ( 'NONE', *, *, #2090, .T. ) ;
#2370 = LINE ( 'NONE', #2868, #789 ) ;
#2371 = DIRECTION ( 'NONE',  ( 1.000000000000000000, 0.000000000000000000, -4.494102269369967741E-16 ) ) ;
#2372 = ORIENTED_EDGE ( 'NONE', *, *, #2978, .T. ) ;
#2373 = CARTESIAN_POINT ( 'NONE',  ( 4.524999999999996803, -1.449999999999999956, 2.784999999999999698 ) ) ;
#2374 = VERTEX_POINT ( 'NONE', #3169 ) ;
#2375 = ORIENTED_EDGE ( 'NONE', *, *, #3313, .F. ) ;
#2376 = EDGE_CURVE ( 'NONE', #4323, #553, #2846, .T. ) ;
#2377 = VERTEX_POINT ( 'NONE', #4204 ) ;
#2378 = DIRECTION ( 'NONE',  ( 1.000000000000000000, 0.000000000000000000, 0.000000000000000000 ) ) ;
#2379 = PRODUCT_DEFINITION_SHAPE ( 'NONE', 'NONE',  #3957 ) ;
#2380 = CIRCLE ( 'NONE', #1652, 0.5000000000000004441 ) ;
#2381 = CARTESIAN_POINT ( 'NONE',  ( -4.825000000000000178, 0.6699999999999997069, 1.585000000000002629 ) ) ;
#2382 = PLANE ( 'NONE',  #2642 ) ;
#2383 = DIRECTION ( 'NONE',  ( -0.000000000000000000, -0.000000000000000000, 1.000000000000000000 ) ) ;
#2384 = EDGE_LOOP ( 'NONE', ( #3547, #2667, #1243, #2519, #2624, #2881, #2274, #2064, #1207, #428, #1084, #447, #2566, #2567 ) ) ;
#2385 = ORIENTED_EDGE ( 'NONE', *, *, #1421, .T. ) ;
#2386 = DIRECTION ( 'NONE',  ( 1.000000000000000000, -0.000000000000000000, -4.494102269369967741E-16 ) ) ;
#2387 = ADVANCED_FACE ( 'NONE', ( #2924 ), #843, .F. ) ;
#2388 = LINE ( 'NONE', #3053, #2211 ) ;
#2389 = VECTOR ( 'NONE', #577, 1000.000000000000000 ) ;
#2390 = EDGE_CURVE ( 'NONE', #324, #1853, #1232, .T. ) ;
#2391 = ORIENTED_EDGE ( 'NONE', *, *, #3688, .F. ) ;
#2392 = VERTEX_POINT ( 'NONE', #4325 ) ;
#2393 = ORIENTED_EDGE ( 'NONE', *, *, #2165, .T. ) ;
#2394 = CARTESIAN_POINT ( 'NONE',  ( 3.440000000000000391, 1.699999999999999956, -1.584999999999999964 ) ) ;
#2395 = FILL_AREA_STYLE ('',( #2758 ) ) ;
#2396 = DIRECTION ( 'NONE',  ( 0.000000000000000000, 2.744815626545581052E-16, 1.000000000000000000 ) ) ;
#2397 = DIRECTION ( 'NONE',  ( 0.000000000000000000, -1.801998070613027504E-16, 1.000000000000000000 ) ) ;
#2398 = VECTOR ( 'NONE', #3431, 1000.000000000000000 ) ;
#2399 = PLANE ( 'NONE',  #1446 ) ;
#2400 = EDGE_CURVE ( 'NONE', #2406, #401, #2860, .T. ) ;
#2401 = AXIS2_PLACEMENT_3D ( 'NONE', #1331, #2841, #769 ) ;
#2402 = LINE ( 'NONE', #1716, #783 ) ;
#2403 = LINE ( 'NONE', #1609, #2543 ) ;
#2404 = DIRECTION ( 'NONE',  ( 0.000000000000000000, 2.744815626545581052E-16, 1.000000000000000000 ) ) ;
#2405 = CARTESIAN_POINT ( 'NONE',  ( -0.2300000000000001765, 9.900000000000000355, 1.584999999999999298 ) ) ;
#2406 = VERTEX_POINT ( 'NONE', #2115 ) ;
#2407 = CARTESIAN_POINT ( 'NONE',  ( 1.300000000000000044, 8.149999999999998579, -2.785000000000001030 ) ) ;
#2408 = CARTESIAN_POINT ( 'NONE',  ( -1.820000000000000506, 0.000000000000000000, 2.024999999999999023 ) ) ;
#2409 = EDGE_CURVE ( 'NONE', #4487, #367, #1313, .T. ) ;
#2410 = DIRECTION ( 'NONE',  ( 0.000000000000000000, -0.000000000000000000, 1.000000000000000000 ) ) ;
#2411 = LINE ( 'NONE', #3442, #2419 ) ;
#2412 = ORIENTED_EDGE ( 'NONE', *, *, #3840, .T. ) ;
#2413 = FACE_OUTER_BOUND ( 'NONE', #632, .T. ) ;
#2414 = ORIENTED_EDGE ( 'NONE', *, *, #4389, .T. ) ;
#2415 = LINE ( 'NONE', #4236, #2247 ) ;
#2416 = DIRECTION ( 'NONE',  ( 4.494102269369967741E-16, 3.236424395479118258E-16, 1.000000000000000000 ) ) ;
#2417 = DIRECTION ( 'NONE',  ( -1.000000000000000000, 0.000000000000000000, 4.494102269369967741E-16 ) ) ;
#2418 = CARTESIAN_POINT ( 'NONE',  ( 3.890000000000000124, 1.850000000000000089, 2.784999999999998810 ) ) ;
#2419 = VECTOR ( 'NONE', #1859, 1000.000000000000000 ) ;
#2420 = ORIENTED_EDGE ( 'NONE', *, *, #2548, .T. ) ;
#2421 = DIRECTION ( 'NONE',  ( 1.000000000000000000, 0.000000000000000000, -0.000000000000000000 ) ) ;
#2422 = FACE_OUTER_BOUND ( 'NONE', #404, .T. ) ;
#2423 = ORIENTED_EDGE ( 'NONE', *, *, #2455, .F. ) ;
#2424 = LINE ( 'NONE', #1835, #2288 ) ;
#2425 = ORIENTED_EDGE ( 'NONE', *, *, #4655, .F. ) ;
#2426 = ADVANCED_FACE ( 'NONE', ( #4454 ), #3720, .F. ) ;
#2427 = CARTESIAN_POINT ( 'NONE',  ( -4.825000000000000178, 1.269999999999999796, 1.190000000000002389 ) ) ;
#2428 = CARTESIAN_POINT ( 'NONE',  ( -4.825000000000000178, 0.6699999999999998179, 1.190000000000002611 ) ) ;
#2429 = DIRECTION ( 'NONE',  ( -0.7071067811865489050, 0.7071067811865461294, -1.588905095008681427E-16 ) ) ;
#2430 = PLANE ( 'NONE',  #3753 ) ;
#2431 = VECTOR ( 'NONE', #3262, 1000.000000000000000 ) ;
#2432 = DIRECTION ( 'NONE',  ( -0.7071067811865461294, -0.7071067811865489050, 1.095209583345266238E-16 ) ) ;
#2433 = VERTEX_POINT ( 'NONE', #2485 ) ;
#2434 = EDGE_CURVE ( 'NONE', #3464, #3741, #1251, .T. ) ;
#2435 = ORIENTED_EDGE ( 'NONE', *, *, #123, .F. ) ;
#2436 = FACE_BOUND ( 'NONE', #2293, .T. ) ;
#2437 = ORIENTED_EDGE ( 'NONE', *, *, #3986, .T. ) ;
#2438 = VECTOR ( 'NONE', #816, 1000.000000000000000 ) ;
#2439 = CARTESIAN_POINT ( 'NONE',  ( 1.179999999999999716, -1.448757163391319161E-15, -1.584999999999999964 ) ) ;
#2440 = VECTOR ( 'NONE', #517, 1000.000000000000000 ) ;
#2441 = CARTESIAN_POINT ( 'NONE',  ( -1.180000000000000604, -2.579999999999992966, 0.6349999999999983435 ) ) ;
#2442 = ORIENTED_EDGE ( 'NONE', *, *, #3669, .T. ) ;
#2443 = DIRECTION ( 'NONE',  ( 0.7071067811865461294, -0.7071067811865489050, 0.000000000000000000 ) ) ;
#2444 = LINE ( 'NONE', #2191, #4194 ) ;
#2445 = DIRECTION ( 'NONE',  ( 1.000000000000000000, 0.000000000000000000, -8.537024980200821325E-17 ) ) ;
#2446 = FACE_OUTER_BOUND ( 'NONE', #1644, .T. ) ;
#2447 = EDGE_CURVE ( 'NONE', #3680, #3897, #2920, .T. ) ;
#2448 = ORIENTED_EDGE ( 'NONE', *, *, #389, .F. ) ;
#2449 = FACE_OUTER_BOUND ( 'NONE', #2640, .T. ) ;
#2450 = EDGE_LOOP ( 'NONE', ( #411, #2159, #3754, #3994 ) ) ;
#2451 = VECTOR ( 'NONE', #4584, 1000.000000000000000 ) ;
#2452 = DIRECTION ( 'NONE',  ( 0.000000000000000000, 0.000000000000000000, 1.000000000000000000 ) ) ;
#2453 = VERTEX_POINT ( 'NONE', #3979 ) ;
#2454 = CARTESIAN_POINT ( 'NONE',  ( -0.2300000000000001765, 9.900000000000000355, 1.584999999999999298 ) ) ;
#2455 = EDGE_CURVE ( 'NONE', #967, #4591, #4526, .T. ) ;
#2456 = LINE ( 'NONE', #4230, #796 ) ;
#2457 = ORIENTED_EDGE ( 'NONE', *, *, #997, .F. ) ;
#2458 = LINE ( 'NONE', #1518, #861 ) ;
#2459 = VECTOR ( 'NONE', #1414, 1000.000000000000000 ) ;
#2460 = EDGE_LOOP ( 'NONE', ( #3212, #4762, #1513, #432 ) ) ;
#2461 = CARTESIAN_POINT ( 'NONE',  ( -4.825000000000000178, 9.900000000000000355, 1.774999999999997469 ) ) ;
#2462 = CARTESIAN_POINT ( 'NONE',  ( -3.889999999999998348, 1.850000000000000089, 2.784999999999999698 ) ) ;
#2463 = EDGE_CURVE ( 'NONE', #637, #564, #1274, .T. ) ;
#2464 = DIRECTION ( 'NONE',  ( 8.537024980200821325E-17, 0.000000000000000000, 1.000000000000000000 ) ) ;
#2465 = CARTESIAN_POINT ( 'NONE',  ( -1.180000000000000604, -2.579999999999992966, -0.005000000000002567495 ) ) ;
#2466 = VECTOR ( 'NONE', #282, 1000.000000000000000 ) ;
#2467 = AXIS2_PLACEMENT_3D ( 'NONE', #3800, #1934, #3037 ) ;
#2468 = DIRECTION ( 'NONE',  ( -0.000000000000000000, -0.000000000000000000, 1.000000000000000000 ) ) ;
#2469 = EDGE_LOOP ( 'NONE', ( #2437, #2222, #2309, #2821 ) ) ;
#2470 = LINE ( 'NONE', #4561, #4110 ) ;
#2471 = ORIENTED_EDGE ( 'NONE', *, *, #4809, .T. ) ;
#2472 = VECTOR ( 'NONE', #1201, 1000.000000000000000 ) ;
#2473 = EDGE_LOOP ( 'NONE', ( #1167, #1044, #4479, #1955 ) ) ;
#2474 = LINE ( 'NONE', #4662, #886 ) ;
#2475 = DIRECTION ( 'NONE',  ( -1.000000000000000000, 0.000000000000000000, -0.000000000000000000 ) ) ;
#2476 = DIRECTION ( 'NONE',  ( 0.000000000000000000, 0.000000000000000000, 1.000000000000000000 ) ) ;
#2477 = ORIENTED_EDGE ( 'NONE', *, *, #3245, .F. ) ;
#2478 = CARTESIAN_POINT ( 'NONE',  ( 1.179999999999999716, 1.269999999999999796, 1.190000000000001723 ) ) ;
#2479 = ORIENTED_EDGE ( 'NONE', *, *, #2376, .F. ) ;
#2480 = CARTESIAN_POINT ( 'NONE',  ( -3.425000000000000711, 9.900000000000000355, 2.274999999999999467 ) ) ;
#2481 = LINE ( 'NONE', #2589, #4067 ) ;
#2482 = ORIENTED_EDGE ( 'NONE', *, *, #4604, .T. ) ;
#2483 = VECTOR ( 'NONE', #2475, 1000.000000000000000 ) ;
#2484 = ORIENTED_EDGE ( 'NONE', *, *, #4629, .T. ) ;
#2485 = CARTESIAN_POINT ( 'NONE',  ( -0.2300000000000001765, 9.900000000000000355, -0.9550000000000007372 ) ) ;
#2486 = DIRECTION ( 'NONE',  ( -0.000000000000000000, 1.000000000000000000, 0.000000000000000000 ) ) ;
#2487 = VECTOR ( 'NONE', #3525, 1000.000000000000000 ) ;
#2488 = ORIENTED_EDGE ( 'NONE', *, *, #4781, .F. ) ;
#2489 = PLANE ( 'NONE',  #3165 ) ;
#2490 = EDGE_CURVE ( 'NONE', #637, #1275, #4535, .T. ) ;
#2491 = LINE ( 'NONE', #1935, #2438 ) ;
#2492 = VERTEX_POINT ( 'NONE', #1501 ) ;
#2493 = LINE ( 'NONE', #3730, #4104 ) ;
#2494 = ORIENTED_EDGE ( 'NONE', *, *, #301, .T. ) ;
#2495 = CARTESIAN_POINT ( 'NONE',  ( 2.770000000000000018, 3.300000000000000711, -0.9550000000000007372 ) ) ;
#2496 = CARTESIAN_POINT ( 'NONE',  ( 1.179999999999999716, -1.448757163391319161E-15, -1.584999999999999964 ) ) ;
#2497 = PLANE ( 'NONE',  #256 ) ;
#2498 = CARTESIAN_POINT ( 'NONE',  ( 0.000000000000000000, -1.449999999999999956, 2.185000000000002718 ) ) ;
#2499 = CARTESIAN_POINT ( 'NONE',  ( -4.825000000000000178, 1.269999999999999796, 1.190000000000002389 ) ) ;
#2500 = EDGE_CURVE ( 'NONE', #3622, #2187, #1334, .T. ) ;
#2501 = LINE ( 'NONE', #449, #837 ) ;
#2502 = ORIENTED_EDGE ( 'NONE', *, *, #2295, .F. ) ;
#2503 = UNCERTAINTY_MEASURE_WITH_UNIT (LENGTH_MEASURE( 1.000000000000000082E-05 ), #4576, 'distance_accuracy_value', 'NONE');
#2504 = ADVANCED_FACE ( 'NONE', ( #1194 ), #1189, .T. ) ;
#2505 = VERTEX_POINT ( 'NONE', #4358 ) ;
#2506 = FACE_OUTER_BOUND ( 'NONE', #1705, .T. ) ;
#2507 = ORIENTED_EDGE ( 'NONE', *, *, #2730, .T. ) ;
#2508 = FACE_OUTER_BOUND ( 'NONE', #2694, .T. ) ;
#2509 = DIRECTION ( 'NONE',  ( -0.000000000000000000, -0.000000000000000000, 1.000000000000000000 ) ) ;
#2510 = EDGE_CURVE ( 'NONE', #1382, #2935, #4409, .T. ) ;
#2511 = ORIENTED_EDGE ( 'NONE', *, *, #3564, .F. ) ;
#2512 = DIRECTION ( 'NONE',  ( -0.6092076990801724712, -0.5076730825668082092, 0.6092076990801713610 ) ) ;
#2513 = CARTESIAN_POINT ( 'NONE',  ( -1.500000000000000000, 8.300000000000000711, 2.774999999999999467 ) ) ;
#2514 = CARTESIAN_POINT ( 'NONE',  ( 0.2299999999999993161, 3.300000000000000711, 1.584999999999999520 ) ) ;
#2515 = LINE ( 'NONE', #2032, #4226 ) ;
#2516 = EDGE_LOOP ( 'NONE', ( #1986, #3549, #1665, #1800 ) ) ;
#2517 = ADVANCED_FACE ( 'NONE', ( #1267 ), #2203, .F. ) ;
#2518 = VECTOR ( 'NONE', #1519, 1000.000000000000000 ) ;
#2519 = ORIENTED_EDGE ( 'NONE', *, *, #3100, .F. ) ;
#2520 = EDGE_CURVE ( 'NONE', #495, #3735, #107, .T. ) ;
#2521 = LINE ( 'NONE', #3684, #4064 ) ;
#2522 = DIRECTION ( 'NONE',  ( 0.000000000000000000, 0.000000000000000000, -1.000000000000000000 ) ) ;
#2523 = CARTESIAN_POINT ( 'NONE',  ( -1.500000000000000000, 8.300000000000000711, 2.774999999999999467 ) ) ;
#2524 = DIRECTION ( 'NONE',  ( 1.000000000000000000, -0.000000000000000000, -4.494102269369967741E-16 ) ) ;
#2525 = FACE_BOUND ( 'NONE', #1889, .T. ) ;
#2526 = VERTEX_POINT ( 'NONE', #4724 ) ;
#2527 = DIRECTION ( 'NONE',  ( 1.000000000000000000, -0.000000000000000000, -4.494102269369967741E-16 ) ) ;
#2528 = DIRECTION ( 'NONE',  ( 0.000000000000000000, -0.000000000000000000, -1.000000000000000000 ) ) ;
#2529 = LINE ( 'NONE', #2418, #2576 ) ;
#2530 = LINE ( 'NONE', #4012, #2702 ) ;
#2531 = VECTOR ( 'NONE', #742, 1000.000000000000000 ) ;
#2532 = EDGE_LOOP ( 'NONE', ( #271, #1693, #4633 ) ) ;
#2533 = ORIENTED_EDGE ( 'NONE', *, *, #177, .F. ) ;
#2534 = EDGE_CURVE ( 'NONE', #702, #3889, #3267, .T. ) ;
#2535 = ORIENTED_EDGE ( 'NONE', *, *, #4053, .F. ) ;
#2536 = AXIS2_PLACEMENT_3D ( 'NONE', #4485, #3358, #33 ) ;
#2537 = CARTESIAN_POINT ( 'NONE',  ( 0.2299999999999993161, 3.300000000000000711, 1.584999999999999520 ) ) ;
#2538 = CARTESIAN_POINT ( 'NONE',  ( -3.889999999999998348, 1.850000000000000089, 2.784999999999999698 ) ) ;
#2539 = DIRECTION ( 'NONE',  ( -0.8869140841669813646, -0.000000000000000000, 0.4619344188369649551 ) ) ;
#2540 = VECTOR ( 'NONE', #1424, 1000.000000000000227 ) ;
#2541 = DIRECTION ( 'NONE',  ( 0.000000000000000000, -1.000000000000000000, 0.000000000000000000 ) ) ;
#2542 = CARTESIAN_POINT ( 'NONE',  ( 1.499999999999999556, 8.300000000000000711, 2.774999999999999467 ) ) ;
#2543 = VECTOR ( 'NONE', #1574, 1000.000000000000000 ) ;
#2544 = DIRECTION ( 'NONE',  ( 0.000000000000000000, -0.000000000000000000, 1.000000000000000000 ) ) ;
#2545 = ORIENTED_EDGE ( 'NONE', *, *, #4455, .F. ) ;
#2546 = VERTEX_POINT ( 'NONE', #4089 ) ;
#2547 = FACE_OUTER_BOUND ( 'NONE', #756, .T. ) ;
#2548 = EDGE_CURVE ( 'NONE', #3686, #1871, #1681, .T. ) ;
#2549 = ORIENTED_EDGE ( 'NONE', *, *, #379, .T. ) ;
#2550 = VECTOR ( 'NONE', #2727, 1000.000000000000114 ) ;
#2551 = COLOUR_RGB ( '',0.7921568627450980005, 0.8196078431372548767, 0.9333333333333333481 ) ;
#2552 = PRESENTATION_LAYER_ASSIGNMENT (  '', '', ( #3656 ) ) ;
#2553 = PRESENTATION_STYLE_ASSIGNMENT (( #1387 ) ) ;
#2554 = DIRECTION ( 'NONE',  ( -1.000000000000000000, 0.000000000000000000, 1.548860246407865308E-16 ) ) ;
#2555 = DIRECTION ( 'NONE',  ( 1.000000000000000000, -0.000000000000000000, 0.000000000000000000 ) ) ;
#2556 = CARTESIAN_POINT ( 'NONE',  ( 1.300000000000000044, 8.149999999999998579, -2.785000000000001030 ) ) ;
#2557 = AXIS2_PLACEMENT_3D ( 'NONE', #1279, #2486, #1709 ) ;
#2558 = ORIENTED_EDGE ( 'NONE', *, *, #968, .F. ) ;
#2559 = CARTESIAN_POINT ( 'NONE',  ( 0.000000000000000000, 0.000000000000000000, 0.000000000000000000 ) ) ;
#2560 = ADVANCED_FACE ( 'NONE', ( #1658 ), #3266, .F. ) ;
#2561 = LINE ( 'NONE', #1355, #1038 ) ;
#2562 = ORIENTED_EDGE ( 'NONE', *, *, #374, .F. ) ;
#2563 = VECTOR ( 'NONE', #4049, 999.9999999999998863 ) ;
#2564 = EDGE_CURVE ( 'NONE', #2492, #3597, #3275, .T. ) ;
#2565 = AXIS2_PLACEMENT_3D ( 'NONE', #1516, #4501, #280 ) ;
#2566 = ORIENTED_EDGE ( 'NONE', *, *, #1851, .F. ) ;
#2567 = ORIENTED_EDGE ( 'NONE', *, *, #842, .F. ) ;
#2568 = FACE_OUTER_BOUND ( 'NONE', #2033, .T. ) ;
#2569 = CARTESIAN_POINT ( 'NONE',  ( -3.864999999999990887, 1.849999999999999201, 2.274999999999999467 ) ) ;
#2570 = CARTESIAN_POINT ( 'NONE',  ( 1.379999999999999893, -3.180000000000000160, 0.000000000000000000 ) ) ;
#2571 = LINE ( 'NONE', #2887, #2659 ) ;
#2572 = ORIENTED_EDGE ( 'NONE', *, *, #2990, .T. ) ;
#2573 = CARTESIAN_POINT ( 'NONE',  ( 4.824999999999999289, 9.900000000000000355, -0.9550000000000002931 ) ) ;
#2574 = CARTESIAN_POINT ( 'NONE',  ( -4.825000000000000178, 0.6699999999999997069, 1.585000000000002629 ) ) ;
#2575 = ADVANCED_FACE ( 'NONE', ( #1601 ), #100, .T. ) ;
#2576 = VECTOR ( 'NONE', #3173, 1000.000000000000000 ) ;
#2577 = LINE ( 'NONE', #4725, #4275 ) ;
#2578 = LINE ( 'NONE', #2480, #845 ) ;
#2579 = VERTEX_POINT ( 'NONE', #1320 ) ;
#2580 = ORIENTED_EDGE ( 'NONE', *, *, #587, .T. ) ;
#2581 = LINE ( 'NONE', #354, #4237 ) ;
#2582 = EDGE_CURVE ( 'NONE', #3537, #2899, #1618, .T. ) ;
#2583 = VERTEX_POINT ( 'NONE', #946 ) ;
#2584 = LINE ( 'NONE', #4697, #4217 ) ;
#2585 = DIRECTION ( 'NONE',  ( -1.000000000000000000, -0.000000000000000000, -0.000000000000000000 ) ) ;
#2586 = CARTESIAN_POINT ( 'NONE',  ( 3.424999999999999378, 9.900000000000000355, -1.584999999999999964 ) ) ;
#2587 = VECTOR ( 'NONE', #2954, 1000.000000000000000 ) ;
#2588 = DIRECTION ( 'NONE',  ( 1.000000000000000000, 0.000000000000000000, -8.537024980200821325E-17 ) ) ;
#2589 = CARTESIAN_POINT ( 'NONE',  ( 4.825000000000000178, 9.900000000000002132, 1.584999999999995302 ) ) ;
#2590 = ORIENTED_EDGE ( 'NONE', *, *, #3376, .T. ) ;
#2591 = ORIENTED_EDGE ( 'NONE', *, *, #313, .T. ) ;
#2592 = VECTOR ( 'NONE', #376, 1000.000000000000000 ) ;
#2593 = VECTOR ( 'NONE', #3966, 1000.000000000000000 ) ;
#2594 = ORIENTED_EDGE ( 'NONE', *, *, #2285, .F. ) ;
#2595 = VECTOR ( 'NONE', #2955, 1000.000000000000000 ) ;
#2596 = EDGE_CURVE ( 'NONE', #3158, #1154, #3213, .T. ) ;
#2597 = LINE ( 'NONE', #4784, #982 ) ;
#2598 = LINE ( 'NONE', #3685, #777 ) ;
#2599 = CARTESIAN_POINT ( 'NONE',  ( -1.300000000000000044, 9.350000000000001421, -1.585000000000000187 ) ) ;
#2600 = CARTESIAN_POINT ( 'NONE',  ( 0.000000000000000000, 0.000000000000000000, 0.000000000000000000 ) ) ;
#2601 = ORIENTED_EDGE ( 'NONE', *, *, #4272, .F. ) ;
#2602 = CARTESIAN_POINT ( 'NONE',  ( 0.000000000000000000, 0.000000000000000000, 0.000000000000000000 ) ) ;
#2603 = VERTEX_POINT ( 'NONE', #1586 ) ;
#2604 = DIRECTION ( 'NONE',  ( 0.000000000000000000, 1.000000000000000000, -0.000000000000000000 ) ) ;
#2605 = ORIENTED_EDGE ( 'NONE', *, *, #4114, .F. ) ;
#2606 = CARTESIAN_POINT ( 'NONE',  ( 1.179999999999999716, 3.300000000000000711, 0.6349999999999992317 ) ) ;
#2607 = VECTOR ( 'NONE', #246, 1000.000000000000000 ) ;
#2608 = ORIENTED_EDGE ( 'NONE', *, *, #851, .T. ) ;
#2609 = VECTOR ( 'NONE', #608, 1000.000000000000000 ) ;
#2610 = EDGE_CURVE ( 'NONE', #2187, #492, #3232, .T. ) ;
#2611 = LINE ( 'NONE', #197, #4306 ) ;
#2612 = AXIS2_PLACEMENT_3D ( 'NONE', #2381, #2416, #4528 ) ;
#2613 = VERTEX_POINT ( 'NONE', #1914 ) ;
#2614 = ORIENTED_EDGE ( 'NONE', *, *, #1149, .F. ) ;
#2615 = ADVANCED_FACE ( 'NONE', ( #21 ), #3098, .F. ) ;
#2616 = CARTESIAN_POINT ( 'NONE',  ( 1.499999999999998668, 1.849999999999999201, 2.274999999999999467 ) ) ;
#2617 = LINE ( 'NONE', #3561, #2638 ) ;
#2618 = ORIENTED_EDGE ( 'NONE', *, *, #4200, .T. ) ;
#2619 = CARTESIAN_POINT ( 'NONE',  ( 4.524999999999995914, -1.449999999999999956, -1.016790638444954376E-15 ) ) ;
#2620 = DIRECTION ( 'NONE',  ( 0.000000000000000000, -0.000000000000000000, 1.000000000000000000 ) ) ;
#2621 = VECTOR ( 'NONE', #4290, 1000.000000000000000 ) ;
#2622 = PLANE ( 'NONE',  #1229 ) ;
#2623 = LINE ( 'NONE', #1820, #4266 ) ;
#2624 = ORIENTED_EDGE ( 'NONE', *, *, #131, .T. ) ;
#2625 = ORIENTED_EDGE ( 'NONE', *, *, #2805, .F. ) ;
#2626 = ORIENTED_EDGE ( 'NONE', *, *, #3278, .F. ) ;
#2627 = FACE_OUTER_BOUND ( 'NONE', #1635, .T. ) ;
#2628 = ORIENTED_EDGE ( 'NONE', *, *, #1453, .F. ) ;
#2629 = VECTOR ( 'NONE', #1211, 1000.000000000000000 ) ;
#2630 = CARTESIAN_POINT ( 'NONE',  ( 1.619999999999999218, -3.180000000000000160, 0.1949999999999985911 ) ) ;
#2631 = LINE ( 'NONE', #382, #2692 ) ;
#2632 = CARTESIAN_POINT ( 'NONE',  ( 2.770000000000000018, 3.300000000000000711, 1.584999999999999298 ) ) ;
#2633 = VECTOR ( 'NONE', #3654, 1000.000000000000000 ) ;
#2634 = DIRECTION ( 'NONE',  ( 0.000000000000000000, 1.000000000000000000, -3.614007241618347785E-16 ) ) ;
#2635 = EDGE_LOOP ( 'NONE', ( #3210, #4483, #3251, #155 ) ) ;
#2636 = ORIENTED_EDGE ( 'NONE', *, *, #1994, .T. ) ;
#2637 = ORIENTED_EDGE ( 'NONE', *, *, #3637, .F. ) ;
#2638 = VECTOR ( 'NONE', #950, 1000.000000000000000 ) ;
#2639 = EDGE_CURVE ( 'NONE', #4269, #878, #1627, .T. ) ;
#2640 = EDGE_LOOP ( 'NONE', ( #3314, #3351, #183, #1951 ) ) ;
#2641 = LINE ( 'NONE', #1711, #2716 ) ;
#2642 = AXIS2_PLACEMENT_3D ( 'NONE', #3835, #1673, #4613 ) ;
#2643 = VECTOR ( 'NONE', #2926, 1000.000000000000000 ) ;
#2644 = LINE ( 'NONE', #2864, #1030 ) ;
#2645 = DIRECTION ( 'NONE',  ( -1.000000000000000000, 0.000000000000000000, 0.000000000000000000 ) ) ;
#2646 = PLANE ( 'NONE',  #2049 ) ;
#2647 = EDGE_CURVE ( 'NONE', #895, #2433, #3244, .T. ) ;
#2648 = VERTEX_POINT ( 'NONE', #3179 ) ;
#2649 = VECTOR ( 'NONE', #4806, 1000.000000000000000 ) ;
#2650 = DIRECTION ( 'NONE',  ( -1.984809469081015402E-16, -0.000000000000000000, 1.000000000000000000 ) ) ;
#2651 = CARTESIAN_POINT ( 'NONE',  ( -0.5000000000000000000, 8.300000000000000711, 2.274999999999999467 ) ) ;
#2652 = LINE ( 'NONE', #3152, #4151 ) ;
#2653 = ORIENTED_EDGE ( 'NONE', *, *, #2434, .T. ) ;
#2654 = LINE ( 'NONE', #642, #1082 ) ;
#2655 = EDGE_CURVE ( 'NONE', #3115, #3702, #1669, .T. ) ;
#2656 = LINE ( 'NONE', #3216, #1091 ) ;
#2657 = ORIENTED_EDGE ( 'NONE', *, *, #4330, .T. ) ;
#2658 = FACE_OUTER_BOUND ( 'NONE', #202, .T. ) ;
#2659 = VECTOR ( 'NONE', #2358, 1000.000000000000000 ) ;
#2660 = CARTESIAN_POINT ( 'NONE',  ( 1.761818181818182394, -2.754545454545445970, 0.05318181818181546422 ) ) ;
#2661 = ORIENTED_EDGE ( 'NONE', *, *, #4805, .T. ) ;
#2662 = CARTESIAN_POINT ( 'NONE',  ( -4.825000000000001066, 1.269999999999999796, -0.5599999999999974998 ) ) ;
#2663 = LINE ( 'NONE', #3544, #4319 ) ;
#2664 = PLANE ( 'NONE',  #84 ) ;
#2665 = LINE ( 'NONE', #3821, #1097 ) ;
#2666 = EDGE_CURVE ( 'NONE', #1406, #1101, #3285, .T. ) ;
#2667 = ORIENTED_EDGE ( 'NONE', *, *, #1872, .F. ) ;
#2668 = ORIENTED_EDGE ( 'NONE', *, *, #1436, .F. ) ;
#2669 = ADVANCED_FACE ( 'NONE', ( #115 ), #2157, .T. ) ;
#2670 = ORIENTED_EDGE ( 'NONE', *, *, #147, .T. ) ;
#2671 = FACE_OUTER_BOUND ( 'NONE', #1345, .T. ) ;
#2672 = CARTESIAN_POINT ( 'NONE',  ( -1.180000000000000604, 1.349999999999999423, 2.024999999999999023 ) ) ;
#2673 = PLANE ( 'NONE',  #2352 ) ;
#2674 = DIRECTION ( 'NONE',  ( -0.000000000000000000, -0.000000000000000000, -1.000000000000000000 ) ) ;
#2675 = DIRECTION ( 'NONE',  ( 0.000000000000000000, 0.000000000000000000, 1.000000000000000000 ) ) ;
#2676 = ORIENTED_EDGE ( 'NONE', *, *, #3194, .F. ) ;
#2677 = EDGE_CURVE ( 'NONE', #977, #285, #1726, .T. ) ;
#2678 = VERTEX_POINT ( 'NONE', #1077 ) ;
#2679 = ORIENTED_EDGE ( 'NONE', *, *, #3414, .F. ) ;
#2680 = VECTOR ( 'NONE', #2524, 1000.000000000000000 ) ;
#2681 = VECTOR ( 'NONE', #2767, 1000.000000000000000 ) ;
#2682 = DIRECTION ( 'NONE',  ( -1.000000000000000000, 0.000000000000000000, 0.000000000000000000 ) ) ;
#2683 = ORIENTED_EDGE ( 'NONE', *, *, #664, .F. ) ;
#2684 = PLANE ( 'NONE',  #639 ) ;
#2685 = ORIENTED_EDGE ( 'NONE', *, *, #3802, .F. ) ;
#2686 = DIRECTION ( 'NONE',  ( -0.7071067811865512365, -0.000000000000000000, -0.7071067811865439090 ) ) ;
#2687 = EDGE_CURVE ( 'NONE', #574, #512, #3327, .T. ) ;
#2688 = PLANE ( 'NONE',  #1340 ) ;
#2689 = ORIENTED_EDGE ( 'NONE', *, *, #1394, .F. ) ;
#2690 = AXIS2_PLACEMENT_3D ( 'NONE', #3691, #1471, #1402 ) ;
#2691 = COLOUR_RGB ( '',0.7921568627450980005, 0.8196078431372548767, 0.9333333333333333481 ) ;
#2692 = VECTOR ( 'NONE', #1523, 1000.000000000000000 ) ;
#2693 = FACE_OUTER_BOUND ( 'NONE', #479, .T. ) ;
#2694 = EDGE_LOOP ( 'NONE', ( #3457, #209, #359, #3521, #2190 ) ) ;
#2695 = DIRECTION ( 'NONE',  ( 0.000000000000000000, -1.000000000000000000, 0.000000000000000000 ) ) ;
#2696 = DIRECTION ( 'NONE',  ( 0.000000000000000000, 1.000000000000000000, -3.212450881438527803E-16 ) ) ;
#2697 = VERTEX_POINT ( 'NONE', #4338 ) ;
#2698 = DIRECTION ( 'NONE',  ( 1.000000000000000000, -0.000000000000000000, -4.494102269369967741E-16 ) ) ;
#2699 = LINE ( 'NONE', #2083, #959 ) ;
#2700 =( GEOMETRIC_REPRESENTATION_CONTEXT ( 3 ) GLOBAL_UNCERTAINTY_ASSIGNED_CONTEXT ( ( #223 ) ) GLOBAL_UNIT_ASSIGNED_CONTEXT ( ( #1337, #883, #3168 ) ) REPRESENTATION_CONTEXT ( 'NONE', 'WORKASPACE' ) );
#2701 = DIRECTION ( 'NONE',  ( 0.000000000000000000, -0.000000000000000000, 1.000000000000000000 ) ) ;
#2702 = VECTOR ( 'NONE', #712, 1000.000000000000000 ) ;
#2703 = VECTOR ( 'NONE', #4439, 1000.000000000000000 ) ;
#2704 = VERTEX_POINT ( 'NONE', #3248 ) ;
#2705 = ORIENTED_EDGE ( 'NONE', *, *, #1428, .F. ) ;
#2706 = VECTOR ( 'NONE', #4785, 1000.000000000000000 ) ;
#2707 = CARTESIAN_POINT ( 'NONE',  ( -1.300000000000000044, 8.149999999999998579, -2.785000000000001030 ) ) ;
#2708 = DIRECTION ( 'NONE',  ( 0.000000000000000000, 0.000000000000000000, 1.000000000000000000 ) ) ;
#2709 = VECTOR ( 'NONE', #1147, 1000.000000000000000 ) ;
#2710 = CARTESIAN_POINT ( 'NONE',  ( -3.425000000000000711, 9.900000000000000355, 2.274999999999999467 ) ) ;
#2711 = CARTESIAN_POINT ( 'NONE',  ( 1.179999999999999716, 3.300000000000000711, -0.005000000000000663636 ) ) ;
#2712 = ORIENTED_EDGE ( 'NONE', *, *, #1157, .T. ) ;
#2713 = EDGE_CURVE ( 'NONE', #2678, #3011, #3342, .T. ) ;
#2714 = ADVANCED_FACE ( 'NONE', ( #1576 ), #1380, .F. ) ;
#2715 = VERTEX_POINT ( 'NONE', #1815 ) ;
#2716 = VECTOR ( 'NONE', #319, 1000.000000000000000 ) ;
#2717 = ADVANCED_FACE ( 'NONE', ( #3350 ), #1727, .F. ) ;
#2718 = DIRECTION ( 'NONE',  ( 0.000000000000000000, 0.000000000000000000, -1.000000000000000000 ) ) ;
#2719 = CARTESIAN_POINT ( 'NONE',  ( -4.524999999999995914, -1.449999999999999956, -1.016790638444954376E-15 ) ) ;
#2720 = ORIENTED_EDGE ( 'NONE', *, *, #2534, .T. ) ;
#2721 = PLANE ( 'NONE',  #3280 ) ;
#2722 = EDGE_CURVE ( 'NONE', #2131, #71, #1898, .T. ) ;
#2723 = VECTOR ( 'NONE', #1258, 1000.000000000000000 ) ;
#2724 = LINE ( 'NONE', #1873, #1116 ) ;
#2725 = VERTEX_POINT ( 'NONE', #4738 ) ;
#2726 = DIRECTION ( 'NONE',  ( 1.000000000000000000, -0.000000000000000000, -4.494102269369967741E-16 ) ) ;
#2727 = DIRECTION ( 'NONE',  ( -0.3015113445777614087, 0.9045340337332923308, -0.3015113445777614087 ) ) ;
#2728 = CARTESIAN_POINT ( 'NONE',  ( -1.180000000000000604, 1.350000000000000089, -1.585000000000000409 ) ) ;
#2729 = VECTOR ( 'NONE', #4432, 1000.000000000000000 ) ;
#2730 = EDGE_CURVE ( 'NONE', #911, #553, #3473, .T. ) ;
#2731 = VECTOR ( 'NONE', #3493, 1000.000000000000000 ) ;
#2732 = LINE ( 'NONE', #2970, #4331 ) ;
#2733 = VERTEX_POINT ( 'NONE', #3991 ) ;
#2734 = VECTOR ( 'NONE', #383, 1000.000000000000000 ) ;
#2735 = ORIENTED_EDGE ( 'NONE', *, *, #1622, .T. ) ;
#2736 = DIRECTION ( 'NONE',  ( -1.000000000000000000, -0.000000000000000000, 0.000000000000000000 ) ) ;
#2737 = DIRECTION ( 'NONE',  ( -0.000000000000000000, -0.000000000000000000, 1.000000000000000000 ) ) ;
#2738 = CARTESIAN_POINT ( 'NONE',  ( 0.2299999999999993161, 9.900000000000000355, -0.9550000000000004041 ) ) ;
#2739 = ORIENTED_EDGE ( 'NONE', *, *, #374, .T. ) ;
#2740 = LINE ( 'NONE', #589, #2774 ) ;
#2741 = ORIENTED_EDGE ( 'NONE', *, *, #3081, .F. ) ;
#2742 = VECTOR ( 'NONE', #1377, 1000.000000000000000 ) ;
#2743 = EDGE_CURVE ( 'NONE', #3866, #2374, #1861, .T. ) ;
#2744 = VECTOR ( 'NONE', #2404, 1000.000000000000000 ) ;
#2745 = CARTESIAN_POINT ( 'NONE',  ( 0.2299999999999993161, 3.300000000000000711, -0.9550000000000004041 ) ) ;
#2746 = AXIS2_PLACEMENT_3D ( 'NONE', #3487, #1878, #1640 ) ;
#2747 = CARTESIAN_POINT ( 'NONE',  ( 3.000000000000000000, 7.500000000000001776, 0.4349999999999987765 ) ) ;
#2748 = ORIENTED_EDGE ( 'NONE', *, *, #3035, .T. ) ;
#2749 = CARTESIAN_POINT ( 'NONE',  ( 3.890000000000000124, 1.849999999999999201, 2.024999999999999023 ) ) ;
#2750 = ADVANCED_FACE ( 'NONE', ( #288 ), #3338, .F. ) ;
#2751 = FACE_OUTER_BOUND ( 'NONE', #2016, .T. ) ;
#2752 = ADVANCED_FACE ( 'NONE', ( #3480 ), #2673, .F. ) ;
#2753 = LINE ( 'NONE', #3557, #4416 ) ;
#2754 = VECTOR ( 'NONE', #3256, 1000.000000000000000 ) ;
#2755 = VERTEX_POINT ( 'NONE', #876 ) ;
#2756 = MECHANICAL_DESIGN_GEOMETRIC_PRESENTATION_REPRESENTATION (  '', ( #3656 ), #2153 ) ;
#2757 = CARTESIAN_POINT ( 'NONE',  ( 1.819999999999999618, 1.269999999999999796, -0.5600000000000004974 ) ) ;
#2758 = FILL_AREA_STYLE_COLOUR ( '', #4437 ) ;
#2759 = FILL_AREA_STYLE ('',( #1583 ) ) ;
#2760 = LINE ( 'NONE', #2943, #4297 ) ;
#2761 = CARTESIAN_POINT ( 'NONE',  ( -4.825000000000000178, 0.6699999999999998179, 1.190000000000002611 ) ) ;
#2762 = VECTOR ( 'NONE', #500, 1000.000000000000000 ) ;
#2763 = DIRECTION ( 'NONE',  ( 1.000000000000000000, 0.000000000000000000, 0.000000000000000000 ) ) ;
#2764 = VECTOR ( 'NONE', #4301, 1000.000000000000000 ) ;
#2765 = ORIENTED_EDGE ( 'NONE', *, *, #4447, .T. ) ;
#2766 = VECTOR ( 'NONE', #3022, 1000.000000000000000 ) ;
#2767 = DIRECTION ( 'NONE',  ( 1.000000000000000000, -0.000000000000000000, -4.494102269369967741E-16 ) ) ;
#2768 = VECTOR ( 'NONE', #860, 1000.000000000000000 ) ;
#2769 = PLANE ( 'NONE',  #2044 ) ;
#2770 = EDGE_CURVE ( 'NONE', #1775, #2546, #232, .T. ) ;
#2771 = DIRECTION ( 'NONE',  ( 1.000000000000000000, 0.000000000000000000, 0.000000000000000000 ) ) ;
#2772 = CARTESIAN_POINT ( 'NONE',  ( -4.824999999999999289, 0.000000000000000000, -1.584999999999999964 ) ) ;
#2773 = ORIENTED_EDGE ( 'NONE', *, *, #4212, .T. ) ;
#2774 = VECTOR ( 'NONE', #4403, 999.9999999999998863 ) ;
#2775 = LINE ( 'NONE', #1175, #4380 ) ;
#2776 = DIRECTION ( 'NONE',  ( -0.000000000000000000, -0.000000000000000000, 1.000000000000000000 ) ) ;
#2777 = EDGE_CURVE ( 'NONE', #1953, #4788, #1867, .T. ) ;
#2778 = DIRECTION ( 'NONE',  ( -0.000000000000000000, -1.000000000000000000, -0.000000000000000000 ) ) ;
#2779 = DIRECTION ( 'NONE',  ( 2.353307041053807940E-16, 1.000000000000000000, 0.000000000000000000 ) ) ;
#2780 = EDGE_LOOP ( 'NONE', ( #3956, #1632, #1481, #1047 ) ) ;
#2781 = CARTESIAN_POINT ( 'NONE',  ( -3.889999999999998348, 0.000000000000000000, 2.024999999999999023 ) ) ;
#2782 = DIRECTION ( 'NONE',  ( 4.494102269369967741E-16, 3.614007241618347785E-16, 1.000000000000000000 ) ) ;
#2783 = LINE ( 'NONE', #4737, #2798 ) ;
#2784 = LINE ( 'NONE', #2496, #2742 ) ;
#2785 = EDGE_CURVE ( 'NONE', #4044, #889, #3469, .T. ) ;
#2786 = ORIENTED_EDGE ( 'NONE', *, *, #261, .F. ) ;
#2787 = ADVANCED_FACE ( 'NONE', ( #1767 ), #44, .F. ) ;
#2788 = DIRECTION ( 'NONE',  ( 1.000000000000000000, -0.000000000000000000, -4.494102269369967741E-16 ) ) ;
#2789 = CARTESIAN_POINT ( 'NONE',  ( 2.770000000000000018, 3.300000000000000711, 1.584999999999999298 ) ) ;
#2790 = CARTESIAN_POINT ( 'NONE',  ( 3.425000000000000266, 9.900000000000000355, -0.9550000000000007372 ) ) ;
#2791 = CARTESIAN_POINT ( 'NONE',  ( 3.440000000000000391, -6.062001655779399497E-16, -1.584999999999999964 ) ) ;
#2792 = LINE ( 'NONE', #1411, #1172 ) ;
#2793 = CARTESIAN_POINT ( 'NONE',  ( -1.180000000000000604, 0.6699999999999997069, 1.585000000000000853 ) ) ;
#2794 = FACE_OUTER_BOUND ( 'NONE', #3189, .T. ) ;
#2795 = LINE ( 'NONE', #2917, #4505 ) ;
#2796 = ORIENTED_EDGE ( 'NONE', *, *, #1013, .T. ) ;
#2797 = EDGE_CURVE ( 'NONE', #3889, #2061, #229, .T. ) ;
#2798 = VECTOR ( 'NONE', #3623, 1000.000000000000000 ) ;
#2799 = DIRECTION ( 'NONE',  ( -1.000000000000000000, 0.000000000000000000, 0.000000000000000000 ) ) ;
#2800 = DIRECTION ( 'NONE',  ( 0.000000000000000000, 1.000000000000000000, 0.000000000000000000 ) ) ;
#2801 = VECTOR ( 'NONE', #4287, 1000.000000000000000 ) ;
#2802 = CARTESIAN_POINT ( 'NONE',  ( -4.825000000000001066, -1.449999999999999956, 1.884999999999999787 ) ) ;
#2803 = CARTESIAN_POINT ( 'NONE',  ( 3.890000000000000124, 1.699999999999999956, -1.584999999999999964 ) ) ;
#2804 = ORIENTED_EDGE ( 'NONE', *, *, #1891, .F. ) ;
#2805 = EDGE_CURVE ( 'NONE', #702, #2131, #3355, .T. ) ;
#2806 = VECTOR ( 'NONE', #1724, 1000.000000000000000 ) ;
#2807 = AXIS2_PLACEMENT_3D ( 'NONE', #1653, #4376, #1040 ) ;
#2808 = APPLICATION_PROTOCOL_DEFINITION ( 'draft international standard', 'automotive_design', 1998, #3869 ) ;
#2809 = VECTOR ( 'NONE', #884, 1000.000000000000000 ) ;
#2810 = DIRECTION ( 'NONE',  ( -0.000000000000000000, 1.000000000000000000, -0.000000000000000000 ) ) ;
#2811 = CARTESIAN_POINT ( 'NONE',  ( -1.180000000000000604, 1.269999999999999796, 1.190000000000001723 ) ) ;
#2812 = ORIENTED_EDGE ( 'NONE', *, *, #4142, .T. ) ;
#2813 = DIRECTION ( 'NONE',  ( 0.000000000000000000, -0.000000000000000000, 1.000000000000000000 ) ) ;
#2814 = ORIENTED_EDGE ( 'NONE', *, *, #3414, .T. ) ;
#2815 = FACE_OUTER_BOUND ( 'NONE', #2473, .T. ) ;
#2816 = VECTOR ( 'NONE', #2048, 1000.000000000000000 ) ;
#2817 = ORIENTED_EDGE ( 'NONE', *, *, #1135, .T. ) ;
#2818 = LINE ( 'NONE', #1905, #1094 ) ;
#2819 =( GEOMETRIC_REPRESENTATION_CONTEXT ( 3 ) GLOBAL_UNCERTAINTY_ASSIGNED_CONTEXT ( ( #2290 ) ) GLOBAL_UNIT_ASSIGNED_CONTEXT ( ( #3150, #4371, #3961 ) ) REPRESENTATION_CONTEXT ( 'NONE', 'WORKASPACE' ) );
#2820 = CARTESIAN_POINT ( 'NONE',  ( -3.889999999999998348, 1.849999999999999201, 2.024999999999999023 ) ) ;
#2821 = ORIENTED_EDGE ( 'NONE', *, *, #1149, .T. ) ;
#2822 = CARTESIAN_POINT ( 'NONE',  ( 1.179999999999999716, 0.000000000000000000, 0.000000000000000000 ) ) ;
#2823 = CARTESIAN_POINT ( 'NONE',  ( 3.890000000000000124, 0.000000000000000000, 2.784999999999998810 ) ) ;
#2824 = PLANE ( 'NONE',  #623 ) ;
#2825 = VECTOR ( 'NONE', #2539, 1000.000000000000000 ) ;
#2826 = PLANE ( 'NONE',  #1163 ) ;
#2827 = EDGE_CURVE ( 'NONE', #3486, #1382, #294, .T. ) ;
#2828 = FACE_OUTER_BOUND ( 'NONE', #3638, .T. ) ;
#2829 = LINE ( 'NONE', #486, #2852 ) ;
#2830 = AXIS2_PLACEMENT_3D ( 'NONE', #4221, #4596, #2857 ) ;
#2831 = ORIENTED_EDGE ( 'NONE', *, *, #2134, .F. ) ;
#2832 = ADVANCED_FACE ( 'NONE', ( #1910 ), #1864, .T. ) ;
#2833 = ORIENTED_EDGE ( 'NONE', *, *, #459, .F. ) ;
#2834 = EDGE_CURVE ( 'NONE', #1525, #1146, #3510, .T. ) ;
#2835 = VECTOR ( 'NONE', #3247, 1000.000000000000000 ) ;
#2836 = CARTESIAN_POINT ( 'NONE',  ( -1.180000000000000604, 0.6699999999999998179, -0.5599999999999981659 ) ) ;
#2837 = FACE_OUTER_BOUND ( 'NONE', #1846, .T. ) ;
#2838 = DIRECTION ( 'NONE',  ( -0.000000000000000000, -0.000000000000000000, -1.000000000000000000 ) ) ;
#2839 = CARTESIAN_POINT ( 'NONE',  ( 3.425000000000001155, 9.900000000000000355, 1.044999999999999041 ) ) ;
#2840 = LINE ( 'NONE', #2255, #4542 ) ;
#2841 = DIRECTION ( 'NONE',  ( 0.000000000000000000, 0.3162277660168349991, 0.9486832980505148782 ) ) ;
#2842 = ORIENTED_EDGE ( 'NONE', *, *, #2124, .T. ) ;
#2843 = FACE_OUTER_BOUND ( 'NONE', #1613, .T. ) ;
#2844 = EDGE_CURVE ( 'NONE', #4026, #3787, #153, .T. ) ;
#2845 = LINE ( 'NONE', #474, #4329 ) ;
#2846 = LINE ( 'NONE', #3400, #1187 ) ;
#2847 = DIRECTION ( 'NONE',  ( 0.7071067811865512365, -0.000000000000000000, 0.7071067811865439090 ) ) ;
#2848 = CARTESIAN_POINT ( 'NONE',  ( -4.825000000000001066, 1.269999999999999796, -0.5599999999999974998 ) ) ;
#2849 = ORIENTED_EDGE ( 'NONE', *, *, #113, .T. ) ;
#2850 = FACE_OUTER_BOUND ( 'NONE', #1338, .T. ) ;
#2851 = EDGE_CURVE ( 'NONE', #4207, #477, #326, .T. ) ;
#2852 = VECTOR ( 'NONE', #122, 1000.000000000000000 ) ;
#2853 = ORIENTED_EDGE ( 'NONE', *, *, #3943, .F. ) ;
#2854 = DIRECTION ( 'NONE',  ( -2.247051134684983870E-16, 0.000000000000000000, -1.000000000000000000 ) ) ;
#2855 = DIRECTION ( 'NONE',  ( 0.000000000000000000, -0.000000000000000000, 1.000000000000000000 ) ) ;
#2856 = DIRECTION ( 'NONE',  ( -1.984809469081015402E-16, -0.000000000000000000, 1.000000000000000000 ) ) ;
#2857 = DIRECTION ( 'NONE',  ( -1.000000000000000000, 0.000000000000000000, 0.000000000000000000 ) ) ;
#2858 = CARTESIAN_POINT ( 'NONE',  ( 1.819999999999999618, 0.6699999999999997069, 1.585000000000001963 ) ) ;
#2859 = LINE ( 'NONE', #3756, #1246 ) ;
#2860 = LINE ( 'NONE', #2079, #2907 ) ;
#2861 = AXIS2_PLACEMENT_3D ( 'NONE', #738, #2162, #1048 ) ;
#2862 = VERTEX_POINT ( 'NONE', #4605 ) ;
#2863 = LINE ( 'NONE', #1433, #2825 ) ;
#2864 = CARTESIAN_POINT ( 'NONE',  ( -1.820000000000000506, -2.579999999999992966, -0.005000000000001723552 ) ) ;
#2865 = FACE_OUTER_BOUND ( 'NONE', #2780, .T. ) ;
#2866 = DIRECTION ( 'NONE',  ( 0.000000000000000000, 0.3162277660168349991, -0.9486832980505148782 ) ) ;
#2867 = VECTOR ( 'NONE', #231, 1000.000000000000000 ) ;
#2868 = CARTESIAN_POINT ( 'NONE',  ( 2.770000000000000018, 3.300000000000000711, 1.584999999999999298 ) ) ;
#2869 = DIRECTION ( 'NONE',  ( -1.000000000000000000, 0.000000000000000000, 4.494102269369967741E-16 ) ) ;
#2870 = VERTEX_POINT ( 'NONE', #3418 ) ;
#2871 = ADVANCED_FACE ( 'NONE', ( #3361 ), #2769, .F. ) ;
#2872 = LINE ( 'NONE', #1379, #2806 ) ;
#2873 = EDGE_LOOP ( 'NONE', ( #2114, #331, #2240, #2088 ) ) ;
#2874 = VECTOR ( 'NONE', #929, 1000.000000000000000 ) ;
#2875 = CARTESIAN_POINT ( 'NONE',  ( -3.889999999999998348, 0.000000000000000000, 2.024999999999999023 ) ) ;
#2876 = DIRECTION ( 'NONE',  ( 1.344746880602175966E-16, 1.000000000000000000, -0.000000000000000000 ) ) ;
#2877 = VERTEX_POINT ( 'NONE', #1895 ) ;
#2878 = DIRECTION ( 'NONE',  ( 1.000000000000000000, 0.000000000000000000, -4.494102269369967741E-16 ) ) ;
#2879 = LINE ( 'NONE', #3884, #4400 ) ;
#2880 = EDGE_CURVE ( 'NONE', #1520, #1066, #302, .T. ) ;
#2881 = ORIENTED_EDGE ( 'NONE', *, *, #3733, .T. ) ;
#2882 = EDGE_CURVE ( 'NONE', #3341, #867, #3462, .T. ) ;
#2883 = CARTESIAN_POINT ( 'NONE',  ( -3.440000000000000391, 0.6699999999999998179, 1.190000000000002611 ) ) ;
#2884 = CARTESIAN_POINT ( 'NONE',  ( 1.527272727272724895, 7.941818181818179667, 0.3422727272727250081 ) ) ;
#2885 = VECTOR ( 'NONE', #4088, 1000.000000000000000 ) ;
#2886 = ORIENTED_EDGE ( 'NONE', *, *, #4408, .T. ) ;
#2887 = CARTESIAN_POINT ( 'NONE',  ( 3.890000000000000124, 0.6699999999999997069, 1.584999999999998632 ) ) ;
#2888 = LINE ( 'NONE', #1409, #1286 ) ;
#2889 = VECTOR ( 'NONE', #2847, 1000.000000000000000 ) ;
#2890 = EDGE_CURVE ( 'NONE', #3934, #1577, #259, .T. ) ;
#2891 = VERTEX_POINT ( 'NONE', #1236 ) ;
#2892 = VECTOR ( 'NONE', #3577, 1000.000000000000000 ) ;
#2893 = SURFACE_SIDE_STYLE ('',( #932 ) ) ;
#2894 = CARTESIAN_POINT ( 'NONE',  ( -3.889999999999998348, 1.849999999999999201, 2.024999999999999023 ) ) ;
#2895 = DIRECTION ( 'NONE',  ( 0.9486832980505146562, -0.3162277660168354432, 0.000000000000000000 ) ) ;
#2896 = VECTOR ( 'NONE', #2810, 1000.000000000000000 ) ;
#2897 = DIRECTION ( 'NONE',  ( -1.000000000000000000, 0.000000000000000000, 0.000000000000000000 ) ) ;
#2898 = EDGE_CURVE ( 'NONE', #841, #2877, #1939, .T. ) ;
#2899 = VERTEX_POINT ( 'NONE', #4574 ) ;
#2900 = FACE_OUTER_BOUND ( 'NONE', #1967, .T. ) ;
#2901 = DIRECTION ( 'NONE',  ( -1.000000000000000000, 0.000000000000000000, 0.000000000000000000 ) ) ;
#2902 = ORIENTED_EDGE ( 'NONE', *, *, #3481, .T. ) ;
#2903 = DIRECTION ( 'NONE',  ( 1.344746880602175966E-16, -1.000000000000000000, 0.000000000000000000 ) ) ;
#2904 = ADVANCED_FACE ( 'NONE', ( #1874 ), #3447, .F. ) ;
#2905 = EDGE_CURVE ( 'NONE', #735, #3416, #265, .T. ) ;
#2906 = CARTESIAN_POINT ( 'NONE',  ( 1.300000000000000044, 6.899999999999999467, -2.085000000000000853 ) ) ;
#2907 = VECTOR ( 'NONE', #2696, 1000.000000000000000 ) ;
#2908 = VERTEX_POINT ( 'NONE', #4348 ) ;
#2909 = CARTESIAN_POINT ( 'NONE',  ( 1.179999999999999716, -1.765798204687476675E-16, 1.584999999999999964 ) ) ;
#2910 = DIRECTION ( 'NONE',  ( -1.233548213626064722E-31, 1.000000000000000000, -2.744815626545581052E-16 ) ) ;
#2911 = EDGE_CURVE ( 'NONE', #3428, #136, #3425, .T. ) ;
#2912 = AXIS2_PLACEMENT_3D ( 'NONE', #2542, #1412, #992 ) ;
#2913 = CARTESIAN_POINT ( 'NONE',  ( 0.2299999999999993161, 3.300000000000000711, 0.9350000000000032729 ) ) ;
#2914 = VECTOR ( 'NONE', #161, 1000.000000000000000 ) ;
#2915 = VECTOR ( 'NONE', #179, 1000.000000000000000 ) ;
#2916 = CLOSED_SHELL ( 'NONE', ( #815, #4621, #3783, #2504, #2277, #380, #457, #565, #3108, #3066, #722, #1438, #1375, #4627, #4137, #1496, #4033, #966, #1536, #4130, #2331, #3255, #675, #907, #143, #1023, #3459, #4187, #2936, #4515, #3562, #1837, #312, #2133, #772, #4757, #2517, #1695, #2426, #2229, #634, #1784, #2750, #1221, #2714, #2053, #55, #4480, #3603, #4656, #3137, #4081, #3950, #1869, #1061, #494, #1564, #4554, #1117, #3284, #97, #3670, #2787, #3242, #3641, #1608, #4585, #3739, #275, #3138, #1270, #914, #4334, #2669, #106, #2832, #646, #3426, #1266, #2192, #1407, #1303, #1180, #1906, #3774, #1530, #1772, #341, #3490, #4293, #4241, #1812, #3706, #3320, #2717, #138, #1104, #3105, #1982, #1144, #4688, #3988, #16, #1802, #300, #4443, #2575, #1909, #2080, #2093, #2160, #1463, #2871, #422, #3388, #3528, #1447, #4191, #454, #264, #491 ) ) ;
#2917 = CARTESIAN_POINT ( 'NONE',  ( 4.175000000000000711, 0.000000000000000000, 2.784999999999999698 ) ) ;
#2918 = LINE ( 'NONE', #3846, #1401 ) ;
#2919 = PLANE ( 'NONE',  #1842 ) ;
#2920 = LINE ( 'NONE', #1708, #1318 ) ;
#2921 = CARTESIAN_POINT ( 'NONE',  ( 4.825000000000000178, 1.849999999999999201, 1.774999999999999245 ) ) ;
#2922 = CARTESIAN_POINT ( 'NONE',  ( 1.819999999999999618, 1.350000000000000089, -1.585000000000000409 ) ) ;
#2923 = ORIENTED_EDGE ( 'NONE', *, *, #108, .F. ) ;
#2924 = FACE_OUTER_BOUND ( 'NONE', #236, .T. ) ;
#2925 = DIRECTION ( 'NONE',  ( 1.000000000000000000, 0.000000000000000000, 0.000000000000000000 ) ) ;
#2926 = DIRECTION ( 'NONE',  ( 1.000000000000000000, 0.000000000000000000, 0.000000000000000000 ) ) ;
#2927 = CARTESIAN_POINT ( 'NONE',  ( -4.824999999999999289, 8.499999999999994671, -1.584999999999999964 ) ) ;
#2928 = ORIENTED_EDGE ( 'NONE', *, *, #4663, .T. ) ;
#2929 = PLANE ( 'NONE',  #2195 ) ;
#2930 = CARTESIAN_POINT ( 'NONE',  ( -4.824999999999999289, 0.000000000000000000, -1.584999999999999964 ) ) ;
#2931 = EDGE_CURVE ( 'NONE', #1598, #2715, #220, .T. ) ;
#2932 = ORIENTED_EDGE ( 'NONE', *, *, #4805, .F. ) ;
#2933 = VECTOR ( 'NONE', #1032, 1000.000000000000000 ) ;
#2934 = VECTOR ( 'NONE', #1159, 1000.000000000000114 ) ;
#2935 = VERTEX_POINT ( 'NONE', #4382 ) ;
#2936 = ADVANCED_FACE ( 'NONE', ( #1890 ), #507, .F. ) ;
#2937 = DIRECTION ( 'NONE',  ( -1.000000000000000000, 0.000000000000000000, 1.280553747030123322E-16 ) ) ;
#2938 = DIRECTION ( 'NONE',  ( 0.000000000000000000, 1.000000000000000000, 0.000000000000000000 ) ) ;
#2939 = DIRECTION ( 'NONE',  ( -5.954428407243046206E-16, 0.000000000000000000, -1.000000000000000000 ) ) ;
#2940 = CARTESIAN_POINT ( 'NONE',  ( 1.499999999999999556, 8.300000000000000711, 2.774999999999999467 ) ) ;
#2941 = SURFACE_STYLE_FILL_AREA ( #3197 ) ;
#2942 = EDGE_CURVE ( 'NONE', #2697, #895, #335, .T. ) ;
#2943 = CARTESIAN_POINT ( 'NONE',  ( -3.889999999999998348, 1.849999999999999201, 2.024999999999999023 ) ) ;
#2944 = VECTOR ( 'NONE', #187, 1000.000000000000000 ) ;
#2945 = ORIENTED_EDGE ( 'NONE', *, *, #3313, .T. ) ;
#2946 = LINE ( 'NONE', #3306, #3041 ) ;
#2947 = EDGE_CURVE ( 'NONE', #2004, #1492, #283, .T. ) ;
#2948 = CARTESIAN_POINT ( 'NONE',  ( 0.8800000000000022249, 9.900000000000000355, 1.584999999999999520 ) ) ;
#2949 = DIRECTION ( 'NONE',  ( 1.000000000000000000, 0.000000000000000000, 0.000000000000000000 ) ) ;
#2950 = VECTOR ( 'NONE', #1807, 1000.000000000000000 ) ;
#2951 = CARTESIAN_POINT ( 'NONE',  ( 1.179999999999999716, -7.265096679918780609, 0.6349999999999974554 ) ) ;
#2952 = DIRECTION ( 'NONE',  ( -0.000000000000000000, 0.000000000000000000, 1.000000000000000000 ) ) ;
#2953 = ORIENTED_EDGE ( 'NONE', *, *, #1979, .T. ) ;
#2954 = DIRECTION ( 'NONE',  ( 0.000000000000000000, -2.744815626545581052E-16, 1.000000000000000000 ) ) ;
#2955 = DIRECTION ( 'NONE',  ( 0.000000000000000000, 0.000000000000000000, -1.000000000000000000 ) ) ;
#2956 = EDGE_LOOP ( 'NONE', ( #3563, #439, #596, #2106 ) ) ;
#2957 = DIRECTION ( 'NONE',  ( -1.000000000000000000, 0.000000000000000000, 0.000000000000000000 ) ) ;
#2958 = DIRECTION ( 'NONE',  ( -2.247051134684983870E-16, 2.744815626545581052E-16, -1.000000000000000000 ) ) ;
#2959 = VERTEX_POINT ( 'NONE', #4278 ) ;
#2960 = VECTOR ( 'NONE', #2148, 1000.000000000000000 ) ;
#2961 = ADVANCED_FACE ( 'NONE', ( #3524 ), #3859, .F. ) ;
#2962 = EDGE_CURVE ( 'NONE', #2342, #3819, #320, .T. ) ;
#2963 = ORIENTED_EDGE ( 'NONE', *, *, #355, .T. ) ;
#2964 = AXIS2_PLACEMENT_3D ( 'NONE', #2619, #3612, #4484 ) ;
#2965 = DIRECTION ( 'NONE',  ( -0.000000000000000000, -0.000000000000000000, 1.000000000000000000 ) ) ;
#2966 = DIRECTION ( 'NONE',  ( 1.000000000000000000, 0.000000000000000000, -0.000000000000000000 ) ) ;
#2967 = VECTOR ( 'NONE', #4092, 1000.000000000000000 ) ;
#2968 = VERTEX_POINT ( 'NONE', #3600 ) ;
#2969 = ORIENTED_EDGE ( 'NONE', *, *, #1322, .F. ) ;
#2970 = CARTESIAN_POINT ( 'NONE',  ( 3.602731958762881881, -2.218556701030924838, 1.562731958762882289 ) ) ;
#2971 = CARTESIAN_POINT ( 'NONE',  ( -1.180000000000000604, -7.265096679918780609, 0.6349999999999974554 ) ) ;
#2972 = DIRECTION ( 'NONE',  ( 0.000000000000000000, 1.000000000000000000, -0.000000000000000000 ) ) ;
#2973 = AXIS2_PLACEMENT_3D ( 'NONE', #1738, #2895, #4316 ) ;
#2974 = LINE ( 'NONE', #677, #2960 ) ;
#2975 = DIRECTION ( 'NONE',  ( -0.8869140841669813646, -0.000000000000000000, 0.4619344188369649551 ) ) ;
#2976 = CARTESIAN_POINT ( 'NONE',  ( -4.825000000000000178, 1.269999999999999796, 1.190000000000002389 ) ) ;
#2977 = ORIENTED_EDGE ( 'NONE', *, *, #4510, .T. ) ;
#2978 = EDGE_CURVE ( 'NONE', #4167, #2004, #3540, .T. ) ;
#2979 = AXIS2_PLACEMENT_3D ( 'NONE', #3023, #1170, #395 ) ;
#2980 = LINE ( 'NONE', #580, #4589 ) ;
#2981 = EDGE_CURVE ( 'NONE', #4026, #967, #2018, .T. ) ;
#2982 = CARTESIAN_POINT ( 'NONE',  ( 1.819999999999999618, 1.269999999999999796, 1.189999999999999503 ) ) ;
#2983 = EDGE_LOOP ( 'NONE', ( #4706, #4198, #4559, #1002 ) ) ;
#2984 = PLANE ( 'NONE',  #1396 ) ;
#2985 = CARTESIAN_POINT ( 'NONE',  ( -4.825000000000001066, -3.252606517456513302E-16, -0.9549999999999976286 ) ) ;
#2986 = DIRECTION ( 'NONE',  ( 0.000000000000000000, 0.000000000000000000, 1.000000000000000000 ) ) ;
#2987 = EDGE_LOOP ( 'NONE', ( #249, #178, #1786, #3205 ) ) ;
#2988 = LINE ( 'NONE', #238, #1324 ) ;
#2989 = VECTOR ( 'NONE', #2957, 1000.000000000000000 ) ;
#2990 = EDGE_CURVE ( 'NONE', #4537, #3537, #3640, .T. ) ;
#2991 = VERTEX_POINT ( 'NONE', #568 ) ;
#2992 = CARTESIAN_POINT ( 'NONE',  ( 3.440000000000000391, 0.6699999999999997069, -0.9550000000000011813 ) ) ;
#2993 = DIRECTION ( 'NONE',  ( 1.000000000000000000, 0.000000000000000000, 0.000000000000000000 ) ) ;
#2994 = LINE ( 'NONE', #2025, #4496 ) ;
#2995 = LINE ( 'NONE', #2573, #1415 ) ;
#2996 = ADVANCED_FACE ( 'NONE', ( #2003 ), #1737, .F. ) ;
#2997 = ORIENTED_EDGE ( 'NONE', *, *, #1697, .F. ) ;
#2998 = EDGE_CURVE ( 'NONE', #2131, #118, #2043, .T. ) ;
#2999 = ORIENTED_EDGE ( 'NONE', *, *, #4042, .F. ) ;
#3000 = VECTOR ( 'NONE', #3882, 1000.000000000000000 ) ;
#3001 = DIRECTION ( 'NONE',  ( 0.000000000000000000, 0.000000000000000000, 1.000000000000000000 ) ) ;
#3002 = DIRECTION ( 'NONE',  ( 0.000000000000000000, 1.000000000000000000, 0.000000000000000000 ) ) ;
#3003 = VECTOR ( 'NONE', #4760, 1000.000000000000000 ) ;
#3004 = CARTESIAN_POINT ( 'NONE',  ( -1.300000000000000044, 6.899999999999999467, -2.085000000000000853 ) ) ;
#3005 = DIRECTION ( 'NONE',  ( 1.000000000000000000, 0.000000000000000000, -4.494102269369967741E-16 ) ) ;
#3006 = ORIENTED_EDGE ( 'NONE', *, *, #2905, .F. ) ;
#3007 = VECTOR ( 'NONE', #3084, 1000.000000000000000 ) ;
#3008 = AXIS2_PLACEMENT_3D ( 'NONE', #3012, #3044, #3542 ) ;
#3009 = VECTOR ( 'NONE', #2233, 1000.000000000000000 ) ;
#3010 = CARTESIAN_POINT ( 'NONE',  ( -4.824999999999998401, -1.199999999999997957, 2.785000000000001030 ) ) ;
#3011 = VERTEX_POINT ( 'NONE', #3568 ) ;
#3012 = CARTESIAN_POINT ( 'NONE',  ( -4.825000000000001066, 0.6699999999999998179, -0.5599999999999976108 ) ) ;
#3013 = DIRECTION ( 'NONE',  ( -0.3015113445777610202, 0.9045340337332925529, 0.3015113445777610202 ) ) ;
#3014 = CARTESIAN_POINT ( 'NONE',  ( -4.825000000000001066, 1.269999999999999796, -0.5599999999999974998 ) ) ;
#3015 = DIRECTION ( 'NONE',  ( 0.000000000000000000, 0.000000000000000000, -1.000000000000000000 ) ) ;
#3016 = EDGE_CURVE ( 'NONE', #1045, #2935, #360, .T. ) ;
#3017 = LINE ( 'NONE', #2353, #2933 ) ;
#3018 = PRESENTATION_LAYER_ASSIGNMENT (  '', '', ( #295 ) ) ;
#3019 = FACE_OUTER_BOUND ( 'NONE', #3715, .T. ) ;
#3020 = ORIENTED_EDGE ( 'NONE', *, *, #1794, .F. ) ;
#3021 = CARTESIAN_POINT ( 'NONE',  ( -3.440000000000000391, 0.000000000000000000, 2.024999999999999023 ) ) ;
#3022 = DIRECTION ( 'NONE',  ( -1.000000000000000000, 0.000000000000000000, 0.000000000000000000 ) ) ;
#3023 = CARTESIAN_POINT ( 'NONE',  ( -3.440000000000000391, -1.448757163391319161E-15, -1.584999999999999964 ) ) ;
#3024 = ORIENTED_EDGE ( 'NONE', *, *, #2170, .F. ) ;
#3025 = LINE ( 'NONE', #151, #3007 ) ;
#3026 = CARTESIAN_POINT ( 'NONE',  ( -1.820000000000000506, 1.349999999999999867, -0.005000000000001014917 ) ) ;
#3027 = CARTESIAN_POINT ( 'NONE',  ( -1.820000000000000506, 0.6699999999999998179, -0.5599999999999981659 ) ) ;
#3028 = LINE ( 'NONE', #1403, #1372 ) ;
#3029 = AXIS2_PLACEMENT_3D ( 'NONE', #888, #181, #2779 ) ;
#3030 = AXIS2_PLACEMENT_3D ( 'NONE', #363, #2212, #3132 ) ;
#3031 = ORIENTED_EDGE ( 'NONE', *, *, #1195, .F. ) ;
#3032 = CARTESIAN_POINT ( 'NONE',  ( -3.440000000000000391, 1.699999999999999067, -1.584999999999999964 ) ) ;
#3033 = ORIENTED_EDGE ( 'NONE', *, *, #3539, .F. ) ;
#3034 = DIRECTION ( 'NONE',  ( -0.3015113445777610202, -0.9045340337332925529, 0.3015113445777610202 ) ) ;
#3035 = EDGE_CURVE ( 'NONE', #976, #828, #3598, .T. ) ;
#3036 = LINE ( 'NONE', #2085, #2950 ) ;
#3037 = DIRECTION ( 'NONE',  ( -1.000000000000000000, 0.000000000000000000, -0.000000000000000000 ) ) ;
#3038 = ADVANCED_FACE ( 'NONE', ( #1970 ), #2919, .F. ) ;
#3039 = DIRECTION ( 'NONE',  ( -1.000000000000000000, 0.000000000000000000, -0.000000000000000000 ) ) ;
#3040 = ORIENTED_EDGE ( 'NONE', *, *, #2687, .F. ) ;
#3041 = VECTOR ( 'NONE', #2156, 1000.000000000000000 ) ;
#3042 = EDGE_CURVE ( 'NONE', #2613, #895, #1980, .T. ) ;
#3043 = LINE ( 'NONE', #3875, #1427 ) ;
#3044 = DIRECTION ( 'NONE',  ( -1.233548213626064722E-31, 1.000000000000000000, -2.744815626545581052E-16 ) ) ;
#3045 = DIRECTION ( 'NONE',  ( 0.7071067811865461294, -0.7071067811865489050, 0.000000000000000000 ) ) ;
#3046 = CARTESIAN_POINT ( 'NONE',  ( 0.000000000000000000, 0.000000000000000000, 0.000000000000000000 ) ) ;
#3047 = EDGE_CURVE ( 'NONE', #2526, #1520, #2050, .T. ) ;
#3048 = LINE ( 'NONE', #2672, #4712 ) ;
#3049 = LINE ( 'NONE', #2662, #1385 ) ;
#3050 = DIRECTION ( 'NONE',  ( 0.000000000000000000, 0.7071067811865477948, 0.7071067811865473507 ) ) ;
#3051 = PLANE ( 'NONE',  #3552 ) ;
#3052 = DIRECTION ( 'NONE',  ( 0.000000000000000000, 0.000000000000000000, -1.000000000000000000 ) ) ;
#3053 = CARTESIAN_POINT ( 'NONE',  ( 1.300000000000000044, 7.400000000000000355, -2.085000000000000853 ) ) ;
#3054 = VECTOR ( 'NONE', #1840, 1000.000000000000000 ) ;
#3055 = EDGE_CURVE ( 'NONE', #1146, #1045, #468, .T. ) ;
#3056 = LINE ( 'NONE', #1371, #4568 ) ;
#3057 = DIRECTION ( 'NONE',  ( 0.000000000000000000, 0.000000000000000000, 1.000000000000000000 ) ) ;
#3058 = VERTEX_POINT ( 'NONE', #279 ) ;
#3059 = DIRECTION ( 'NONE',  ( 0.000000000000000000, -0.000000000000000000, 1.000000000000000000 ) ) ;
#3060 = PLANE ( 'NONE',  #2347 ) ;
#3061 = LINE ( 'NONE', #4052, #1410 ) ;
#3062 = CARTESIAN_POINT ( 'NONE',  ( -4.175000000000000711, 0.000000000000000000, 1.884999999999999787 ) ) ;
#3063 = AXIS2_PLACEMENT_3D ( 'NONE', #80, #805, #2328 ) ;
#3064 = FACE_OUTER_BOUND ( 'NONE', #81, .T. ) ;
#3065 = FACE_OUTER_BOUND ( 'NONE', #1819, .T. ) ;
#3066 = ADVANCED_FACE ( 'NONE', ( #2100 ), #2646, .F. ) ;
#3067 = DIRECTION ( 'NONE',  ( -0.000000000000000000, -1.000000000000000000, -0.000000000000000000 ) ) ;
#3068 = DIRECTION ( 'NONE',  ( 0.000000000000000000, 0.000000000000000000, -1.000000000000000000 ) ) ;
#3069 = DIRECTION ( 'NONE',  ( 0.000000000000000000, 1.000000000000000000, -3.614007241618347785E-16 ) ) ;
#3070 = AXIS2_PLACEMENT_3D ( 'NONE', #945, #2096, #1352 ) ;
#3071 = DIRECTION ( 'NONE',  ( 1.000000000000000000, 0.000000000000000000, -1.391489419232732941E-15 ) ) ;
#3072 = LINE ( 'NONE', #4516, #3155 ) ;
#3073 = FACE_OUTER_BOUND ( 'NONE', #2304, .T. ) ;
#3074 = DIRECTION ( 'NONE',  ( -0.6092076990801721381, 0.5076730825668082092, -0.6092076990801716940 ) ) ;
#3075 = PRESENTATION_LAYER_ASSIGNMENT (  '', '', ( #1359 ) ) ;
#3076 = CARTESIAN_POINT ( 'NONE',  ( -1.180000000000000604, 7.500000000000001776, 0.6349999999999992317 ) ) ;
#3077 = ORIENTED_EDGE ( 'NONE', *, *, #2218, .F. ) ;
#3078 = DIRECTION ( 'NONE',  ( -0.000000000000000000, 2.744815626545581052E-16, 1.000000000000000000 ) ) ;
#3079 = VECTOR ( 'NONE', #2040, 1000.000000000000000 ) ;
#3080 = LINE ( 'NONE', #1885, #3009 ) ;
#3081 = EDGE_CURVE ( 'NONE', #492, #3622, #493, .T. ) ;
#3082 = EDGE_CURVE ( 'NONE', #4243, #512, #392, .T. ) ;
#3083 = ORIENTED_EDGE ( 'NONE', *, *, #807, .T. ) ;
#3084 = DIRECTION ( 'NONE',  ( 0.000000000000000000, 0.000000000000000000, -1.000000000000000000 ) ) ;
#3085 = ORIENTED_EDGE ( 'NONE', *, *, #3305, .T. ) ;
#3086 = PLANE ( 'NONE',  #2557 ) ;
#3087 = VECTOR ( 'NONE', #2527, 1000.000000000000000 ) ;
#3088 = DIRECTION ( 'NONE',  ( 0.000000000000000000, -1.000000000000000000, -1.618212197739559129E-16 ) ) ;
#3089 = DIRECTION ( 'NONE',  ( 0.000000000000000000, 1.000000000000000000, 0.000000000000000000 ) ) ;
#3090 = EDGE_CURVE ( 'NONE', #3702, #1354, #3627, .T. ) ;
#3091 = ORIENTED_EDGE ( 'NONE', *, *, #2409, .T. ) ;
#3092 = EDGE_LOOP ( 'NONE', ( #2653, #1612, #4552, #4126 ) ) ;
#3093 = LINE ( 'NONE', #3363, #4664 ) ;
#3094 = VECTOR ( 'NONE', #3329, 1000.000000000000000 ) ;
#3095 = DIRECTION ( 'NONE',  ( -0.7071067811865461294, 0.7071067811865489050, 0.000000000000000000 ) ) ;
#3096 = DIRECTION ( 'NONE',  ( 0.000000000000000000, -0.000000000000000000, -1.000000000000000000 ) ) ;
#3097 = SURFACE_STYLE_USAGE ( .BOTH. , #64 ) ;
#3098 = PLANE ( 'NONE',  #2830 ) ;
#3099 = PLANE ( 'NONE',  #1981 ) ;
#3100 = EDGE_CURVE ( 'NONE', #3761, #4386, #3443, .T. ) ;
#3101 = CARTESIAN_POINT ( 'NONE',  ( 0.000000000000000000, 7.500000000000001776, 0.1949999999999998679 ) ) ;
#3102 = ORIENTED_EDGE ( 'NONE', *, *, #1083, .F. ) ;
#3103 = ORIENTED_EDGE ( 'NONE', *, *, #177, .T. ) ;
#3104 = LINE ( 'NONE', #3939, #4703 ) ;
#3105 = ADVANCED_FACE ( 'NONE', ( #3434 ), #1932, .F. ) ;
#3106 = DIRECTION ( 'NONE',  ( -1.000000000000000000, 0.000000000000000000, 2.247051134684983870E-16 ) ) ;
#3107 = EDGE_CURVE ( 'NONE', #2392, #492, #1913, .T. ) ;
#3108 = ADVANCED_FACE ( 'NONE', ( #3526 ), #1247, .F. ) ;
#3109 = ORIENTED_EDGE ( 'NONE', *, *, #1622, .F. ) ;
#3110 = SURFACE_STYLE_USAGE ( .BOTH. , #1987 ) ;
#3111 = EDGE_LOOP ( 'NONE', ( #3932, #847, #721, #1226, #2657, #358 ) ) ;
#3112 = CARTESIAN_POINT ( 'NONE',  ( -2.770000000000000906, 3.300000000000000711, 1.584999999999999520 ) ) ;
#3113 = VECTOR ( 'NONE', #2965, 1000.000000000000000 ) ;
#3114 = LINE ( 'NONE', #2313, #3124 ) ;
#3115 = VERTEX_POINT ( 'NONE', #3712 ) ;
#3116 = AXIS2_PLACEMENT_3D ( 'NONE', #3209, #4342, #624 ) ;
#3117 = PLANE ( 'NONE',  #2322 ) ;
#3118 = EDGE_LOOP ( 'NONE', ( #3660, #4676, #4789, #2035 ) ) ;
#3119 = AXIS2_PLACEMENT_3D ( 'NONE', #3981, #4759, #1856 ) ;
#3120 = CARTESIAN_POINT ( 'NONE',  ( -1.180000000000000604, 1.269999999999999796, 1.190000000000002389 ) ) ;
#3121 = DIRECTION ( 'NONE',  ( 1.000000000000000000, 0.000000000000000000, 0.000000000000000000 ) ) ;
#3122 = ORIENTED_EDGE ( 'NONE', *, *, #3194, .T. ) ;
#3123 = EDGE_LOOP ( 'NONE', ( #102, #2999, #173 ) ) ;
#3124 = VECTOR ( 'NONE', #1651, 1000.000000000000000 ) ;
#3125 = PRODUCT_RELATED_PRODUCT_CATEGORY ( 'part', '', ( #4588 ) ) ;
#3126 = DIRECTION ( 'NONE',  ( -0.000000000000000000, -1.000000000000000000, -0.000000000000000000 ) ) ;
#3127 = DIRECTION ( 'NONE',  ( 1.000000000000000000, -0.000000000000000000, -4.494102269369967741E-16 ) ) ;
#3128 = DIRECTION ( 'NONE',  ( 1.000000000000000000, 0.000000000000000000, -0.000000000000000000 ) ) ;
#3129 = ORIENTED_EDGE ( 'NONE', *, *, #3369, .T. ) ;
#3130 = CARTESIAN_POINT ( 'NONE',  ( -3.864999999999990887, 1.849999999999999201, 2.274999999999999467 ) ) ;
#3131 = ORIENTED_EDGE ( 'NONE', *, *, #4733, .T. ) ;
#3132 = DIRECTION ( 'NONE',  ( -1.000000000000000000, 0.000000000000000000, 4.494102269369967741E-16 ) ) ;
#3133 = DIRECTION ( 'NONE',  ( -1.000000000000000000, 0.000000000000000000, 0.000000000000000000 ) ) ;
#3134 = EDGE_CURVE ( 'NONE', #2935, #1101, #1882, .T. ) ;
#3135 = ORIENTED_EDGE ( 'NONE', *, *, #3423, .F. ) ;
#3136 = DIRECTION ( 'NONE',  ( 0.000000000000000000, -2.744815626545581052E-16, -1.000000000000000000 ) ) ;
#3137 = ADVANCED_FACE ( 'NONE', ( #323 ), #3655, .F. ) ;
#3138 = ADVANCED_FACE ( 'NONE', ( #330 ), #3633, .F. ) ;
#3139 = ORIENTED_EDGE ( 'NONE', *, *, #3278, .T. ) ;
#3140 = PRODUCT_CONTEXT ( 'NONE', #3869, 'mechanical' ) ;
#3141 = CARTESIAN_POINT ( 'NONE',  ( -4.825000000000000178, 1.269999999999999796, 1.190000000000002389 ) ) ;
#3142 = EDGE_CURVE ( 'NONE', #4680, #377, #3498, .T. ) ;
#3143 = VECTOR ( 'NONE', #499, 1000.000000000000000 ) ;
#3144 = PLANE ( 'NONE',  #4592 ) ;
#3145 = CARTESIAN_POINT ( 'NONE',  ( -1.180000000000000604, -1.195926965901974925E-15, -0.9549999999999992939 ) ) ;
#3146 = ORIENTED_EDGE ( 'NONE', *, *, #2500, .T. ) ;
#3147 = ORIENTED_EDGE ( 'NONE', *, *, #2844, .T. ) ;
#3148 = EDGE_CURVE ( 'NONE', #1976, #1677, #3553, .T. ) ;
#3149 = DIRECTION ( 'NONE',  ( -0.000000000000000000, 0.000000000000000000, 1.000000000000000000 ) ) ;
#3150 =( LENGTH_UNIT ( ) NAMED_UNIT ( * ) SI_UNIT ( .MILLI., .METRE. ) );
#3151 = CARTESIAN_POINT ( 'NONE',  ( 3.890000000000000124, 1.850000000000000089, 2.784999999999998810 ) ) ;
#3152 = CARTESIAN_POINT ( 'NONE',  ( -1.180000000000000604, 0.000000000000000000, 2.024999999999999023 ) ) ;
#3153 = ORIENTED_EDGE ( 'NONE', *, *, #3307, .F. ) ;
#3154 = VERTEX_POINT ( 'NONE', #4499 ) ;
#3155 = VECTOR ( 'NONE', #1166, 1000.000000000000000 ) ;
#3156 = EDGE_CURVE ( 'NONE', #1853, #574, #2073, .T. ) ;
#3157 =( LENGTH_UNIT ( ) NAMED_UNIT ( * ) SI_UNIT ( .MILLI., .METRE. ) );
#3158 = VERTEX_POINT ( 'NONE', #22 ) ;
#3159 = DIRECTION ( 'NONE',  ( 0.000000000000000000, -1.000000000000000000, 0.000000000000000000 ) ) ;
#3160 = DIRECTION ( 'NONE',  ( 0.000000000000000000, -1.000000000000000000, 0.000000000000000000 ) ) ;
#3161 = EDGE_LOOP ( 'NONE', ( #2336, #4332, #820, #3334 ) ) ;
#3162 = CARTESIAN_POINT ( 'NONE',  ( -1.300000000000000044, 7.400000000000000355, -2.085000000000000853 ) ) ;
#3163 = LINE ( 'NONE', #4660, #4770 ) ;
#3164 = FACE_OUTER_BOUND ( 'NONE', #412, .T. ) ;
#3165 = AXIS2_PLACEMENT_3D ( 'NONE', #2906, #3237, #3015 ) ;
#3166 = AXIS2_PLACEMENT_3D ( 'NONE', #3046, #1833, #3692 ) ;
#3167 = ORIENTED_EDGE ( 'NONE', *, *, #538, .F. ) ;
#3168 =( NAMED_UNIT ( * ) SI_UNIT ( $, .STERADIAN. ) SOLID_ANGLE_UNIT ( ) );
#3169 = CARTESIAN_POINT ( 'NONE',  ( -1.300000000000000044, 8.149999999999998579, -2.785000000000001030 ) ) ;
#3170 = ORIENTED_EDGE ( 'NONE', *, *, #3450, .T. ) ;
#3171 = VECTOR ( 'NONE', #3133, 1000.000000000000000 ) ;
#3172 = CARTESIAN_POINT ( 'NONE',  ( 3.890000000000000124, 0.6699999999999998179, 1.189999999999998836 ) ) ;
#3173 = DIRECTION ( 'NONE',  ( -0.000000000000000000, -1.000000000000000000, -0.000000000000000000 ) ) ;
#3174 = ADVANCED_FACE ( 'NONE', ( #2013 ), #3372, .F. ) ;
#3175 = ORIENTED_EDGE ( 'NONE', *, *, #2785, .T. ) ;
#3176 = LINE ( 'NONE', #3825, #3079 ) ;
#3177 = AXIS2_PLACEMENT_3D ( 'NONE', #4745, #1418, #2476 ) ;
#3178 = CARTESIAN_POINT ( 'NONE',  ( -1.820000000000000506, 1.349999999999999645, 0.6349999999999990097 ) ) ;
#3179 = CARTESIAN_POINT ( 'NONE',  ( -3.890000000000000124, 0.6699999999999998179, 1.190000000000002167 ) ) ;
#3180 = CARTESIAN_POINT ( 'NONE',  ( -0.2300000000000001765, 3.300000000000000711, 1.584999999999999298 ) ) ;
#3181 = DIRECTION ( 'NONE',  ( 0.000000000000000000, -1.000000000000000000, 0.000000000000000000 ) ) ;
#3182 = EDGE_CURVE ( 'NONE', #4019, #2122, #2028, .T. ) ;
#3183 = ORIENTED_EDGE ( 'NONE', *, *, #1690, .F. ) ;
#3184 = AXIS2_PLACEMENT_3D ( 'NONE', #3543, #4696, #1749 ) ;
#3185 = ORIENTED_EDGE ( 'NONE', *, *, #1140, .T. ) ;
#3186 = VECTOR ( 'NONE', #3850, 1000.000000000000000 ) ;
#3187 = EDGE_CURVE ( 'NONE', #505, #637, #2127, .T. ) ;
#3188 = CARTESIAN_POINT ( 'NONE',  ( 0.4999999999999993339, 8.300000000000000711, 2.774999999999999467 ) ) ;
#3189 = EDGE_LOOP ( 'NONE', ( #2902, #2068, #1093, #2842 ) ) ;
#3190 = CARTESIAN_POINT ( 'NONE',  ( -3.440000000000000391, 1.269999999999999796, -0.5599999999999980549 ) ) ;
#3191 = CARTESIAN_POINT ( 'NONE',  ( 1.300000000000000044, 9.350000000000001421, -1.584999999999999964 ) ) ;
#3192 = LINE ( 'NONE', #1488, #4808 ) ;
#3193 = CARTESIAN_POINT ( 'NONE',  ( -4.175000000000000711, -1.449999999999999956, 1.884999999999999787 ) ) ;
#3194 = EDGE_CURVE ( 'NONE', #3742, #1354, #2086, .T. ) ;
#3195 = ORIENTED_EDGE ( 'NONE', *, *, #1919, .F. ) ;
#3196 = VECTOR ( 'NONE', #3159, 1000.000000000000000 ) ;
#3197 = FILL_AREA_STYLE ('',( #1276 ) ) ;
#3198 = DIRECTION ( 'NONE',  ( 2.247051134684983870E-16, 0.000000000000000000, 1.000000000000000000 ) ) ;
#3199 = DIRECTION ( 'NONE',  ( 1.000000000000000000, 0.000000000000000000, -4.494102269369967741E-16 ) ) ;
#3200 = DIRECTION ( 'NONE',  ( 1.548860246407865308E-16, 0.000000000000000000, -1.000000000000000000 ) ) ;
#3201 = DIRECTION ( 'NONE',  ( -1.000000000000000000, -0.000000000000000000, -0.000000000000000000 ) ) ;
#3202 = EDGE_CURVE ( 'NONE', #1937, #4448, #2111, .T. ) ;
#3203 = EDGE_LOOP ( 'NONE', ( #114, #3698, #3839, #3786 ) ) ;
#3204 = LINE ( 'NONE', #3900, #128 ) ;
#3205 = ORIENTED_EDGE ( 'NONE', *, *, #3461, .F. ) ;
#3206 = CARTESIAN_POINT ( 'NONE',  ( -3.440000000000000391, 1.269999999999999796, 1.190000000000002389 ) ) ;
#3207 = CARTESIAN_POINT ( 'NONE',  ( 1.819999999999999618, 0.6699999999999998179, -0.5599999999999981659 ) ) ;
#3208 = DIRECTION ( 'NONE',  ( 1.344746880602175966E-16, 1.000000000000000000, -0.000000000000000000 ) ) ;
#3209 = CARTESIAN_POINT ( 'NONE',  ( -4.825000000000001066, 0.6699999999999997069, -0.9549999999999975175 ) ) ;
#3210 = ORIENTED_EDGE ( 'NONE', *, *, #1872, .T. ) ;
#3211 = VECTOR ( 'NONE', #4583, 1000.000000000000000 ) ;
#3212 = ORIENTED_EDGE ( 'NONE', *, *, #1384, .F. ) ;
#3213 = LINE ( 'NONE', #3812, #1611 ) ;
#3214 = AXIS2_PLACEMENT_3D ( 'NONE', #3935, #3106, #3446 ) ;
#3215 = VECTOR ( 'NONE', #1098, 1000.000000000000000 ) ;
#3216 = CARTESIAN_POINT ( 'NONE',  ( 1.179999999999999716, -7.265096679918780609, -0.005000000000002567495 ) ) ;
#3217 = ORIENTED_EDGE ( 'NONE', *, *, #4647, .T. ) ;
#3218 = CARTESIAN_POINT ( 'NONE',  ( 1.819999999999999618, 0.6699999999999997069, 1.584999999999999520 ) ) ;
#3219 = CARTESIAN_POINT ( 'NONE',  ( -3.890000000000000124, 1.269999999999999796, 1.190000000000001945 ) ) ;
#3220 = FACE_OUTER_BOUND ( 'NONE', #3118, .T. ) ;
#3221 = PLANE ( 'NONE',  #4678 ) ;
#3222 = EDGE_CURVE ( 'NONE', #3154, #2030, #2142, .T. ) ;
#3223 = ORIENTED_EDGE ( 'NONE', *, *, #1551, .F. ) ;
#3224 = CARTESIAN_POINT ( 'NONE',  ( -2.770000000000000906, 9.900000000000000355, -0.9550000000000004041 ) ) ;
#3225 = AXIS2_PLACEMENT_3D ( 'NONE', #2072, #633, #599 ) ;
#3226 = VERTEX_POINT ( 'NONE', #2019 ) ;
#3227 = VERTEX_POINT ( 'NONE', #3172 ) ;
#3228 = FACE_OUTER_BOUND ( 'NONE', #3430, .T. ) ;
#3229 = CARTESIAN_POINT ( 'NONE',  ( -1.820000000000000506, 0.6699999999999998179, -0.5599999999999976108 ) ) ;
#3230 = CARTESIAN_POINT ( 'NONE',  ( 3.425000000000000266, 9.900000000000000355, -7.696150136296069880E-16 ) ) ;
#3231 = VERTEX_POINT ( 'NONE', #2811 ) ;
#3232 = LINE ( 'NONE', #1555, #1566 ) ;
#3233 = CARTESIAN_POINT ( 'NONE',  ( 3.425000000000001155, 9.900000000000000355, 1.044999999999999041 ) ) ;
#3234 = CARTESIAN_POINT ( 'NONE',  ( -3.890000000000000124, -9.527752097366409041E-16, -0.9549999999999979616 ) ) ;
#3235 = CARTESIAN_POINT ( 'NONE',  ( 0.000000000000000000, 0.000000000000000000, 0.000000000000000000 ) ) ;
#3236 = AXIS2_PLACEMENT_3D ( 'NONE', #2719, #3738, #4162 ) ;
#3237 = DIRECTION ( 'NONE',  ( 1.000000000000000000, 0.000000000000000000, 0.000000000000000000 ) ) ;
#3238 = ORIENTED_EDGE ( 'NONE', *, *, #3453, .T. ) ;
#3239 = ORIENTED_EDGE ( 'NONE', *, *, #1670, .F. ) ;
#3240 = LINE ( 'NONE', #1088, #1744 ) ;
#3241 = AXIS2_PLACEMENT_3D ( 'NONE', #2822, #1649, #2311 ) ;
#3242 = ADVANCED_FACE ( 'NONE', ( #3801 ), #3086, .F. ) ;
#3243 = ORIENTED_EDGE ( 'NONE', *, *, #2827, .F. ) ;
#3244 = LINE ( 'NONE', #4304, #61 ) ;
#3245 = EDGE_CURVE ( 'NONE', #3312, #4008, #649, .T. ) ;
#3246 = CARTESIAN_POINT ( 'NONE',  ( 1.300000000000000044, 6.899999999999999467, -1.585000000000000187 ) ) ;
#3247 = DIRECTION ( 'NONE',  ( 0.000000000000000000, -1.000000000000000000, 0.000000000000000000 ) ) ;
#3248 = CARTESIAN_POINT ( 'NONE',  ( 3.890000000000000124, 1.699999999999999956, -1.584999999999999964 ) ) ;
#3249 = CARTESIAN_POINT ( 'NONE',  ( 1.819999999999999618, 1.269999999999999796, 1.190000000000001723 ) ) ;
#3250 = ORIENTED_EDGE ( 'NONE', *, *, #1809, .F. ) ;
#3251 = ORIENTED_EDGE ( 'NONE', *, *, #4401, .F. ) ;
#3252 = LINE ( 'NONE', #4532, #1599 ) ;
#3253 = EDGE_CURVE ( 'NONE', #298, #4309, #3921, .T. ) ;
#3254 = VERTEX_POINT ( 'NONE', #489 ) ;
#3255 = ADVANCED_FACE ( 'NONE', ( #2346 ), #3144, .F. ) ;
#3256 = DIRECTION ( 'NONE',  ( 0.000000000000000000, 2.744815626545581052E-16, -1.000000000000000000 ) ) ;
#3257 = ORIENTED_EDGE ( 'NONE', *, *, #1968, .T. ) ;
#3258 = ORIENTED_EDGE ( 'NONE', *, *, #4042, .T. ) ;
#3259 = VECTOR ( 'NONE', #3347, 1000.000000000000000 ) ;
#3260 = DIRECTION ( 'NONE',  ( -2.247051134684983870E-16, -0.000000000000000000, -1.000000000000000000 ) ) ;
#3261 = VERTEX_POINT ( 'NONE', #3872 ) ;
#3262 = DIRECTION ( 'NONE',  ( 1.000000000000000000, -0.000000000000000000, -4.494102269369967741E-16 ) ) ;
#3263 = EDGE_CURVE ( 'NONE', #3416, #3671, #3953, .T. ) ;
#3264 = ORIENTED_EDGE ( 'NONE', *, *, #1453, .T. ) ;
#3265 = FACE_OUTER_BOUND ( 'NONE', #3445, .T. ) ;
#3266 = PLANE ( 'NONE',  #3769 ) ;
#3267 = LINE ( 'NONE', #2660, #4811 ) ;
#3268 = PLANE ( 'NONE',  #2690 ) ;
#3269 = SURFACE_STYLE_USAGE ( .BOTH. , #2021 ) ;
#3270 = EDGE_CURVE ( 'NONE', #20, #1675, #4022, .T. ) ;
#3271 = VERTEX_POINT ( 'NONE', #1603 ) ;
#3272 = VERTEX_POINT ( 'NONE', #4248 ) ;
#3273 = VECTOR ( 'NONE', #157, 1000.000000000000000 ) ;
#3274 = VERTEX_POINT ( 'NONE', #180 ) ;
#3275 = LINE ( 'NONE', #1883, #121 ) ;
#3276 = DIRECTION ( 'NONE',  ( -0.7071067811865489050, 0.7071067811865461294, -1.588905095008681427E-16 ) ) ;
#3277 = DIRECTION ( 'NONE',  ( 0.000000000000000000, -4.013177737926092743E-16, -1.000000000000000000 ) ) ;
#3278 = EDGE_CURVE ( 'NONE', #3741, #762, #857, .T. ) ;
#3279 = CARTESIAN_POINT ( 'NONE',  ( -1.180000000000000604, 1.349999999999999645, 0.6349999999999990097 ) ) ;
#3280 = AXIS2_PLACEMENT_3D ( 'NONE', #1214, #3089, #1250 ) ;
#3281 = ORIENTED_EDGE ( 'NONE', *, *, #2677, .F. ) ;
#3282 = ORIENTED_EDGE ( 'NONE', *, *, #1421, .F. ) ;
#3283 = LINE ( 'NONE', #2707, #1625 ) ;
#3284 = ADVANCED_FACE ( 'NONE', ( #984 ), #931, .F. ) ;
#3285 = LINE ( 'NONE', #863, #4790 ) ;
#3286 = EDGE_CURVE ( 'NONE', #880, #4026, #4366, .T. ) ;
#3287 = DIRECTION ( 'NONE',  ( 1.000000000000000000, -0.000000000000000000, -4.494102269369967741E-16 ) ) ;
#3288 = ORIENTED_EDGE ( 'NONE', *, *, #4303, .T. ) ;
#3289 = DIRECTION ( 'NONE',  ( -1.000000000000000000, 0.000000000000000000, -9.276596128218219609E-16 ) ) ;
#3290 = CARTESIAN_POINT ( 'NONE',  ( -3.890000000000000124, 0.6699999999999998179, 1.190000000000002611 ) ) ;
#3291 = ORIENTED_EDGE ( 'NONE', *, *, #3773, .F. ) ;
#3292 = FACE_OUTER_BOUND ( 'NONE', #2135, .T. ) ;
#3293 = DIRECTION ( 'NONE',  ( -1.000000000000000000, -0.000000000000000000, -0.000000000000000000 ) ) ;
#3294 = ORIENTED_EDGE ( 'NONE', *, *, #3439, .T. ) ;
#3295 = VECTOR ( 'NONE', #1111, 1000.000000000000000 ) ;
#3296 = ADVANCED_FACE ( 'NONE', ( #4641 ), #2382, .T. ) ;
#3297 = ORIENTED_EDGE ( 'NONE', *, *, #1510, .F. ) ;
#3298 = LINE ( 'NONE', #307, #43 ) ;
#3299 = CARTESIAN_POINT ( 'NONE',  ( 3.864999999999990887, 9.460000000000007958, 2.274999999999999467 ) ) ;
#3300 = CARTESIAN_POINT ( 'NONE',  ( 1.819999999999999618, 1.269999999999999796, 1.190000000000002389 ) ) ;
#3301 = DIRECTION ( 'NONE',  ( 1.000000000000000000, -0.000000000000000000, -4.494102269369967741E-16 ) ) ;
#3302 = EDGE_CURVE ( 'NONE', #4008, #1469, #3576, .T. ) ;
#3303 = VERTEX_POINT ( 'NONE', #3483 ) ;
#3304 = LINE ( 'NONE', #2556, #3318 ) ;
#3305 = EDGE_CURVE ( 'NONE', #4471, #3822, #2252, .T. ) ;
#3306 = CARTESIAN_POINT ( 'NONE',  ( 4.825000000000001066, -1.449999999999999956, 1.884999999999999787 ) ) ;
#3307 = EDGE_CURVE ( 'NONE', #2299, #1976, #2168, .T. ) ;
#3308 = CARTESIAN_POINT ( 'NONE',  ( 3.000000000000000000, 1.349999999999999867, 4.573977915173221831E-16 ) ) ;
#3309 = EDGE_LOOP ( 'NONE', ( #604, #4774, #450, #1960 ) ) ;
#3310 = ORIENTED_EDGE ( 'NONE', *, *, #2218, .T. ) ;
#3311 = VECTOR ( 'NONE', #3034, 1000.000000000000114 ) ;
#3312 = VERTEX_POINT ( 'NONE', #4288 ) ;
#3313 = EDGE_CURVE ( 'NONE', #3762, #3272, #794, .T. ) ;
#3314 = ORIENTED_EDGE ( 'NONE', *, *, #3832, .T. ) ;
#3315 = DIRECTION ( 'NONE',  ( 0.000000000000000000, -2.744815626545581052E-16, 1.000000000000000000 ) ) ;
#3316 = DIRECTION ( 'NONE',  ( 0.000000000000000000, 0.000000000000000000, 1.000000000000000000 ) ) ;
#3317 = ORIENTED_EDGE ( 'NONE', *, *, #316, .T. ) ;
#3318 = VECTOR ( 'NONE', #631, 1000.000000000000000 ) ;
#3319 = CARTESIAN_POINT ( 'NONE',  ( 4.824999999999999289, 0.000000000000000000, -1.584999999999999964 ) ) ;
#3320 = ADVANCED_FACE ( 'NONE', ( #4048 ), #844, .F. ) ;
#3321 = EDGE_LOOP ( 'NONE', ( #2075, #3500, #682, #4054 ) ) ;
#3322 = CARTESIAN_POINT ( 'NONE',  ( -4.175000000000000711, 0.000000000000000000, 2.785000000000000142 ) ) ;
#3323 = ORIENTED_EDGE ( 'NONE', *, *, #1416, .F. ) ;
#3324 = EDGE_LOOP ( 'NONE', ( #3975, #1841, #2685, #3876, #908 ) ) ;
#3325 = LINE ( 'NONE', #2242, #11 ) ;
#3326 = ORIENTED_EDGE ( 'NONE', *, *, #601, .T. ) ;
#3327 = LINE ( 'NONE', #242, #72 ) ;
#3328 = CARTESIAN_POINT ( 'NONE',  ( -4.825000000000000178, 0.6699999999999998179, 1.190000000000002611 ) ) ;
#3329 = DIRECTION ( 'NONE',  ( 0.000000000000000000, 1.000000000000000000, 1.618212197739559129E-16 ) ) ;
#3330 = ORIENTED_EDGE ( 'NONE', *, *, #3802, .T. ) ;
#3331 = ORIENTED_EDGE ( 'NONE', *, *, #2647, .T. ) ;
#3332 = LINE ( 'NONE', #3726, #70 ) ;
#3333 = EDGE_CURVE ( 'NONE', #2453, #3622, #855, .T. ) ;
#3334 = ORIENTED_EDGE ( 'NONE', *, *, #545, .T. ) ;
#3335 = AXIS2_PLACEMENT_3D ( 'NONE', #1857, #2204, #1449 ) ;
#3336 = CARTESIAN_POINT ( 'NONE',  ( -1.180000000000000604, 0.6699999999999998179, 1.190000000000001057 ) ) ;
#3337 = PLANE ( 'NONE',  #35 ) ;
#3338 = PLANE ( 'NONE',  #3030 ) ;
#3339 = ORIENTED_EDGE ( 'NONE', *, *, #1531, .F. ) ;
#3340 = ORIENTED_EDGE ( 'NONE', *, *, #3665, .F. ) ;
#3341 = VERTEX_POINT ( 'NONE', #3010 ) ;
#3342 = LINE ( 'NONE', #3592, #3295 ) ;
#3343 = ORIENTED_EDGE ( 'NONE', *, *, #4173, .T. ) ;
#3344 = DIRECTION ( 'NONE',  ( -1.000000000000000000, 0.000000000000000000, -4.336808689942017736E-16 ) ) ;
#3345 = ORIENTED_EDGE ( 'NONE', *, *, #2400, .F. ) ;
#3346 = DIRECTION ( 'NONE',  ( 9.276596128218219609E-16, 0.000000000000000000, -1.000000000000000000 ) ) ;
#3347 = DIRECTION ( 'NONE',  ( -0.000000000000000000, -1.000000000000000000, -0.000000000000000000 ) ) ;
#3348 = ORIENTED_EDGE ( 'NONE', *, *, #3353, .T. ) ;
#3349 = CARTESIAN_POINT ( 'NONE',  ( -1.820000000000000506, 3.300000000000000711, -0.005000000000000663636 ) ) ;
#3350 = FACE_OUTER_BOUND ( 'NONE', #2987, .T. ) ;
#3351 = ORIENTED_EDGE ( 'NONE', *, *, #2677, .T. ) ;
#3352 = ORIENTED_EDGE ( 'NONE', *, *, #1559, .F. ) ;
#3353 = EDGE_CURVE ( 'NONE', #3227, #1118, #2577, .T. ) ;
#3354 = ADVANCED_FACE ( 'NONE', ( #905 ), #3689, .F. ) ;
#3355 = LINE ( 'NONE', #3729, #3501 ) ;
#3356 = CARTESIAN_POINT ( 'NONE',  ( -1.180000000000000604, 0.6699999999999998179, -0.5599999999999976108 ) ) ;
#3357 = DIRECTION ( 'NONE',  ( 0.000000000000000000, 0.000000000000000000, 1.000000000000000000 ) ) ;
#3358 = DIRECTION ( 'NONE',  ( 1.233548213626064722E-31, 1.000000000000000000, 2.744815626545581052E-16 ) ) ;
#3359 = ORIENTED_EDGE ( 'NONE', *, *, #261, .T. ) ;
#3360 = ORIENTED_EDGE ( 'NONE', *, *, #587, .F. ) ;
#3361 = FACE_OUTER_BOUND ( 'NONE', #498, .T. ) ;
#3362 = EDGE_CURVE ( 'NONE', #4256, #3885, #2631, .T. ) ;
#3363 = CARTESIAN_POINT ( 'NONE',  ( 1.179999999999999716, 1.349999999999999423, 2.024999999999999023 ) ) ;
#3364 = DIRECTION ( 'NONE',  ( 1.000000000000000000, 0.000000000000000000, -0.000000000000000000 ) ) ;
#3365 = CARTESIAN_POINT ( 'NONE',  ( 0.000000000000000000, 3.300000000000000711, 0.000000000000000000 ) ) ;
#3366 = ORIENTED_EDGE ( 'NONE', *, *, #2227, .F. ) ;
#3367 = ORIENTED_EDGE ( 'NONE', *, *, #1748, .F. ) ;
#3368 = ORIENTED_EDGE ( 'NONE', *, *, #4510, .F. ) ;
#3369 = EDGE_CURVE ( 'NONE', #1953, #3985, #2530, .T. ) ;
#3370 = CARTESIAN_POINT ( 'NONE',  ( 4.825000000000000178, 1.850000000000000089, 2.784999999999999698 ) ) ;
#3371 = ORIENTED_EDGE ( 'NONE', *, *, #2890, .T. ) ;
#3372 = PLANE ( 'NONE',  #1739 ) ;
#3373 = CARTESIAN_POINT ( 'NONE',  ( -3.889999999999998348, 1.849999999999999201, 2.274999999999999467 ) ) ;
#3374 = VERTEX_POINT ( 'NONE', #3579 ) ;
#3375 = CARTESIAN_POINT ( 'NONE',  ( -2.770000000000000906, 3.300000000000000711, -0.9550000000000004041 ) ) ;
#3376 = EDGE_CURVE ( 'NONE', #1066, #3611, #4121, .T. ) ;
#3377 = ORIENTED_EDGE ( 'NONE', *, *, #1217, .F. ) ;
#3378 = ORIENTED_EDGE ( 'NONE', *, *, #3665, .T. ) ;
#3379 = VERTEX_POINT ( 'NONE', #1778 ) ;
#3380 = PLANE ( 'NONE',  #3241 ) ;
#3381 = DIRECTION ( 'NONE',  ( 1.000000000000000000, 2.168404344971007389E-16, 0.000000000000000000 ) ) ;
#3382 = CARTESIAN_POINT ( 'NONE',  ( -4.825000000000001066, 1.269999999999999796, -0.5599999999999974998 ) ) ;
#3383 = CARTESIAN_POINT ( 'NONE',  ( 3.440000000000000391, 0.6699999999999997069, -0.9550000000000011813 ) ) ;
#3384 = EDGE_CURVE ( 'NONE', #4201, #2406, #4087, .T. ) ;
#3385 = ORIENTED_EDGE ( 'NONE', *, *, #1133, .F. ) ;
#3386 = AXIS2_PLACEMENT_3D ( 'NONE', #2574, #2120, #2878 ) ;
#3387 = ORIENTED_EDGE ( 'NONE', *, *, #795, .F. ) ;
#3388 = ADVANCED_FACE ( 'NONE', ( #4220 ), #2146, .F. ) ;
#3389 = VERTEX_POINT ( 'NONE', #3299 ) ;
#3390 = CARTESIAN_POINT ( 'NONE',  ( -1.180000000000000604, 6.899999999999995026, 0.6349999999999992317 ) ) ;
#3391 = CARTESIAN_POINT ( 'NONE',  ( 1.819999999999999618, -7.265096679918780609, -0.005000000000002567495 ) ) ;
#3392 = DIRECTION ( 'NONE',  ( 0.000000000000000000, 2.744815626545581052E-16, -1.000000000000000000 ) ) ;
#3393 = PLANE ( 'NONE',  #514 ) ;
#3394 = EDGE_CURVE ( 'NONE', #3629, #524, #4295, .T. ) ;
#3395 = ORIENTED_EDGE ( 'NONE', *, *, #96, .T. ) ;
#3396 = DIRECTION ( 'NONE',  ( 0.000000000000000000, -2.744815626545581052E-16, 1.000000000000000000 ) ) ;
#3397 = ORIENTED_EDGE ( 'NONE', *, *, #2134, .T. ) ;
#3398 = VERTEX_POINT ( 'NONE', #1062 ) ;
#3399 = AXIS2_PLACEMENT_3D ( 'NONE', #4101, #361, #4024 ) ;
#3400 = CARTESIAN_POINT ( 'NONE',  ( -4.825000000000000178, 1.269999999999999796, 1.190000000000002389 ) ) ;
#3401 = EDGE_LOOP ( 'NONE', ( #4617, #2689, #3367, #3345, #1312, #3282, #4632, #1702, #3368, #4227, #4761, #1356 ) ) ;
#3402 = DIRECTION ( 'NONE',  ( 1.000000000000000000, 0.000000000000000000, 0.000000000000000000 ) ) ;
#3403 = PLANE ( 'NONE',  #3663 ) ;
#3404 = ORIENTED_EDGE ( 'NONE', *, *, #2077, .T. ) ;
#3405 = EDGE_CURVE ( 'NONE', #2038, #828, #918, .T. ) ;
#3406 = DIRECTION ( 'NONE',  ( -1.000000000000000000, -0.000000000000000000, 0.000000000000000000 ) ) ;
#3407 = AXIS2_PLACEMENT_3D ( 'NONE', #1974, #3466, #1260 ) ;
#3408 = EDGE_CURVE ( 'NONE', #3611, #3686, #1018, .T. ) ;
#3409 = VERTEX_POINT ( 'NONE', #4449 ) ;
#3410 = ORIENTED_EDGE ( 'NONE', *, *, #1650, .T. ) ;
#3411 = EDGE_LOOP ( 'NONE', ( #988, #724, #2121, #94 ) ) ;
#3412 = CARTESIAN_POINT ( 'NONE',  ( 4.825000000000000178, 1.850000000000000089, 2.784999999999999698 ) ) ;
#3413 = DIRECTION ( 'NONE',  ( -0.000000000000000000, 1.000000000000000000, 1.801998070613027504E-16 ) ) ;
#3414 = EDGE_CURVE ( 'NONE', #1775, #1790, #973, .T. ) ;
#3415 = ORIENTED_EDGE ( 'NONE', *, *, #185, .T. ) ;
#3416 = VERTEX_POINT ( 'NONE', #3980 ) ;
#3417 = EDGE_LOOP ( 'NONE', ( #2198, #1417, #1234, #3890, #2228, #854, #3820, #4061, #2849, #525, #3709, #3780, #2300, #2412, #2393, #3771, #784, #3909, #4506, #2256, #4071, #1132 ) ) ;
#3418 = CARTESIAN_POINT ( 'NONE',  ( 4.824999999999999289, 8.499999999999994671, -1.584999999999999964 ) ) ;
#3419 = DIRECTION ( 'NONE',  ( -1.000000000000000000, 0.000000000000000000, 0.000000000000000000 ) ) ;
#3420 = ORIENTED_EDGE ( 'NONE', *, *, #4629, .F. ) ;
#3421 = DIRECTION ( 'NONE',  ( -0.000000000000000000, 1.000000000000000000, -0.000000000000000000 ) ) ;
#3422 = EDGE_LOOP ( 'NONE', ( #4093, #2977, #4190, #4578 ) ) ;
#3423 = EDGE_CURVE ( 'NONE', #828, #4269, #2597, .T. ) ;
#3424 = ADVANCED_FACE ( 'NONE', ( #1115 ), #1616, .F. ) ;
#3425 = LINE ( 'NONE', #2948, #1848 ) ;
#3426 = ADVANCED_FACE ( 'NONE', ( #2828 ), #788, .T. ) ;
#3427 = CARTESIAN_POINT ( 'NONE',  ( 1.819999999999999618, -7.265096679918780609, -0.005000000000002567495 ) ) ;
#3428 = VERTEX_POINT ( 'NONE', #414 ) ;
#3429 = PLANE ( 'NONE',  #2467 ) ;
#3430 = EDGE_LOOP ( 'NONE', ( #694, #4148, #4434, #3649, #483, #2676, #2558, #3701, #2502, #2831, #4123, #375, #490, #2748, #2511 ) ) ;
#3431 = DIRECTION ( 'NONE',  ( -2.353307041053807940E-16, 1.000000000000000000, -0.000000000000000000 ) ) ;
#3432 = AXIS2_PLACEMENT_3D ( 'NONE', #1277, #1602, #1963 ) ;
#3433 = VECTOR ( 'NONE', #3074, 1000.000000000000114 ) ;
#3434 = FACE_OUTER_BOUND ( 'NONE', #196, .T. ) ;
#3435 = ORIENTED_EDGE ( 'NONE', *, *, #2110, .T. ) ;
#3436 = CARTESIAN_POINT ( 'NONE',  ( 4.175000000000000711, -1.449999999999999956, 1.884999999999999787 ) ) ;
#3437 = ORIENTED_EDGE ( 'NONE', *, *, #3718, .T. ) ;
#3438 = SURFACE_SIDE_STYLE ('',( #1151 ) ) ;
#3439 = EDGE_CURVE ( 'NONE', #527, #1746, #1186, .T. ) ;
#3440 = DIRECTION ( 'NONE',  ( 0.000000000000000000, -1.000000000000000000, 0.000000000000000000 ) ) ;
#3441 = STYLED_ITEM ( 'NONE', ( #3865 ), #467 ) ;
#3442 = CARTESIAN_POINT ( 'NONE',  ( -4.824999999999999289, 0.000000000000000000, -1.584999999999999964 ) ) ;
#3443 = LINE ( 'NONE', #1515, #1870 ) ;
#3444 = ORIENTED_EDGE ( 'NONE', *, *, #4294, .T. ) ;
#3445 = EDGE_LOOP ( 'NONE', ( #4711, #616, #3707, #799 ) ) ;
#3446 = DIRECTION ( 'NONE',  ( 2.247051134684983870E-16, 0.000000000000000000, 1.000000000000000000 ) ) ;
#3447 = PLANE ( 'NONE',  #4028 ) ;
#3448 = CARTESIAN_POINT ( 'NONE',  ( -1.820000000000000506, 3.300000000000000711, 0.6349999999999992317 ) ) ;
#3449 = PLANE ( 'NONE',  #3803 ) ;
#3450 = EDGE_CURVE ( 'NONE', #2583, #1382, #1204, .T. ) ;
#3451 = ORIENTED_EDGE ( 'NONE', *, *, #3302, .T. ) ;
#3452 = VECTOR ( 'NONE', #1595, 1000.000000000000114 ) ;
#3453 = EDGE_CURVE ( 'NONE', #298, #469, #1220, .T. ) ;
#3454 = CARTESIAN_POINT ( 'NONE',  ( -3.890000000000000124, 0.6699999999999997069, -0.9549999999999979616 ) ) ;
#3455 = CARTESIAN_POINT ( 'NONE',  ( -1.820000000000000506, 1.349999999999999423, 2.024999999999999023 ) ) ;
#3456 = CARTESIAN_POINT ( 'NONE',  ( 1.819999999999999618, -3.252606517456513302E-16, -0.9550000000000006262 ) ) ;
#3457 = ORIENTED_EDGE ( 'NONE', *, *, #533, .F. ) ;
#3458 = DIRECTION ( 'NONE',  ( 0.000000000000000000, -1.000000000000000000, 0.000000000000000000 ) ) ;
#3459 = ADVANCED_FACE ( 'NONE', ( #4372 ), #1350, .F. ) ;
#3460 = ORIENTED_EDGE ( 'NONE', *, *, #2942, .F. ) ;
#3461 = EDGE_CURVE ( 'NONE', #419, #3673, #4453, .T. ) ;
#3462 = LINE ( 'NONE', #4147, #1918 ) ;
#3463 = CARTESIAN_POINT ( 'NONE',  ( 3.890000000000000124, 1.699999999999999956, 2.024999999999999023 ) ) ;
#3464 = VERTEX_POINT ( 'NONE', #4594 ) ;
#3465 = CARTESIAN_POINT ( 'NONE',  ( -1.620000000000000107, -3.180000000000000160, 0.4349999999999979994 ) ) ;
#3466 = DIRECTION ( 'NONE',  ( -0.000000000000000000, 0.000000000000000000, 1.000000000000000000 ) ) ;
#3467 = DIRECTION ( 'NONE',  ( 0.000000000000000000, 0.000000000000000000, -1.000000000000000000 ) ) ;
#3468 = EDGE_CURVE ( 'NONE', #3608, #1539, #1212, .T. ) ;
#3469 = LINE ( 'NONE', #12, #1903 ) ;
#3470 = PLANE ( 'NONE',  #2807 ) ;
#3471 = ORIENTED_EDGE ( 'NONE', *, *, #1369, .F. ) ;
#3472 = ORIENTED_EDGE ( 'NONE', *, *, #1255, .F. ) ;
#3473 = LINE ( 'NONE', #1434, #1829 ) ;
#3474 = FILL_AREA_STYLE ('',( #4635 ) ) ;
#3475 = CARTESIAN_POINT ( 'NONE',  ( -1.820000000000000506, 7.500000000000001776, 0.6349999999999992317 ) ) ;
#3476 = CARTESIAN_POINT ( 'NONE',  ( 4.824999999999999289, 0.6699999999999997069, -0.9550000000000018474 ) ) ;
#3477 = PLANE ( 'NONE',  #1590 ) ;
#3478 = VECTOR ( 'NONE', #699, 1000.000000000000000 ) ;
#3479 = ORIENTED_EDGE ( 'NONE', *, *, #1670, .T. ) ;
#3480 = FACE_OUTER_BOUND ( 'NONE', #965, .T. ) ;
#3481 = EDGE_CURVE ( 'NONE', #3271, #2144, #4477, .T. ) ;
#3482 = CARTESIAN_POINT ( 'NONE',  ( 4.825000000000001066, -3.252606517456513302E-16, -0.9550000000000019584 ) ) ;
#3483 = CARTESIAN_POINT ( 'NONE',  ( 1.619999999999998996, 7.500000000000001776, 0.4349999999999987765 ) ) ;
#3484 = AXIS2_PLACEMENT_3D ( 'NONE', #4195, #4639, #2327 ) ;
#3485 = CARTESIAN_POINT ( 'NONE',  ( 4.825000000000000178, 8.499999999999994671, 2.274999999999999023 ) ) ;
#3486 = VERTEX_POINT ( 'NONE', #3465 ) ;
#3487 = CARTESIAN_POINT ( 'NONE',  ( -4.825000000000001066, 0.6699999999999998179, -0.5599999999999976108 ) ) ;
#3488 = VECTOR ( 'NONE', #199, 1000.000000000000000 ) ;
#3489 = ORIENTED_EDGE ( 'NONE', *, *, #4570, .T. ) ;
#3490 = ADVANCED_FACE ( 'NONE', ( #2837 ), #3380, .T. ) ;
#3491 = DIRECTION ( 'NONE',  ( -1.000000000000000000, 0.000000000000000000, 0.000000000000000000 ) ) ;
#3492 = ORIENTED_EDGE ( 'NONE', *, *, #1206, .T. ) ;
#3493 = DIRECTION ( 'NONE',  ( 0.000000000000000000, 0.000000000000000000, 1.000000000000000000 ) ) ;
#3494 = CARTESIAN_POINT ( 'NONE',  ( 1.179999999999999716, 0.000000000000000000, 2.024999999999999023 ) ) ;
#3495 = DIRECTION ( 'NONE',  ( 1.000000000000000000, -0.000000000000000000, -4.494102269369967741E-16 ) ) ;
#3496 = DIRECTION ( 'NONE',  ( 0.000000000000000000, -1.801998070613027504E-16, 1.000000000000000000 ) ) ;
#3497 = CARTESIAN_POINT ( 'NONE',  ( 3.425000000000000266, 9.900000000000000355, -0.9550000000000007372 ) ) ;
#3498 = LINE ( 'NONE', #53, #1945 ) ;
#3499 = ORIENTED_EDGE ( 'NONE', *, *, #15, .T. ) ;
#3500 = ORIENTED_EDGE ( 'NONE', *, *, #336, .F. ) ;
#3501 = VECTOR ( 'NONE', #2799, 1000.000000000000000 ) ;
#3502 =( NAMED_UNIT ( * ) SI_UNIT ( $, .STERADIAN. ) SOLID_ANGLE_UNIT ( ) );
#3503 = LINE ( 'NONE', #790, #1940 ) ;
#3504 = DIRECTION ( 'NONE',  ( 0.3015113445777610202, -0.9045340337332925529, 0.3015113445777610202 ) ) ;
#3505 = CARTESIAN_POINT ( 'NONE',  ( -3.889999999999998348, 1.850000000000000089, 2.784999999999999698 ) ) ;
#3506 = EDGE_CURVE ( 'NONE', #186, #2038, #1174, .T. ) ;
#3507 = CARTESIAN_POINT ( 'NONE',  ( 0.8800000000000023359, 3.300000000000000711, 1.584999999999999520 ) ) ;
#3508 = CARTESIAN_POINT ( 'NONE',  ( -4.175000000000000711, -1.199999999999997957, 1.884999999999999787 ) ) ;
#3509 = ORIENTED_EDGE ( 'NONE', *, *, #2596, .T. ) ;
#3510 = LINE ( 'NONE', #77, #344 ) ;
#3511 = EDGE_CURVE ( 'NONE', #3978, #625, #1257, .T. ) ;
#3512 = CARTESIAN_POINT ( 'NONE',  ( 1.499999999999998668, 1.849999999999999201, 2.774999999999999467 ) ) ;
#3513 = ORIENTED_EDGE ( 'NONE', *, *, #2254, .T. ) ;
#3514 = DIRECTION ( 'NONE',  ( 0.000000000000000000, 1.000000000000000000, -0.000000000000000000 ) ) ;
#3515 = VECTOR ( 'NONE', #802, 1000.000000000000000 ) ;
#3516 = ORIENTED_EDGE ( 'NONE', *, *, #4618, .F. ) ;
#3517 = EDGE_CURVE ( 'NONE', #584, #1563, #4426, .T. ) ;
#3518 = DIRECTION ( 'NONE',  ( -1.000000000000000000, -0.000000000000000000, -0.000000000000000000 ) ) ;
#3519 = ORIENTED_EDGE ( 'NONE', *, *, #601, .F. ) ;
#3520 = DIRECTION ( 'NONE',  ( -1.000000000000000000, -0.000000000000000000, -0.000000000000000000 ) ) ;
#3521 = ORIENTED_EDGE ( 'NONE', *, *, #2743, .F. ) ;
#3522 = DIRECTION ( 'NONE',  ( 4.956352788505164254E-16, -0.000000000000000000, 1.000000000000000000 ) ) ;
#3523 = CARTESIAN_POINT ( 'NONE',  ( -4.825000000000001066, 0.6699999999999997069, -0.9549999999999975175 ) ) ;
#3524 = FACE_OUTER_BOUND ( 'NONE', #3946, .T. ) ;
#3525 = DIRECTION ( 'NONE',  ( -0.000000000000000000, -1.000000000000000000, -0.000000000000000000 ) ) ;
#3526 = FACE_OUTER_BOUND ( 'NONE', #1828, .T. ) ;
#3527 = VERTEX_POINT ( 'NONE', #3746 ) ;
#3528 = ADVANCED_FACE ( 'NONE', ( #2865 ), #1222, .T. ) ;
#3529 = VERTEX_POINT ( 'NONE', #4649 ) ;
#3530 = ORIENTED_EDGE ( 'NONE', *, *, #4655, .T. ) ;
#3531 = VECTOR ( 'NONE', #2005, 1000.000000000000000 ) ;
#3532 = DIRECTION ( 'NONE',  ( 1.000000000000000000, -0.000000000000000000, -4.494102269369967741E-16 ) ) ;
#3533 = CARTESIAN_POINT ( 'NONE',  ( 1.179999999999999716, -2.579999999999992966, -0.005000000000001723552 ) ) ;
#3534 = PLANE ( 'NONE',  #2273 ) ;
#3535 = DIRECTION ( 'NONE',  ( 0.7071067811865439090, 0.000000000000000000, -0.7071067811865512365 ) ) ;
#3536 = DIRECTION ( 'NONE',  ( -0.000000000000000000, 1.000000000000000000, -0.000000000000000000 ) ) ;
#3537 = VERTEX_POINT ( 'NONE', #2268 ) ;
#3538 = VERTEX_POINT ( 'NONE', #1552 ) ;
#3539 = EDGE_CURVE ( 'NONE', #2171, #4243, #2845, .T. ) ;
#3540 = LINE ( 'NONE', #3190, #3531 ) ;
#3541 = AXIS2_PLACEMENT_3D ( 'NONE', #1249, #4616, #890 ) ;
#3542 = DIRECTION ( 'NONE',  ( 0.000000000000000000, 2.744815626545581052E-16, 1.000000000000000000 ) ) ;
#3543 = CARTESIAN_POINT ( 'NONE',  ( 2.770000000000000018, 3.300000000000000711, 1.584999999999999298 ) ) ;
#3544 = CARTESIAN_POINT ( 'NONE',  ( -3.889999999999998348, 1.849999999999999201, 2.024999999999999023 ) ) ;
#3545 = VERTEX_POINT ( 'NONE', #98 ) ;
#3546 = DIRECTION ( 'NONE',  ( -1.000000000000000000, -0.000000000000000000, -0.000000000000000000 ) ) ;
#3547 = ORIENTED_EDGE ( 'NONE', *, *, #2582, .F. ) ;
#3548 = DIRECTION ( 'NONE',  ( 0.000000000000000000, -2.744815626545581052E-16, -1.000000000000000000 ) ) ;
#3549 = ORIENTED_EDGE ( 'NONE', *, *, #2890, .F. ) ;
#3550 = EDGE_CURVE ( 'NONE', #2704, #3652, #1178, .T. ) ;
#3551 = VECTOR ( 'NONE', #1299, 1000.000000000000114 ) ;
#3552 = AXIS2_PLACEMENT_3D ( 'NONE', #3391, #2736, #727 ) ;
#3553 = LINE ( 'NONE', #1569, #3619 ) ;
#3554 = MANIFOLD_SOLID_BREP ( '2', #2916 ) ;
#3555 = VERTEX_POINT ( 'NONE', #213 ) ;
#3556 = CARTESIAN_POINT ( 'NONE',  ( -1.580454545454546222, 7.618636363636364095, 0.3954545454545448924 ) ) ;
#3557 = CARTESIAN_POINT ( 'NONE',  ( -4.825000000000001066, 1.269999999999999796, -0.5599999999999974998 ) ) ;
#3558 = ORIENTED_EDGE ( 'NONE', *, *, #3222, .T. ) ;
#3559 = DIRECTION ( 'NONE',  ( -4.494102269369967741E-16, 1.618212197739559129E-16, -1.000000000000000000 ) ) ;
#3560 = VECTOR ( 'NONE', #1036, 1000.000000000000000 ) ;
#3561 = CARTESIAN_POINT ( 'NONE',  ( -4.825000000000000178, -3.252606517456513302E-16, 1.585000000000002851 ) ) ;
#3562 = ADVANCED_FACE ( 'NONE', ( #4459 ), #1789, .F. ) ;
#3563 = ORIENTED_EDGE ( 'NONE', *, *, #3134, .F. ) ;
#3564 = EDGE_CURVE ( 'NONE', #3583, #828, #4379, .T. ) ;
#3565 = ORIENTED_EDGE ( 'NONE', *, *, #3697, .T. ) ;
#3566 = VECTOR ( 'NONE', #3504, 1000.000000000000114 ) ;
#3567 = CARTESIAN_POINT ( 'NONE',  ( -4.825000000000001066, 0.6699999999999997069, -0.9549999999999975175 ) ) ;
#3568 = CARTESIAN_POINT ( 'NONE',  ( 4.825000000000001066, -1.199999999999997957, 1.884999999999999787 ) ) ;
#3569 = DIRECTION ( 'NONE',  ( 1.000000000000000000, -0.000000000000000000, -4.494102269369967741E-16 ) ) ;
#3570 = DIRECTION ( 'NONE',  ( 0.000000000000000000, 0.000000000000000000, -1.000000000000000000 ) ) ;
#3571 = DIRECTION ( 'NONE',  ( 0.000000000000000000, -2.744815626545581052E-16, -1.000000000000000000 ) ) ;
#3572 = VERTEX_POINT ( 'NONE', #1723 ) ;
#3573 = ORIENTED_EDGE ( 'NONE', *, *, #3604, .F. ) ;
#3574 = ORIENTED_EDGE ( 'NONE', *, *, #2639, .F. ) ;
#3575 = EDGE_CURVE ( 'NONE', #1626, #1900, #1128, .T. ) ;
#3576 = LINE ( 'NONE', #1309, #3745 ) ;
#3577 = DIRECTION ( 'NONE',  ( 0.000000000000000000, -2.744815626545581052E-16, -1.000000000000000000 ) ) ;
#3578 = DIRECTION ( 'NONE',  ( -1.000000000000000000, 0.000000000000000000, 4.494102269369967741E-16 ) ) ;
#3579 = CARTESIAN_POINT ( 'NONE',  ( 3.890000000000000124, 0.000000000000000000, 2.784999999999998810 ) ) ;
#3580 = CARTESIAN_POINT ( 'NONE',  ( 0.000000000000000000, 0.000000000000000000, 0.000000000000000000 ) ) ;
#3581 = DIRECTION ( 'NONE',  ( -3.636205555091757842E-32, -1.000000000000000000, -1.618212197739559129E-16 ) ) ;
#3582 = PLANE ( 'NONE',  #3386 ) ;
#3583 = VERTEX_POINT ( 'NONE', #2538 ) ;
#3584 = ORIENTED_EDGE ( 'NONE', *, *, #4669, .F. ) ;
#3585 = VECTOR ( 'NONE', #3937, 1000.000000000000000 ) ;
#3586 = EDGE_CURVE ( 'NONE', #2030, #413, #2784, .T. ) ;
#3587 = ORIENTED_EDGE ( 'NONE', *, *, #4188, .F. ) ;
#3588 = PLANE ( 'NONE',  #1253 ) ;
#3589 = ORIENTED_EDGE ( 'NONE', *, *, #325, .F. ) ;
#3590 = CARTESIAN_POINT ( 'NONE',  ( -1.820000000000000506, 0.000000000000000000, 2.024999999999999023 ) ) ;
#3591 = ORIENTED_EDGE ( 'NONE', *, *, #147, .F. ) ;
#3592 = CARTESIAN_POINT ( 'NONE',  ( 4.825000000000000178, -1.199999999999997957, 1.884999999999999787 ) ) ;
#3593 = CARTESIAN_POINT ( 'NONE',  ( 0.000000000000000000, 8.499999999999994671, 0.000000000000000000 ) ) ;
#3594 = CARTESIAN_POINT ( 'NONE',  ( -4.824999999999999289, 8.499999999999994671, -1.584999999999999742 ) ) ;
#3595 = EDGE_LOOP ( 'NONE', ( #3895, #2306, #2535, #4214 ) ) ;
#3596 = ORIENTED_EDGE ( 'NONE', *, *, #3394, .T. ) ;
#3597 = VERTEX_POINT ( 'NONE', #2909 ) ;
#3598 = LINE ( 'NONE', #2894, #3617 ) ;
#3599 = CARTESIAN_POINT ( 'NONE',  ( -4.825000000000000178, 0.6699999999999997069, 1.585000000000002629 ) ) ;
#3600 = CARTESIAN_POINT ( 'NONE',  ( 3.890000000000000124, 1.850000000000000089, 2.784999999999998810 ) ) ;
#3601 = DIRECTION ( 'NONE',  ( 0.000000000000000000, 3.388131789017201849E-16, -1.000000000000000000 ) ) ;
#3602 = CARTESIAN_POINT ( 'NONE',  ( 1.619999999999998996, 7.500000000000001776, 0.1949999999999998679 ) ) ;
#3603 = ADVANCED_FACE ( 'NONE', ( #2794 ), #4707, .T. ) ;
#3604 = EDGE_CURVE ( 'NONE', #3058, #1284, #4345, .T. ) ;
#3605 = PLANE ( 'NONE',  #4361 ) ;
#3606 = EDGE_LOOP ( 'NONE', ( #436, #1792, #291, #2089 ) ) ;
#3607 = MECHANICAL_DESIGN_GEOMETRIC_PRESENTATION_REPRESENTATION (  '', ( #3441 ), #87 ) ;
#3608 = VERTEX_POINT ( 'NONE', #3207 ) ;
#3609 = VERTEX_POINT ( 'NONE', #4336 ) ;
#3610 = DIRECTION ( 'NONE',  ( 1.000000000000000000, -0.000000000000000000, 0.000000000000000000 ) ) ;
#3611 = VERTEX_POINT ( 'NONE', #1074 ) ;
#3612 = DIRECTION ( 'NONE',  ( 0.6401843996644781543, -0.7682212795973772934, -1.438527081673690941E-16 ) ) ;
#3613 =( LENGTH_UNIT ( ) NAMED_UNIT ( * ) SI_UNIT ( .MILLI., .METRE. ) );
#3614 = ORIENTED_EDGE ( 'NONE', *, *, #2170, .T. ) ;
#3615 = AXIS2_PLACEMENT_3D ( 'NONE', #3233, #3200, #4396 ) ;
#3616 = ORIENTED_EDGE ( 'NONE', *, *, #4750, .T. ) ;
#3617 = VECTOR ( 'NONE', #2039, 1000.000000000000000 ) ;
#3618 = AXIS2_PLACEMENT_3D ( 'NONE', #3672, #3276, #4488 ) ;
#3619 = VECTOR ( 'NONE', #2257, 1000.000000000000000 ) ;
#3620 = ORIENTED_EDGE ( 'NONE', *, *, #96, .F. ) ;
#3621 = EDGE_CURVE ( 'NONE', #3755, #3984, #2753, .T. ) ;
#3622 = VERTEX_POINT ( 'NONE', #239 ) ;
#3623 = DIRECTION ( 'NONE',  ( -0.000000000000000000, -0.000000000000000000, 1.000000000000000000 ) ) ;
#3624 = ORIENTED_EDGE ( 'NONE', *, *, #1891, .T. ) ;
#3625 = CARTESIAN_POINT ( 'NONE',  ( 1.499999999999998668, 1.849999999999999201, 2.774999999999999467 ) ) ;
#3626 = AXIS2_PLACEMENT_3D ( 'NONE', #2026, #1317, #530 ) ;
#3627 = LINE ( 'NONE', #1821, #1920 ) ;
#3628 = DIRECTION ( 'NONE',  ( 0.000000000000000000, -1.000000000000000000, -3.388131789017201849E-16 ) ) ;
#3629 = VERTEX_POINT ( 'NONE', #1033 ) ;
#3630 = ORIENTED_EDGE ( 'NONE', *, *, #3733, .F. ) ;
#3631 = ORIENTED_EDGE ( 'NONE', *, *, #1428, .T. ) ;
#3632 = CARTESIAN_POINT ( 'NONE',  ( -4.825000000000000178, 1.269999999999999796, 1.190000000000002389 ) ) ;
#3633 = PLANE ( 'NONE',  #1892 ) ;
#3634 = DIRECTION ( 'NONE',  ( 0.000000000000000000, -2.744815626545581052E-16, 1.000000000000000000 ) ) ;
#3635 = DIRECTION ( 'NONE',  ( 0.000000000000000000, 0.000000000000000000, 1.000000000000000000 ) ) ;
#3636 = DIRECTION ( 'NONE',  ( 0.000000000000000000, -1.801998070613027504E-16, 1.000000000000000000 ) ) ;
#3637 = EDGE_CURVE ( 'NONE', #3680, #521, #2888, .T. ) ;
#3638 = EDGE_LOOP ( 'NONE', ( #4780, #1495, #685, #1014 ) ) ;
#3639 = ORIENTED_EDGE ( 'NONE', *, *, #611, .F. ) ;
#3640 = LINE ( 'NONE', #1661, #2058 ) ;
#3641 = ADVANCED_FACE ( 'NONE', ( #2900 ), #1431, .F. ) ;
#3642 = DIRECTION ( 'NONE',  ( 0.000000000000000000, 0.000000000000000000, -1.000000000000000000 ) ) ;
#3643 = CARTESIAN_POINT ( 'NONE',  ( 0.000000000000000000, -3.180000000000000160, 0.4349999999999979994 ) ) ;
#3644 = CARTESIAN_POINT ( 'NONE',  ( -1.180000000000000604, 3.300000000000000711, 0.6349999999999992317 ) ) ;
#3645 = EDGE_CURVE ( 'NONE', #823, #3154, #1383, .T. ) ;
#3646 = ORIENTED_EDGE ( 'NONE', *, *, #4723, .F. ) ;
#3647 = ORIENTED_EDGE ( 'NONE', *, *, #683, .T. ) ;
#3648 = ORIENTED_EDGE ( 'NONE', *, *, #1384, .T. ) ;
#3649 = ORIENTED_EDGE ( 'NONE', *, *, #4154, .F. ) ;
#3650 = AXIS2_PLACEMENT_3D ( 'NONE', #407, #3039, #378 ) ;
#3651 = VECTOR ( 'NONE', #3402, 1000.000000000000000 ) ;
#3652 = VERTEX_POINT ( 'NONE', #2394 ) ;
#3653 = ORIENTED_EDGE ( 'NONE', *, *, #3353, .F. ) ;
#3654 = DIRECTION ( 'NONE',  ( 1.000000000000000000, -0.000000000000000000, 9.276596128218219609E-16 ) ) ;
#3655 = PLANE ( 'NONE',  #1071 ) ;
#3656 = STYLED_ITEM ( 'NONE', ( #1391 ), #3868 ) ;
#3657 = CARTESIAN_POINT ( 'NONE',  ( 4.175000000000000711, 0.000000000000000000, 1.884999999999999787 ) ) ;
#3658 = CARTESIAN_POINT ( 'NONE',  ( 1.819999999999999618, 6.899999999999995026, -0.005000000000000663636 ) ) ;
#3659 = VECTOR ( 'NONE', #1122, 1000.000000000000000 ) ;
#3660 = ORIENTED_EDGE ( 'NONE', *, *, #1436, .T. ) ;
#3661 = ORIENTED_EDGE ( 'NONE', *, *, #723, .F. ) ;
#3662 = EDGE_LOOP ( 'NONE', ( #1031, #1216, #3942, #2103 ) ) ;
#3663 = AXIS2_PLACEMENT_3D ( 'NONE', #1604, #518, #846 ) ;
#3664 = VERTEX_POINT ( 'NONE', #557 ) ;
#3665 = EDGE_CURVE ( 'NONE', #3609, #1947, #2988, .T. ) ;
#3666 = CARTESIAN_POINT ( 'NONE',  ( -1.820000000000000506, 1.269999999999999796, 1.190000000000002389 ) ) ;
#3667 = DIRECTION ( 'NONE',  ( -4.494102269369967741E-16, 1.618212197739559129E-16, -1.000000000000000000 ) ) ;
#3668 = ORIENTED_EDGE ( 'NONE', *, *, #3362, .T. ) ;
#3669 = EDGE_CURVE ( 'NONE', #3772, #3716, #3017, .T. ) ;
#3670 = ADVANCED_FACE ( 'NONE', ( #1347 ), #1316, .F. ) ;
#3671 = VERTEX_POINT ( 'NONE', #1349 ) ;
#3672 = CARTESIAN_POINT ( 'NONE',  ( -3.425000000000000266, 9.900000000000000355, -7.696150136296069880E-16 ) ) ;
#3673 = VERTEX_POINT ( 'NONE', #588 ) ;
#3674 = VERTEX_POINT ( 'NONE', #3463 ) ;
#3675 = CARTESIAN_POINT ( 'NONE',  ( -4.475000000000004086, -1.449999999999999956, 0.000000000000000000 ) ) ;
#3676 = EDGE_CURVE ( 'NONE', #637, #821, #1392, .T. ) ;
#3677 = CARTESIAN_POINT ( 'NONE',  ( 4.175000000000000711, -1.199999999999997957, 2.784999999999999698 ) ) ;
#3678 = ORIENTED_EDGE ( 'NONE', *, *, #3744, .T. ) ;
#3679 = ORIENTED_EDGE ( 'NONE', *, *, #1896, .T. ) ;
#3680 = VERTEX_POINT ( 'NONE', #4622 ) ;
#3681 = DIRECTION ( 'NONE',  ( -4.336808689942017736E-16, 0.000000000000000000, 1.000000000000000000 ) ) ;
#3682 = EDGE_CURVE ( 'NONE', #2208, #3985, #2994, .T. ) ;
#3683 = CARTESIAN_POINT ( 'NONE',  ( -4.175000000000000711, -1.449999999999999956, 1.884999999999999787 ) ) ;
#3684 = CARTESIAN_POINT ( 'NONE',  ( -1.380000000000001004, 7.500000000000001776, 0.000000000000000000 ) ) ;
#3685 = CARTESIAN_POINT ( 'NONE',  ( 3.425000000000000266, 9.900000000000000355, 1.044999999999999041 ) ) ;
#3686 = VERTEX_POINT ( 'NONE', #3808 ) ;
#3687 = VECTOR ( 'NONE', #4314, 1000.000000000000114 ) ;
#3688 = EDGE_CURVE ( 'NONE', #78, #3772, #1295, .T. ) ;
#3689 = PLANE ( 'NONE',  #3834 ) ;
#3690 = CARTESIAN_POINT ( 'NONE',  ( -4.175000000000000711, -1.449999999999999956, 2.185000000000002718 ) ) ;
#3691 = CARTESIAN_POINT ( 'NONE',  ( -1.820000000000000506, 7.500000000000001776, -0.005000000000000663636 ) ) ;
#3692 = DIRECTION ( 'NONE',  ( 0.000000000000000000, 0.000000000000000000, 1.000000000000000000 ) ) ;
#3693 = ORIENTED_EDGE ( 'NONE', *, *, #1336, .T. ) ;
#3694 = CARTESIAN_POINT ( 'NONE',  ( 0.8800000000000023359, 9.900000000000000355, 1.584999999999999520 ) ) ;
#3695 = EDGE_LOOP ( 'NONE', ( #4216, #4609, #1386, #2679 ) ) ;
#3696 = LINE ( 'NONE', #2791, #523 ) ;
#3697 = EDGE_CURVE ( 'NONE', #4269, #3629, #1302, .T. ) ;
#3698 = ORIENTED_EDGE ( 'NONE', *, *, #2490, .T. ) ;
#3699 = AXIS2_PLACEMENT_3D ( 'NONE', #451, #3790, #509 ) ;
#3700 = DIRECTION ( 'NONE',  ( 0.000000000000000000, 1.000000000000000000, 1.801998070613027504E-16 ) ) ;
#3701 = ORIENTED_EDGE ( 'NONE', *, *, #2062, .F. ) ;
#3702 = VERTEX_POINT ( 'NONE', #2427 ) ;
#3703 = DIRECTION ( 'NONE',  ( -1.000000000000000000, -2.353307041053807940E-16, 0.000000000000000000 ) ) ;
#3704 = DIRECTION ( 'NONE',  ( -4.336808689942017736E-16, 0.000000000000000000, -1.000000000000000000 ) ) ;
#3705 = CARTESIAN_POINT ( 'NONE',  ( 3.440000000000000391, 0.6699999999999998179, -0.5599999999999976108 ) ) ;
#3706 = ADVANCED_FACE ( 'NONE', ( #4511 ), #212, .F. ) ;
#3707 = ORIENTED_EDGE ( 'NONE', *, *, #4518, .T. ) ;
#3708 = EDGE_CURVE ( 'NONE', #3538, #3866, #2918, .T. ) ;
#3709 = ORIENTED_EDGE ( 'NONE', *, *, #2400, .T. ) ;
#3710 = ORIENTED_EDGE ( 'NONE', *, *, #1735, .F. ) ;
#3711 = DIRECTION ( 'NONE',  ( 0.000000000000000000, -4.013177737926092743E-16, -1.000000000000000000 ) ) ;
#3712 = CARTESIAN_POINT ( 'NONE',  ( -4.825000000000001066, 1.269999999999999796, -0.5599999999999974998 ) ) ;
#3713 = DIRECTION ( 'NONE',  ( 0.000000000000000000, -1.000000000000000000, -1.807003620809173892E-16 ) ) ;
#3714 = PLANE ( 'NONE',  #2082 ) ;
#3715 = EDGE_LOOP ( 'NONE', ( #3185, #364, #3782, #2055 ) ) ;
#3716 = VERTEX_POINT ( 'NONE', #4218 ) ;
#3717 = ORIENTED_EDGE ( 'NONE', *, *, #3187, .F. ) ;
#3718 = EDGE_CURVE ( 'NONE', #1677, #4296, #4534, .T. ) ;
#3719 = CARTESIAN_POINT ( 'NONE',  ( -3.889999999999998348, 1.849999999999999201, 2.274999999999999467 ) ) ;
#3720 = PLANE ( 'NONE',  #3008 ) ;
#3721 = CARTESIAN_POINT ( 'NONE',  ( -1.180000000000000604, 1.349999999999999867, -0.005000000000001014917 ) ) ;
#3722 = ORIENTED_EDGE ( 'NONE', *, *, #2349, .T. ) ;
#3723 = EDGE_CURVE ( 'NONE', #4323, #4167, #1333, .T. ) ;
#3724 = EDGE_LOOP ( 'NONE', ( #2024, #3281, #3387, #1423 ) ) ;
#3725 = EDGE_CURVE ( 'NONE', #3936, #3058, #1341, .T. ) ;
#3726 = CARTESIAN_POINT ( 'NONE',  ( -4.825000000000001066, 0.6699999999999997069, -0.9549999999999975175 ) ) ;
#3727 = VERTEX_POINT ( 'NONE', #896 ) ;
#3728 = ORIENTED_EDGE ( 'NONE', *, *, #3708, .F. ) ;
#3729 = CARTESIAN_POINT ( 'NONE',  ( 1.179999999999999716, -2.579999999999992966, -0.005000000000001723552 ) ) ;
#3730 = CARTESIAN_POINT ( 'NONE',  ( -4.825000000000001066, 1.269999999999999796, -0.5599999999999974998 ) ) ;
#3731 = CARTESIAN_POINT ( 'NONE',  ( -4.825000000000001066, 0.6699999999999997069, -0.9549999999999975175 ) ) ;
#3732 = EDGE_LOOP ( 'NONE', ( #3103, #346, #2180, #1983 ) ) ;
#3733 = EDGE_CURVE ( 'NONE', #3389, #2208, #4763, .T. ) ;
#3734 = ORIENTED_EDGE ( 'NONE', *, *, #2978, .F. ) ;
#3735 = VERTEX_POINT ( 'NONE', #3775 ) ;
#3736 = CARTESIAN_POINT ( 'NONE',  ( -4.825000000000001066, 0.6699999999999998179, -0.5599999999999976108 ) ) ;
#3737 = CARTESIAN_POINT ( 'NONE',  ( 1.179999999999999716, 6.899999999999995026, -0.005000000000000663636 ) ) ;
#3738 = DIRECTION ( 'NONE',  ( -0.6401843996644781543, -0.7682212795973772934, -1.438527081673690941E-16 ) ) ;
#3739 = ADVANCED_FACE ( 'NONE', ( #1549 ), #1287, .F. ) ;
#3740 = DIRECTION ( 'NONE',  ( -1.000000000000000000, 0.000000000000000000, 1.391489419232732941E-15 ) ) ;
#3741 = VERTEX_POINT ( 'NONE', #1376 ) ;
#3742 = VERTEX_POINT ( 'NONE', #1722 ) ;
#3743 = ORIENTED_EDGE ( 'NONE', *, *, #3919, .F. ) ;
#3744 = EDGE_CURVE ( 'NONE', #4807, #1598, #1439, .T. ) ;
#3745 = VECTOR ( 'NONE', #2876, 1000.000000000000000 ) ;
#3746 = CARTESIAN_POINT ( 'NONE',  ( -1.380000000000001004, 7.500000000000001776, 0.1949999999999998679 ) ) ;
#3747 = CARTESIAN_POINT ( 'NONE',  ( 1.179999999999999716, -7.265096679918780609, -0.005000000000002567495 ) ) ;
#3748 = CARTESIAN_POINT ( 'NONE',  ( -1.180000000000000604, 0.000000000000000000, 0.000000000000000000 ) ) ;
#3749 = ORIENTED_EDGE ( 'NONE', *, *, #1510, .T. ) ;
#3750 = CARTESIAN_POINT ( 'NONE',  ( -4.524999999999995914, -1.449999999999999956, 1.884999999999999787 ) ) ;
#3751 = ORIENTED_EDGE ( 'NONE', *, *, #3016, .F. ) ;
#3752 = EDGE_CURVE ( 'NONE', #3755, #3608, #1466, .T. ) ;
#3753 = AXIS2_PLACEMENT_3D ( 'NONE', #3180, #3886, #4339 ) ;
#3754 = ORIENTED_EDGE ( 'NONE', *, *, #1801, .T. ) ;
#3755 = VERTEX_POINT ( 'NONE', #2757 ) ;
#3756 = CARTESIAN_POINT ( 'NONE',  ( 1.761818181818182394, -2.754545454545446415, 0.5768181818181810083 ) ) ;
#3757 = VERTEX_POINT ( 'NONE', #1615 ) ;
#3758 = UNCERTAINTY_MEASURE_WITH_UNIT (LENGTH_MEASURE( 1.000000000000000082E-05 ), #3777, 'distance_accuracy_value', 'NONE');
#3759 = DIRECTION ( 'NONE',  ( 0.000000000000000000, 0.000000000000000000, 1.000000000000000000 ) ) ;
#3760 = PLANE ( 'NONE',  #4370 ) ;
#3761 = VERTEX_POINT ( 'NONE', #1196 ) ;
#3762 = VERTEX_POINT ( 'NONE', #3021 ) ;
#3763 = ORIENTED_EDGE ( 'NONE', *, *, #4032, .T. ) ;
#3764 = DIRECTION ( 'NONE',  ( 1.000000000000000000, -0.000000000000000000, -4.494102269369967741E-16 ) ) ;
#3765 = CARTESIAN_POINT ( 'NONE',  ( -3.890000000000000124, 1.699999999999999067, -1.584999999999999964 ) ) ;
#3766 = EDGE_CURVE ( 'NONE', #2959, #285, #4657, .T. ) ;
#3767 = CARTESIAN_POINT ( 'NONE',  ( -1.820000000000000506, 0.6699999999999997069, -0.9549999999999988498 ) ) ;
#3768 = PLANE ( 'NONE',  #1921 ) ;
#3769 = AXIS2_PLACEMENT_3D ( 'NONE', #384, #3610, #351 ) ;
#3770 = EDGE_LOOP ( 'NONE', ( #3805, #3170, #3648, #1993 ) ) ;
#3771 = ORIENTED_EDGE ( 'NONE', *, *, #3270, .F. ) ;
#3772 = VERTEX_POINT ( 'NONE', #4431 ) ;
#3773 = EDGE_CURVE ( 'NONE', #4309, #4487, #3048, .T. ) ;
#3774 = ADVANCED_FACE ( 'NONE', ( #3064 ), #3588, .F. ) ;
#3775 = CARTESIAN_POINT ( 'NONE',  ( 1.819999999999999618, 1.349999999999999423, 2.024999999999999023 ) ) ;
#3776 = CARTESIAN_POINT ( 'NONE',  ( 1.179999999999999716, 7.500000000000001776, 0.6349999999999992317 ) ) ;
#3777 =( LENGTH_UNIT ( ) NAMED_UNIT ( * ) SI_UNIT ( .MILLI., .METRE. ) );
#3778 = VERTEX_POINT ( 'NONE', #4060 ) ;
#3779 = PLANE ( 'NONE',  #4078 ) ;
#3780 = ORIENTED_EDGE ( 'NONE', *, *, #2077, .F. ) ;
#3781 = DIRECTION ( 'NONE',  ( 0.000000000000000000, 0.000000000000000000, 1.000000000000000000 ) ) ;
#3782 = ORIENTED_EDGE ( 'NONE', *, *, #2834, .T. ) ;
#3783 = ADVANCED_FACE ( 'NONE', ( #4775 ), #3960, .T. ) ;
#3784 = EDGE_CURVE ( 'NONE', #85, #3822, #4743, .T. ) ;
#3785 = VECTOR ( 'NONE', #3069, 1000.000000000000000 ) ;
#3786 = ORIENTED_EDGE ( 'NONE', *, *, #2332, .T. ) ;
#3787 = VERTEX_POINT ( 'NONE', #1454 ) ;
#3788 = CARTESIAN_POINT ( 'NONE',  ( 4.175000000000000711, -1.199999999999997957, 1.884999999999999787 ) ) ;
#3789 = DIRECTION ( 'NONE',  ( 0.000000000000000000, 0.3162277660168349991, -0.9486832980505148782 ) ) ;
#3790 = DIRECTION ( 'NONE',  ( -0.000000000000000000, 0.000000000000000000, 1.000000000000000000 ) ) ;
#3791 = CARTESIAN_POINT ( 'NONE',  ( -4.825000000000001066, 0.6699999999999998179, -0.5599999999999976108 ) ) ;
#3792 = LINE ( 'NONE', #3731, #2323 ) ;
#3793 = EDGE_LOOP ( 'NONE', ( #1550, #1785, #1656, #3323 ) ) ;
#3794 = ORIENTED_EDGE ( 'NONE', *, *, #3676, .T. ) ;
#3795 = CARTESIAN_POINT ( 'NONE',  ( -4.175000000000000711, 0.000000000000000000, 2.784999999999999698 ) ) ;
#3796 = VECTOR ( 'NONE', #3813, 1000.000000000000000 ) ;
#3797 = CARTESIAN_POINT ( 'NONE',  ( -2.814175257731957203, -0.06597938144329933141, 0.5241752577319577222 ) ) ;
#3798 = CARTESIAN_POINT ( 'NONE',  ( -3.440000000000000391, -1.448757163391319161E-15, -1.584999999999999964 ) ) ;
#3799 = LINE ( 'NONE', #3279, #2196 ) ;
#3800 = CARTESIAN_POINT ( 'NONE',  ( -4.825000000000000178, 9.900000000000000355, 2.274999999999999467 ) ) ;
#3801 = FACE_OUTER_BOUND ( 'NONE', #68, .T. ) ;
#3802 = EDGE_CURVE ( 'NONE', #3673, #687, #4683, .T. ) ;
#3803 = AXIS2_PLACEMENT_3D ( 'NONE', #2803, #452, #4197 ) ;
#3804 = ORIENTED_EDGE ( 'NONE', *, *, #4701, .T. ) ;
#3805 = ORIENTED_EDGE ( 'NONE', *, *, #1314, .F. ) ;
#3806 = LINE ( 'NONE', #3964, #2251 ) ;
#3807 = VECTOR ( 'NONE', #1630, 1000.000000000000000 ) ;
#3808 = CARTESIAN_POINT ( 'NONE',  ( 3.440000000000001279, 0.6699999999999997069, 1.585000000000002629 ) ) ;
#3809 = SURFACE_STYLE_USAGE ( .BOTH. , #3438 ) ;
#3810 = CARTESIAN_POINT ( 'NONE',  ( -1.820000000000000506, -2.579999999999992966, -0.005000000000001723552 ) ) ;
#3811 = EDGE_CURVE ( 'NONE', #495, #367, #3093, .T. ) ;
#3812 = CARTESIAN_POINT ( 'NONE',  ( -4.825000000000001066, -3.252606517456513302E-16, -0.9549999999999976286 ) ) ;
#3813 = DIRECTION ( 'NONE',  ( 0.000000000000000000, -1.000000000000000000, 3.614007241618347785E-16 ) ) ;
#3814 = ORIENTED_EDGE ( 'NONE', *, *, #2548, .F. ) ;
#3815 = DIRECTION ( 'NONE',  ( -0.6092076990801722491, 0.5076730825668085423, 0.6092076990801714720 ) ) ;
#3816 = VERTEX_POINT ( 'NONE', #1430 ) ;
#3817 = LINE ( 'NONE', #215, #2357 ) ;
#3818 = ADVANCED_FACE ( 'NONE', ( #4754 ), #40, .F. ) ;
#3819 = VERTEX_POINT ( 'NONE', #1788 ) ;
#3820 = ORIENTED_EDGE ( 'NONE', *, *, #3996, .T. ) ;
#3821 = CARTESIAN_POINT ( 'NONE',  ( -1.820000000000000506, 0.000000000000000000, 2.024999999999999023 ) ) ;
#3822 = VERTEX_POINT ( 'NONE', #688 ) ;
#3823 = ADVANCED_FACE ( 'NONE', ( #4645 ), #1508, .F. ) ;
#3824 = AXIS2_PLACEMENT_3D ( 'NONE', #3747, #1944, #1973 ) ;
#3825 = CARTESIAN_POINT ( 'NONE',  ( 1.819999999999999618, 7.500000000000001776, 0.6349999999999992317 ) ) ;
#3826 = CARTESIAN_POINT ( 'NONE',  ( -3.890000000000000124, -9.527752097366409041E-16, 1.585000000000002185 ) ) ;
#3827 = LINE ( 'NONE', #1915, #2321 ) ;
#3828 = FACE_OUTER_BOUND ( 'NONE', #3422, .T. ) ;
#3829 = ORIENTED_EDGE ( 'NONE', *, *, #1140, .F. ) ;
#3830 = ORIENTED_EDGE ( 'NONE', *, *, #2898, .T. ) ;
#3831 = EDGE_LOOP ( 'NONE', ( #4794, #4324, #4273, #1655 ) ) ;
#3832 = EDGE_CURVE ( 'NONE', #430, #977, #1554, .T. ) ;
#3833 = CARTESIAN_POINT ( 'NONE',  ( -4.825000000000000178, 0.6699999999999997069, 1.585000000000002629 ) ) ;
#3834 = AXIS2_PLACEMENT_3D ( 'NONE', #30, #348, #4086 ) ;
#3835 = CARTESIAN_POINT ( 'NONE',  ( 3.000000000000000000, 3.300000000000000711, 0.000000000000000000 ) ) ;
#3836 = CARTESIAN_POINT ( 'NONE',  ( -2.770000000000000906, 3.300000000000000711, 1.584999999999999520 ) ) ;
#3837 = LINE ( 'NONE', #2772, #673 ) ;
#3838 = CARTESIAN_POINT ( 'NONE',  ( -3.440000000000000391, 1.699999999999999067, -1.584999999999999964 ) ) ;
#3839 = ORIENTED_EDGE ( 'NONE', *, *, #3919, .T. ) ;
#3840 = EDGE_CURVE ( 'NONE', #2030, #2177, #1493, .T. ) ;
#3841 = LINE ( 'NONE', #919, #2362 ) ;
#3842 = ORIENTED_EDGE ( 'NONE', *, *, #3575, .F. ) ;
#3843 = EDGE_LOOP ( 'NONE', ( #2041, #1575, #3377, #1600 ) ) ;
#3844 = LINE ( 'NONE', #2232, #3880 ) ;
#3845 = LINE ( 'NONE', #1728, #2303 ) ;
#3846 = CARTESIAN_POINT ( 'NONE',  ( 1.300000000000000044, 7.400000000000000355, -2.785000000000001030 ) ) ;
#3847 = DIRECTION ( 'NONE',  ( 0.000000000000000000, 0.000000000000000000, 1.000000000000000000 ) ) ;
#3848 = CARTESIAN_POINT ( 'NONE',  ( -4.825000000000000178, 0.6699999999999998179, 1.190000000000002611 ) ) ;
#3849 = ORIENTED_EDGE ( 'NONE', *, *, #1735, .T. ) ;
#3850 = DIRECTION ( 'NONE',  ( 1.984809469081015402E-16, -0.000000000000000000, 1.000000000000000000 ) ) ;
#3851 = EDGE_CURVE ( 'NONE', #399, #2959, #4634, .T. ) ;
#3852 = ORIENTED_EDGE ( 'NONE', *, *, #1650, .F. ) ;
#3853 = DIRECTION ( 'NONE',  ( -0.9486832980505148782, 0.3162277660168349991, 0.000000000000000000 ) ) ;
#3854 = EDGE_LOOP ( 'NONE', ( #1938, #1834, #3591, #3404 ) ) ;
#3855 = ORIENTED_EDGE ( 'NONE', *, *, #3016, .T. ) ;
#3856 = LINE ( 'NONE', #1957, #2337 ) ;
#3857 = ORIENTED_EDGE ( 'NONE', *, *, #2520, .T. ) ;
#3858 = VECTOR ( 'NONE', #4136, 1000.000000000000000 ) ;
#3859 = PLANE ( 'NONE',  #998 ) ;
#3860 = CARTESIAN_POINT ( 'NONE',  ( 3.440000000000000391, 1.269999999999999796, -0.5600000000000011635 ) ) ;
#3861 = CARTESIAN_POINT ( 'NONE',  ( -4.825000000000000178, 1.269999999999999796, 1.190000000000002389 ) ) ;
#3862 = FACE_OUTER_BOUND ( 'NONE', #787, .T. ) ;
#3863 = ADVANCED_FACE ( 'NONE', ( #1540 ), #1138, .F. ) ;
#3864 = VERTEX_POINT ( 'NONE', #4458 ) ;
#3865 = PRESENTATION_STYLE_ASSIGNMENT (( #3110 ) ) ;
#3866 = VERTEX_POINT ( 'NONE', #725 ) ;
#3867 = FACE_OUTER_BOUND ( 'NONE', #50, .T. ) ;
#3868 = ADVANCED_BREP_SHAPE_REPRESENTATION ( '436500215', ( #1992, #467, #862, #4543, #3554, #303 ), #2700 ) ;
#3869 = APPLICATION_CONTEXT ( 'automotive_design' ) ;
#3870 = CARTESIAN_POINT ( 'NONE',  ( 3.425000000000001155, 8.499999999999994671, 1.044999999999999041 ) ) ;
#3871 = VECTOR ( 'NONE', #864, 1000.000000000000000 ) ;
#3872 = CARTESIAN_POINT ( 'NONE',  ( 3.440000000000000391, 1.699999999999999956, 2.024999999999999023 ) ) ;
#3873 = AXIS2_PLACEMENT_3D ( 'NONE', #337, #1768, #2554 ) ;
#3874 = LINE ( 'NONE', #2606, #666 ) ;
#3875 = CARTESIAN_POINT ( 'NONE',  ( -4.824999999999999289, 9.900000000000000355, -1.584999999999999964 ) ) ;
#3876 = ORIENTED_EDGE ( 'NONE', *, *, #866, .F. ) ;
#3877 = FACE_OUTER_BOUND ( 'NONE', #956, .T. ) ;
#3878 = EDGE_LOOP ( 'NONE', ( #171, #3359, #3668, #1799 ) ) ;
#3879 = EDGE_CURVE ( 'NONE', #3464, #396, #1483, .T. ) ;
#3880 = VECTOR ( 'NONE', #501, 1000.000000000000000 ) ;
#3881 = VECTOR ( 'NONE', #117, 1000.000000000000000 ) ;
#3882 = DIRECTION ( 'NONE',  ( -4.060429536519128522E-32, -1.000000000000000000, -1.807003620809174139E-16 ) ) ;
#3883 = DIRECTION ( 'NONE',  ( 0.000000000000000000, -2.744815626545581052E-16, 1.000000000000000000 ) ) ;
#3884 = CARTESIAN_POINT ( 'NONE',  ( 4.175000000000000711, -1.449999999999999956, 2.784999999999999698 ) ) ;
#3885 = VERTEX_POINT ( 'NONE', #2182 ) ;
#3886 = DIRECTION ( 'NONE',  ( 1.000000000000000000, 0.000000000000000000, 0.000000000000000000 ) ) ;
#3887 = FACE_OUTER_BOUND ( 'NONE', #3724, .T. ) ;
#3888 = PLANE ( 'NONE',  #4228 ) ;
#3889 = VERTEX_POINT ( 'NONE', #2630 ) ;
#3890 = ORIENTED_EDGE ( 'NONE', *, *, #3943, .T. ) ;
#3891 = FACE_OUTER_BOUND ( 'NONE', #2145, .T. ) ;
#3892 = VECTOR ( 'NONE', #2287, 1000.000000000000000 ) ;
#3893 = VERTEX_POINT ( 'NONE', #2992 ) ;
#3894 = LINE ( 'NONE', #2042, #3926 ) ;
#3895 = ORIENTED_EDGE ( 'NONE', *, *, #2188, .T. ) ;
#3896 = CARTESIAN_POINT ( 'NONE',  ( -3.440000000000000391, 0.6699999999999998179, -0.5599999999999976108 ) ) ;
#3897 = VERTEX_POINT ( 'NONE', #3336 ) ;
#3898 = DIRECTION ( 'NONE',  ( 1.000000000000000000, -0.000000000000000000, 0.000000000000000000 ) ) ;
#3899 = ORIENTED_EDGE ( 'NONE', *, *, #3645, .F. ) ;
#3900 = CARTESIAN_POINT ( 'NONE',  ( 4.825000000000000178, 1.850000000000000089, 2.784999999999999698 ) ) ;
#3901 = EDGE_CURVE ( 'NONE', #2171, #4235, #3072, .T. ) ;
#3902 = CARTESIAN_POINT ( 'NONE',  ( -3.864999999999990887, 9.460000000000007958, 2.274999999999999467 ) ) ;
#3903 = DIRECTION ( 'NONE',  ( 8.537024980200821325E-17, 0.000000000000000000, 1.000000000000000000 ) ) ;
#3904 = FACE_OUTER_BOUND ( 'NONE', #2348, .T. ) ;
#3905 = VECTOR ( 'NONE', #1353, 1000.000000000000000 ) ;
#3906 = EDGE_CURVE ( 'NONE', #1034, #1863, #3163, .T. ) ;
#3907 = ORIENTED_EDGE ( 'NONE', *, *, #2647, .F. ) ;
#3908 = ORIENTED_EDGE ( 'NONE', *, *, #1265, .T. ) ;
#3909 = ORIENTED_EDGE ( 'NONE', *, *, #123, .T. ) ;
#3910 =( NAMED_UNIT ( * ) SI_UNIT ( $, .STERADIAN. ) SOLID_ANGLE_UNIT ( ) );
#3911 = CARTESIAN_POINT ( 'NONE',  ( -3.425000000000000266, 8.499999999999994671, -0.9550000000000007372 ) ) ;
#3912 = EDGE_CURVE ( 'NONE', #4026, #1598, #1429, .T. ) ;
#3913 = DIRECTION ( 'NONE',  ( 0.000000000000000000, -1.000000000000000000, 0.000000000000000000 ) ) ;
#3914 = LINE ( 'NONE', #3791, #740 ) ;
#3915 = CARTESIAN_POINT ( 'NONE',  ( 2.770000000000000018, 9.900000000000000355, 1.584999999999999298 ) ) ;
#3916 = FACE_OUTER_BOUND ( 'NONE', #1610, .T. ) ;
#3917 = VERTEX_POINT ( 'NONE', #3476 ) ;
#3918 = LINE ( 'NONE', #1173, #708 ) ;
#3919 = EDGE_CURVE ( 'NONE', #1275, #2755, #3176, .T. ) ;
#3920 = FACE_OUTER_BOUND ( 'NONE', #3309, .T. ) ;
#3921 = LINE ( 'NONE', #3455, #2367 ) ;
#3922 = DIRECTION ( 'NONE',  ( 1.984809469081015648E-16, 0.000000000000000000, -1.000000000000000000 ) ) ;
#3923 = ORIENTED_EDGE ( 'NONE', *, *, #15, .F. ) ;
#3924 = DIRECTION ( 'NONE',  ( 1.000000000000000000, -0.000000000000000000, 2.247051134684983870E-16 ) ) ;
#3925 = DIRECTION ( 'NONE',  ( -1.000000000000000000, 0.000000000000000000, 0.000000000000000000 ) ) ;
#3926 = VECTOR ( 'NONE', #4281, 1000.000000000000000 ) ;
#3927 = VECTOR ( 'NONE', #4055, 1000.000000000000000 ) ;
#3928 = ORIENTED_EDGE ( 'NONE', *, *, #1394, .T. ) ;
#3929 = LINE ( 'NONE', #2465, #628 ) ;
#3930 = LINE ( 'NONE', #2922, #720 ) ;
#3931 = EDGE_CURVE ( 'NONE', #2877, #1775, #4677, .T. ) ;
#3932 = ORIENTED_EDGE ( 'NONE', *, *, #4663, .F. ) ;
#3933 = SURFACE_STYLE_FILL_AREA ( #1330 ) ;
#3934 = VERTEX_POINT ( 'NONE', #2280 ) ;
#3935 = CARTESIAN_POINT ( 'NONE',  ( 4.824999999999999289, 9.900000000000000355, -1.584999999999999964 ) ) ;
#3936 = VERTEX_POINT ( 'NONE', #3191 ) ;
#3937 = DIRECTION ( 'NONE',  ( 0.000000000000000000, 1.000000000000000000, -3.236424395479118258E-16 ) ) ;
#3938 = ORIENTED_EDGE ( 'NONE', *, *, #4618, .T. ) ;
#3939 = CARTESIAN_POINT ( 'NONE',  ( 3.425000000000000266, 9.900000000000000355, -1.584999999999999964 ) ) ;
#3940 = VECTOR ( 'NONE', #4675, 1000.000000000000000 ) ;
#3941 = LINE ( 'NONE', #1301, #3807 ) ;
#3942 = ORIENTED_EDGE ( 'NONE', *, *, #2639, .T. ) ;
#3943 = EDGE_CURVE ( 'NONE', #4788, #2870, #3104, .T. ) ;
#3944 = ORIENTED_EDGE ( 'NONE', *, *, #3511, .F. ) ;
#3945 = AXIS2_PLACEMENT_3D ( 'NONE', #1292, #2397, #4509 ) ;
#3946 = EDGE_LOOP ( 'NONE', ( #3743, #1617, #3294, #13 ) ) ;
#3947 = ORIENTED_EDGE ( 'NONE', *, *, #2245, .F. ) ;
#3948 =( LENGTH_UNIT ( ) NAMED_UNIT ( * ) SI_UNIT ( .MILLI., .METRE. ) );
#3949 = CARTESIAN_POINT ( 'NONE',  ( 1.179999999999999716, 1.349999999999999423, 2.024999999999999023 ) ) ;
#3950 = ADVANCED_FACE ( 'NONE', ( #3228 ), #4384, .F. ) ;
#3951 = PLANE ( 'NONE',  #3119 ) ;
#3952 = LINE ( 'NONE', #3508, #4143 ) ;
#3953 = LINE ( 'NONE', #3765, #2389 ) ;
#3954 = ORIENTED_EDGE ( 'NONE', *, *, #2011, .T. ) ;
#3955 = EDGE_LOOP ( 'NONE', ( #1473, #2479, #1315, #734 ) ) ;
#3956 = ORIENTED_EDGE ( 'NONE', *, *, #1949, .T. ) ;
#3957 = PRODUCT_DEFINITION ( 'UNKNOWN', '', #1348, #952 ) ;
#3958 = VECTOR ( 'NONE', #3421, 1000.000000000000000 ) ;
#3959 = ADVANCED_FACE ( 'NONE', ( #3220 ), #3534, .F. ) ;
#3960 = PLANE ( 'NONE',  #3618 ) ;
#3961 =( NAMED_UNIT ( * ) SI_UNIT ( $, .STERADIAN. ) SOLID_ANGLE_UNIT ( ) );
#3962 = CARTESIAN_POINT ( 'NONE',  ( -3.425000000000000266, 9.900000000000000355, -7.696150136296069880E-16 ) ) ;
#3963 = ORIENTED_EDGE ( 'NONE', *, *, #4099, .T. ) ;
#3964 = CARTESIAN_POINT ( 'NONE',  ( 1.179999999999999716, 0.6699999999999997069, -0.9550000000000001821 ) ) ;
#3965 = FACE_OUTER_BOUND ( 'NONE', #3968, .T. ) ;
#3966 = DIRECTION ( 'NONE',  ( 2.247051134684983870E-16, 0.000000000000000000, -1.000000000000000000 ) ) ;
#3967 = ORIENTED_EDGE ( 'NONE', *, *, #4527, .T. ) ;
#3968 = EDGE_LOOP ( 'NONE', ( #1793, #166, #28, #2071 ) ) ;
#3969 = FACE_OUTER_BOUND ( 'NONE', #2469, .T. ) ;
#3970 = LINE ( 'NONE', #1740, #1012 ) ;
#3971 = DIRECTION ( 'NONE',  ( -0.6092076990801724712, -0.5076730825668078761, -0.6092076990801716940 ) ) ;
#3972 = ORIENTED_EDGE ( 'NONE', *, *, #3931, .T. ) ;
#3973 = CARTESIAN_POINT ( 'NONE',  ( 1.819999999999999618, 7.500000000000001776, 0.6349999999999992317 ) ) ;
#3974 = FACE_OUTER_BOUND ( 'NONE', #1285, .T. ) ;
#3975 = ORIENTED_EDGE ( 'NONE', *, *, #3832, .F. ) ;
#3976 = EDGE_CURVE ( 'NONE', #3271, #2678, #3204, .T. ) ;
#3977 = LINE ( 'NONE', #1311, #773 ) ;
#3978 = VERTEX_POINT ( 'NONE', #1894 ) ;
#3979 = CARTESIAN_POINT ( 'NONE',  ( -3.425000000000001155, 8.499999999999994671, 1.044999999999999041 ) ) ;
#3980 = CARTESIAN_POINT ( 'NONE',  ( -3.890000000000000124, 1.699999999999999067, -1.584999999999999964 ) ) ;
#3981 = CARTESIAN_POINT ( 'NONE',  ( -1.820000000000000506, 1.350000000000000089, -1.585000000000000409 ) ) ;
#3982 = FACE_OUTER_BOUND ( 'NONE', #2351, .T. ) ;
#3983 = CARTESIAN_POINT ( 'NONE',  ( -4.524999999999995914, -1.449999999999999956, 2.484999999999997211 ) ) ;
#3984 = VERTEX_POINT ( 'NONE', #3860 ) ;
#3985 = VERTEX_POINT ( 'NONE', #961 ) ;
#3986 = EDGE_CURVE ( 'NONE', #3674, #3261, #3325, .T. ) ;
#3987 = ORIENTED_EDGE ( 'NONE', *, *, #3752, .T. ) ;
#3988 = ADVANCED_FACE ( 'NONE', ( #1642 ), #916, .F. ) ;
#3989 = LINE ( 'NONE', #3062, #2531 ) ;
#3990 = EDGE_LOOP ( 'NONE', ( #2804, #2637, #1367, #1004 ) ) ;
#3991 = CARTESIAN_POINT ( 'NONE',  ( 1.819999999999999618, 0.6699999999999997069, -0.9550000000000005151 ) ) ;
#3992 = ORIENTED_EDGE ( 'NONE', *, *, #2898, .F. ) ;
#3993 = PLANE ( 'NONE',  #761 ) ;
#3994 = ORIENTED_EDGE ( 'NONE', *, *, #1718, .T. ) ;
#3995 = ORIENTED_EDGE ( 'NONE', *, *, #3506, .T. ) ;
#3996 = EDGE_CURVE ( 'NONE', #2377, #2704, #75, .T. ) ;
#3997 = LINE ( 'NONE', #2262, #953 ) ;
#3998 = ADVANCED_FACE ( 'NONE', ( #1732 ), #1389, .F. ) ;
#3999 = ORIENTED_EDGE ( 'NONE', *, *, #3976, .T. ) ;
#4000 = CARTESIAN_POINT ( 'NONE',  ( 1.819999999999999618, 1.349999999999999867, -0.005000000000001014917 ) ) ;
#4001 = VECTOR ( 'NONE', #3781, 1000.000000000000000 ) ;
#4002 = DIRECTION ( 'NONE',  ( 1.000000000000000000, 0.000000000000000000, -0.000000000000000000 ) ) ;
#4003 = ORIENTED_EDGE ( 'NONE', *, *, #219, .F. ) ;
#4004 = CARTESIAN_POINT ( 'NONE',  ( 3.889999999999999236, 0.6699999999999998179, -0.5599999999999976108 ) ) ;
#4005 = DIRECTION ( 'NONE',  ( 1.000000000000000000, 0.000000000000000000, 0.000000000000000000 ) ) ;
#4006 = AXIS2_PLACEMENT_3D ( 'NONE', #793, #3667, #476 ) ;
#4007 = AXIS2_PLACEMENT_3D ( 'NONE', #2559, #2604, #3635 ) ;
#4008 = VERTEX_POINT ( 'NONE', #2070 ) ;
#4009 = LINE ( 'NONE', #2802, #751 ) ;
#4010 = FACE_BOUND ( 'NONE', #3324, .T. ) ;
#4011 = EDGE_LOOP ( 'NONE', ( #1787, #9, #1760, #1719, #3360, #1742 ) ) ;
#4012 = CARTESIAN_POINT ( 'NONE',  ( 3.425000000000000266, 9.900000000000000355, -0.9550000000000007372 ) ) ;
#4013 = CARTESIAN_POINT ( 'NONE',  ( -4.825000000000000178, -3.252606517456513302E-16, 1.585000000000002851 ) ) ;
#4014 = EDGE_CURVE ( 'NONE', #1354, #2648, #19, .T. ) ;
#4015 = FACE_OUTER_BOUND ( 'NONE', #1860, .T. ) ;
#4016 = DIRECTION ( 'NONE',  ( 0.000000000000000000, 1.000000000000000000, 1.807003620809173892E-16 ) ) ;
#4017 = ORIENTED_EDGE ( 'NONE', *, *, #2981, .F. ) ;
#4018 = ORIENTED_EDGE ( 'NONE', *, *, #4673, .T. ) ;
#4019 = VERTEX_POINT ( 'NONE', #1535 ) ;
#4020 = AXIS2_PLACEMENT_3D ( 'NONE', #3436, #3149, #986 ) ;
#4021 = LINE ( 'NONE', #2976, #2431 ) ;
#4022 = LINE ( 'NONE', #4327, #838 ) ;
#4023 = EDGE_CURVE ( 'NONE', #2374, #2184, #3283, .T. ) ;
#4024 = DIRECTION ( 'NONE',  ( 0.000000000000000000, 0.000000000000000000, -1.000000000000000000 ) ) ;
#4025 = PLANE ( 'NONE',  #4429 ) ;
#4026 = VERTEX_POINT ( 'NONE', #3390 ) ;
#4027 = LINE ( 'NONE', #2749, #2451 ) ;
#4028 = AXIS2_PLACEMENT_3D ( 'NONE', #4232, #3789, #2555 ) ;
#4029 = DIRECTION ( 'NONE',  ( -1.000000000000000000, -0.000000000000000000, -0.000000000000000000 ) ) ;
#4030 = LINE ( 'NONE', #103, #2250 ) ;
#4031 = EDGE_LOOP ( 'NONE', ( #3678, #2217, #3147, #460 ) ) ;
#4032 = EDGE_CURVE ( 'NONE', #1845, #2862, #3332, .T. ) ;
#4033 = ADVANCED_FACE ( 'NONE', ( #1678 ), #73, .F. ) ;
#4034 = LINE ( 'NONE', #2651, #2398 ) ;
#4035 = ORIENTED_EDGE ( 'NONE', *, *, #3107, .T. ) ;
#4036 = LINE ( 'NONE', #2921, #897 ) ;
#4037 = LINE ( 'NONE', #2214, #910 ) ;
#4038 = DIRECTION ( 'NONE',  ( 1.000000000000000000, -0.000000000000000000, -4.494102269369967741E-16 ) ) ;
#4039 = ORIENTED_EDGE ( 'NONE', *, *, #522, .T. ) ;
#4040 = PLANE ( 'NONE',  #2565 ) ;
#4041 = DIRECTION ( 'NONE',  ( -0.7071067811865461294, 0.7071067811865489050, -1.095209583345266238E-16 ) ) ;
#4042 = EDGE_CURVE ( 'NONE', #3985, #2237, #120, .T. ) ;
#4043 = VECTOR ( 'NONE', #4658, 1000.000000000000000 ) ;
#4044 = VERTEX_POINT ( 'NONE', #2105 ) ;
#4045 = FACE_OUTER_BOUND ( 'NONE', #643, .T. ) ;
#4046 = VECTOR ( 'NONE', #3815, 1000.000000000000000 ) ;
#4047 = ORIENTED_EDGE ( 'NONE', *, *, #3253, .T. ) ;
#4048 = FACE_OUTER_BOUND ( 'NONE', #2207, .T. ) ;
#4049 = DIRECTION ( 'NONE',  ( 0.000000000000000000, 0.7071067811865477948, 0.7071067811865473507 ) ) ;
#4050 = CARTESIAN_POINT ( 'NONE',  ( -1.380000000000000782, -3.180000000000000160, 0.1949999999999985911 ) ) ;
#4051 = VECTOR ( 'NONE', #4165, 1000.000000000000000 ) ;
#4052 = CARTESIAN_POINT ( 'NONE',  ( -1.300000000000000044, 7.400000000000000355, -2.085000000000000853 ) ) ;
#4053 = EDGE_CURVE ( 'NONE', #3011, #1790, #1704, .T. ) ;
#4054 = ORIENTED_EDGE ( 'NONE', *, *, #4389, .F. ) ;
#4055 = DIRECTION ( 'NONE',  ( -0.000000000000000000, -1.000000000000000000, -0.000000000000000000 ) ) ;
#4056 = VECTOR ( 'NONE', #2166, 1000.000000000000000 ) ;
#4057 = VECTOR ( 'NONE', #2993, 1000.000000000000000 ) ;
#4058 = ORIENTED_EDGE ( 'NONE', *, *, #3453, .F. ) ;
#4059 = LINE ( 'NONE', #3788, #2483 ) ;
#4060 = CARTESIAN_POINT ( 'NONE',  ( -1.820000000000000506, -1.195926965901974925E-15, -0.9549999999999988498 ) ) ;
#4061 = ORIENTED_EDGE ( 'NONE', *, *, #3550, .T. ) ;
#4062 = EDGE_CURVE ( 'NONE', #4752, #1492, #3252, .T. ) ;
#4063 = CARTESIAN_POINT ( 'NONE',  ( 1.619999999999999218, -3.180000000000000160, 0.000000000000000000 ) ) ;
#4064 = VECTOR ( 'NONE', #3570, 1000.000000000000000 ) ;
#4065 = AXIS2_PLACEMENT_3D ( 'NONE', #4744, #2221, #2682 ) ;
#4066 = CARTESIAN_POINT ( 'NONE',  ( -1.499999999999999112, 1.849999999999999201, 2.774999999999999467 ) ) ;
#4067 = VECTOR ( 'NONE', #1113, 1000.000000000000000 ) ;
#4068 = CARTESIAN_POINT ( 'NONE',  ( -1.620000000000000107, -3.180000000000000160, 0.1949999999999985911 ) ) ;
#4069 = ORIENTED_EDGE ( 'NONE', *, *, #1100, .T. ) ;
#4070 = VECTOR ( 'NONE', #1444, 1000.000000000000000 ) ;
#4071 = ORIENTED_EDGE ( 'NONE', *, *, #2276, .T. ) ;
#4072 = EDGE_CURVE ( 'NONE', #3545, #2374, #3304, .T. ) ;
#4073 = VERTEX_POINT ( 'NONE', #3657 ) ;
#4074 = DIRECTION ( 'NONE',  ( 0.000000000000000000, 1.000000000000000000, -3.212450881438527803E-16 ) ) ;
#4075 = LINE ( 'NONE', #4066, #872 ) ;
#4076 = CARTESIAN_POINT ( 'NONE',  ( -4.825000000000000178, 0.6699999999999998179, 1.190000000000002611 ) ) ;
#4077 = ORIENTED_EDGE ( 'NONE', *, *, #4692, .T. ) ;
#4078 = AXIS2_PLACEMENT_3D ( 'NONE', #4265, #32, #1321 ) ;
#4079 = DIRECTION ( 'NONE',  ( 4.494102269369967741E-16, 3.614007241618347785E-16, 1.000000000000000000 ) ) ;
#4080 = DIRECTION ( 'NONE',  ( 1.000000000000000000, -0.000000000000000000, -4.494102269369967741E-16 ) ) ;
#4081 = ADVANCED_FACE ( 'NONE', ( #1573 ), #1461, .T. ) ;
#4082 = CARTESIAN_POINT ( 'NONE',  ( 3.440000000000000391, -6.062001655779399497E-16, 1.584999999999999076 ) ) ;
#4083 = ORIENTED_EDGE ( 'NONE', *, *, #1514, .F. ) ;
#4084 = VECTOR ( 'NONE', #4713, 1000.000000000000000 ) ;
#4085 = EDGE_LOOP ( 'NONE', ( #1641, #4140, #1546, #41 ) ) ;
#4086 = DIRECTION ( 'NONE',  ( 0.000000000000000000, 0.000000000000000000, 1.000000000000000000 ) ) ;
#4087 = LINE ( 'NONE', #2200, #1096 ) ;
#4088 = DIRECTION ( 'NONE',  ( 0.000000000000000000, -2.744815626545581052E-16, -1.000000000000000000 ) ) ;
#4089 = CARTESIAN_POINT ( 'NONE',  ( 4.175000000000000711, -1.199999999999997957, 1.884999999999999787 ) ) ;
#4090 = CARTESIAN_POINT ( 'NONE',  ( 4.824999999999999289, 8.499999999999994671, -0.9550000000000007372 ) ) ;
#4091 = CYLINDRICAL_SURFACE ( 'NONE', #4783, 0.5000000000000004441 ) ;
#4092 = DIRECTION ( 'NONE',  ( 1.000000000000000000, -0.000000000000000000, -4.494102269369967741E-16 ) ) ;
#4093 = ORIENTED_EDGE ( 'NONE', *, *, #1110, .F. ) ;
#4094 = CARTESIAN_POINT ( 'NONE',  ( -1.820000000000000506, 1.350000000000000089, -1.585000000000000409 ) ) ;
#4095 = AXIS2_PLACEMENT_3D ( 'NONE', #2428, #4736, #3883 ) ;
#4096 = LINE ( 'NONE', #299, #2472 ) ;
#4097 = ORIENTED_EDGE ( 'NONE', *, *, #2851, .F. ) ;
#4098 = VECTOR ( 'NONE', #2147, 1000.000000000000000 ) ;
#4099 = EDGE_CURVE ( 'NONE', #3716, #4019, #3240, .T. ) ;
#4100 = LINE ( 'NONE', #343, #786 ) ;
#4101 = CARTESIAN_POINT ( 'NONE',  ( -1.820000000000000506, -7.265096679918780609, 0.6349999999999974554 ) ) ;
#4102 = EDGE_CURVE ( 'NONE', #3341, #1937, #3192, .T. ) ;
#4103 = CARTESIAN_POINT ( 'NONE',  ( 2.770000000000000018, 3.300000000000000711, -0.9550000000000007372 ) ) ;
#4104 = VECTOR ( 'NONE', #1843, 1000.000000000000000 ) ;
#4105 = CARTESIAN_POINT ( 'NONE',  ( -1.499999999999999112, 1.849999999999999201, 2.774999999999999467 ) ) ;
#4106 = EDGE_LOOP ( 'NONE', ( #1489, #1825, #111, #4116 ) ) ;
#4107 = VECTOR ( 'NONE', #2081, 1000.000000000000000 ) ;
#4108 = LINE ( 'NONE', #572, #939 ) ;
#4109 = ORIENTED_EDGE ( 'NONE', *, *, #1844, .F. ) ;
#4110 = VECTOR ( 'NONE', #4533, 1000.000000000000000 ) ;
#4111 = ORIENTED_EDGE ( 'NONE', *, *, #2193, .T. ) ;
#4112 = CARTESIAN_POINT ( 'NONE',  ( -4.824999999999999289, 8.499999999999994671, -0.9550000000000007372 ) ) ;
#4113 = FACE_OUTER_BOUND ( 'NONE', #3417, .T. ) ;
#4114 = EDGE_CURVE ( 'NONE', #3555, #3762, #29, .T. ) ;
#4115 = CARTESIAN_POINT ( 'NONE',  ( 3.000000000000000000, -3.180000000000000160, 0.000000000000000000 ) ) ;
#4116 = ORIENTED_EDGE ( 'NONE', *, *, #538, .T. ) ;
#4117 = CARTESIAN_POINT ( 'NONE',  ( -3.440000000000000391, -1.448757163391319161E-15, -1.584999999999999964 ) ) ;
#4118 = LINE ( 'NONE', #4013, #2609 ) ;
#4119 = PLANE ( 'NONE',  #3541 ) ;
#4120 = CARTESIAN_POINT ( 'NONE',  ( 1.619999999999998996, 7.500000000000001776, 0.000000000000000000 ) ) ;
#4121 = LINE ( 'NONE', #3328, #962 ) ;
#4122 = LINE ( 'NONE', #3896, #4043 ) ;
#4123 = ORIENTED_EDGE ( 'NONE', *, *, #2276, .F. ) ;
#4124 = ORIENTED_EDGE ( 'NONE', *, *, #2359, .T. ) ;
#4125 = LINE ( 'NONE', #3319, #924 ) ;
#4126 = ORIENTED_EDGE ( 'NONE', *, *, #108, .T. ) ;
#4127 = ORIENTED_EDGE ( 'NONE', *, *, #2366, .F. ) ;
#4128 = SURFACE_STYLE_FILL_AREA ( #2759 ) ;
#4129 = EDGE_CURVE ( 'NONE', #949, #667, #4795, .T. ) ;
#4130 = ADVANCED_FACE ( 'NONE', ( #3292 ), #1797, .F. ) ;
#4131 = CARTESIAN_POINT ( 'NONE',  ( 1.179999999999999716, 1.269999999999999796, 1.189999999999999947 ) ) ;
#4132 = PLANE ( 'NONE',  #3824 ) ;
#4133 = DIRECTION ( 'NONE',  ( 1.000000000000000000, -0.000000000000000000, -4.494102269369967741E-16 ) ) ;
#4134 = COLOUR_RGB ( '',0.7921568627450980005, 0.8196078431372548767, 0.9333333333333333481 ) ;
#4135 = PLANE ( 'NONE',  #3166 ) ;
#4136 = DIRECTION ( 'NONE',  ( -0.000000000000000000, -1.000000000000000000, -0.000000000000000000 ) ) ;
#4137 = ADVANCED_FACE ( 'NONE', ( #1634 ), #4040, .F. ) ;
#4138 = ORIENTED_EDGE ( 'NONE', *, *, #2805, .T. ) ;
#4139 = ORIENTED_EDGE ( 'NONE', *, *, #875, .T. ) ;
#4140 = ORIENTED_EDGE ( 'NONE', *, *, #3042, .F. ) ;
#4141 = FACE_OUTER_BOUND ( 'NONE', #3401, .T. ) ;
#4142 = EDGE_CURVE ( 'NONE', #2579, #129, #37, .T. ) ;
#4143 = VECTOR ( 'NONE', #542, 1000.000000000000000 ) ;
#4144 = STYLED_ITEM ( 'NONE', ( #2553 ), #1992 ) ;
#4145 = DIRECTION ( 'NONE',  ( 1.000000000000000000, -0.000000000000000000, -4.494102269369967741E-16 ) ) ;
#4146 = DIRECTION ( 'NONE',  ( -4.494102269369967741E-16, 1.807003620809173892E-16, -1.000000000000000000 ) ) ;
#4147 = CARTESIAN_POINT ( 'NONE',  ( -2.845618556701019930, -2.849484536082473429, 0.8056185567010224480 ) ) ;
#4148 = ORIENTED_EDGE ( 'NONE', *, *, #2687, .T. ) ;
#4149 = LINE ( 'NONE', #1152, #2649 ) ;
#4150 = DIRECTION ( 'NONE',  ( -0.000000000000000000, -0.000000000000000000, -1.000000000000000000 ) ) ;
#4151 = VECTOR ( 'NONE', #2063, 1000.000000000000000 ) ;
#4152 = ORIENTED_EDGE ( 'NONE', *, *, #4062, .T. ) ;
#4153 = LINE ( 'NONE', #2982, #1006 ) ;
#4154 = EDGE_CURVE ( 'NONE', #2648, #4243, #1581, .T. ) ;
#4155 = VECTOR ( 'NONE', #1966, 1000.000000000000000 ) ;
#4156 = ORIENTED_EDGE ( 'NONE', *, *, #2722, .F. ) ;
#4157 = ORIENTED_EDGE ( 'NONE', *, *, #2713, .T. ) ;
#4158 = DIRECTION ( 'NONE',  ( 0.000000000000000000, 1.000000000000000000, 1.618212197739559129E-16 ) ) ;
#4159 = FACE_OUTER_BOUND ( 'NONE', #2152, .T. ) ;
#4160 = DIRECTION ( 'NONE',  ( 1.000000000000000000, 0.000000000000000000, -1.391489419232732941E-15 ) ) ;
#4161 = ORIENTED_EDGE ( 'NONE', *, *, #1949, .F. ) ;
#4162 = DIRECTION ( 'NONE',  ( -2.247051134684983870E-16, 0.000000000000000000, 1.000000000000000000 ) ) ;
#4163 = VECTOR ( 'NONE', #4758, 1000.000000000000000 ) ;
#4164 = CARTESIAN_POINT ( 'NONE',  ( 1.819999999999999618, 3.300000000000000711, -0.005000000000000663636 ) ) ;
#4165 = DIRECTION ( 'NONE',  ( -0.000000000000000000, 1.000000000000000000, 1.618212197739558882E-16 ) ) ;
#4166 = FACE_OUTER_BOUND ( 'NONE', #2956, .T. ) ;
#4167 = VERTEX_POINT ( 'NONE', #23 ) ;
#4168 = EDGE_LOOP ( 'NONE', ( #3146, #1756, #3131, #18 ) ) ;
#4169 = FACE_OUTER_BOUND ( 'NONE', #3203, .T. ) ;
#4170 = FACE_OUTER_BOUND ( 'NONE', #1538, .T. ) ;
#4171 = VERTEX_POINT ( 'NONE', #4004 ) ;
#4172 = PRESENTATION_STYLE_ASSIGNMENT (( #3097 ) ) ;
#4173 = EDGE_CURVE ( 'NONE', #20, #298, #83, .T. ) ;
#4174 = DIRECTION ( 'NONE',  ( 1.000000000000000000, 0.000000000000000000, 0.000000000000000000 ) ) ;
#4175 = VECTOR ( 'NONE', #607, 1000.000000000000000 ) ;
#4176 = DIRECTION ( 'NONE',  ( 1.000000000000000000, 0.000000000000000000, 0.000000000000000000 ) ) ;
#4177 = FACE_OUTER_BOUND ( 'NONE', #4085, .T. ) ;
#4178 = ORIENTED_EDGE ( 'NONE', *, *, #736, .F. ) ;
#4179 = CARTESIAN_POINT ( 'NONE',  ( 1.379999999999999893, -3.180000000000000160, 0.1949999999999985911 ) ) ;
#4180 = EDGE_CURVE ( 'NONE', #3816, #1406, #3298, .T. ) ;
#4181 = ORIENTED_EDGE ( 'NONE', *, *, #1911, .F. ) ;
#4182 = LINE ( 'NONE', #1965, #1000 ) ;
#4183 = ORIENTED_EDGE ( 'NONE', *, *, #4600, .T. ) ;
#4184 = LINE ( 'NONE', #2099, #4046 ) ;
#4185 = ORIENTED_EDGE ( 'NONE', *, *, #1290, .T. ) ;
#4186 = LINE ( 'NONE', #31, #2550 ) ;
#4187 = ADVANCED_FACE ( 'NONE', ( #93 ), #2684, .F. ) ;
#4188 = EDGE_CURVE ( 'NONE', #3816, #1146, #1592, .T. ) ;
#4189 = LINE ( 'NONE', #3567, #2681 ) ;
#4190 = ORIENTED_EDGE ( 'NONE', *, *, #3621, .T. ) ;
#4191 = ADVANCED_FACE ( 'NONE', ( #1657 ), #4250, .F. ) ;
#4192 = CARTESIAN_POINT ( 'NONE',  ( -0.5000000000000000000, 8.300000000000000711, 2.774999999999999467 ) ) ;
#4193 = ORIENTED_EDGE ( 'NONE', *, *, #2797, .T. ) ;
#4194 = VECTOR ( 'NONE', #1462, 1000.000000000000000 ) ;
#4195 = CARTESIAN_POINT ( 'NONE',  ( 1.499999999999999556, 8.300000000000000711, 2.774999999999999467 ) ) ;
#4196 = LINE ( 'NONE', #1897, #993 ) ;
#4197 = DIRECTION ( 'NONE',  ( 0.000000000000000000, -0.000000000000000000, 1.000000000000000000 ) ) ;
#4198 = ORIENTED_EDGE ( 'NONE', *, *, #1754, .T. ) ;
#4199 = FACE_OUTER_BOUND ( 'NONE', #586, .T. ) ;
#4200 = EDGE_CURVE ( 'NONE', #3231, #38, #104, .T. ) ;
#4201 = VERTEX_POINT ( 'NONE', #3456 ) ;
#4202 = ORIENTED_EDGE ( 'NONE', *, *, #3182, .T. ) ;
#4203 = LINE ( 'NONE', #405, #2592 ) ;
#4204 = CARTESIAN_POINT ( 'NONE',  ( 3.890000000000000124, 0.000000000000000000, -1.584999999999999964 ) ) ;
#4205 = LINE ( 'NONE', #1511, #1003 ) ;
#4206 = CARTESIAN_POINT ( 'NONE',  ( -4.825000000000000178, 0.6699999999999997069, 1.585000000000002629 ) ) ;
#4207 = VERTEX_POINT ( 'NONE', #3798 ) ;
#4208 = DIRECTION ( 'NONE',  ( 0.000000000000000000, -0.3162277660168354432, -0.9486832980505146562 ) ) ;
#4209 = VECTOR ( 'NONE', #2901, 1000.000000000000000 ) ;
#4210 = DIRECTION ( 'NONE',  ( -1.000000000000000000, -0.000000000000000000, -0.000000000000000000 ) ) ;
#4211 = CARTESIAN_POINT ( 'NONE',  ( -0.5000000000000000000, 8.300000000000000711, 2.774999999999999467 ) ) ;
#4212 = EDGE_CURVE ( 'NONE', #2377, #543, #1715, .T. ) ;
#4213 = CLOSED_SHELL ( 'NONE', ( #418, #2387, #4765, #4553, #603, #3174, #176, #2752, #2904, #4730 ) ) ;
#4214 = ORIENTED_EDGE ( 'NONE', *, *, #2713, .F. ) ;
#4215 = FACE_OUTER_BOUND ( 'NONE', #650, .T. ) ;
#4216 = ORIENTED_EDGE ( 'NONE', *, *, #2770, .T. ) ;
#4217 = VECTOR ( 'NONE', #1779, 1000.000000000000114 ) ;
#4218 = CARTESIAN_POINT ( 'NONE',  ( 1.179999999999999716, 1.349999999999999645, 0.6349999999999990097 ) ) ;
#4219 = DIRECTION ( 'NONE',  ( -0.000000000000000000, 0.000000000000000000, 1.000000000000000000 ) ) ;
#4220 = FACE_OUTER_BOUND ( 'NONE', #2325, .T. ) ;
#4221 = CARTESIAN_POINT ( 'NONE',  ( 3.000000000000000000, 7.500000000000001776, 0.1949999999999998679 ) ) ;
#4222 = DIRECTION ( 'NONE',  ( 1.000000000000000000, 0.000000000000000000, 0.000000000000000000 ) ) ;
#4223 = VECTOR ( 'NONE', #4074, 1000.000000000000000 ) ;
#4224 = DIRECTION ( 'NONE',  ( 0.000000000000000000, -1.000000000000000000, 3.614007241618347785E-16 ) ) ;
#4225 = ORIENTED_EDGE ( 'NONE', *, *, #3182, .F. ) ;
#4226 = VECTOR ( 'NONE', #2432, 1000.000000000000114 ) ;
#4227 = ORIENTED_EDGE ( 'NONE', *, *, #4381, .F. ) ;
#4228 = AXIS2_PLACEMENT_3D ( 'NONE', #592, #1691, #3128 ) ;
#4229 = FACE_OUTER_BOUND ( 'NONE', #2101, .T. ) ;
#4230 = CARTESIAN_POINT ( 'NONE',  ( -4.825000000000000178, 9.900000000000000355, 2.274999999999999467 ) ) ;
#4231 = EDGE_LOOP ( 'NONE', ( #3509, #1999, #391, #1862 ) ) ;
#4232 = CARTESIAN_POINT ( 'NONE',  ( 1.819999999999999618, -2.579999999999992966, 0.6349999999999983435 ) ) ;
#4233 = ORIENTED_EDGE ( 'NONE', *, *, #1968, .F. ) ;
#4234 = VECTOR ( 'NONE', #2650, 1000.000000000000000 ) ;
#4235 = VERTEX_POINT ( 'NONE', #463 ) ;
#4236 = CARTESIAN_POINT ( 'NONE',  ( -3.864999999999990887, 9.900000000000000355, 2.274999999999999467 ) ) ;
#4237 = VECTOR ( 'NONE', #718, 1000.000000000000000 ) ;
#4238 = DIRECTION ( 'NONE',  ( -2.247051134684983870E-16, 0.000000000000000000, 1.000000000000000000 ) ) ;
#4239 = ORIENTED_EDGE ( 'NONE', *, *, #278, .F. ) ;
#4240 = LINE ( 'NONE', #349, #4163 ) ;
#4241 = ADVANCED_FACE ( 'NONE', ( #1646 ), #3060, .F. ) ;
#4242 = VECTOR ( 'NONE', #2509, 1000.000000000000000 ) ;
#4243 = VERTEX_POINT ( 'NONE', #4615 ) ;
#4244 = ADVANCED_FACE ( 'NONE', ( #3265 ), #1248, .F. ) ;
#4245 = EDGE_LOOP ( 'NONE', ( #3175, #4271, #2507, #4069, #4152, #2471, #3083, #4183, #902, #3343, #3238, #140 ) ) ;
#4246 = CARTESIAN_POINT ( 'NONE',  ( 3.425000000000000266, 9.900000000000000355, 2.274999999999999467 ) ) ;
#4247 = LINE ( 'NONE', #3677, #979 ) ;
#4248 = CARTESIAN_POINT ( 'NONE',  ( -3.440000000000000391, 1.699999999999999067, 2.024999999999999023 ) ) ;
#4249 = ORIENTED_EDGE ( 'NONE', *, *, #4545, .T. ) ;
#4250 = PLANE ( 'NONE',  #3029 ) ;
#4251 = LINE ( 'NONE', #3836, #2621 ) ;
#4252 = CARTESIAN_POINT ( 'NONE',  ( -1.180000000000000604, 1.269999999999999796, -0.5599999999999990541 ) ) ;
#4253 = AXIS2_PLACEMENT_3D ( 'NONE', #2747, #4208, #1310 ) ;
#4254 = LINE ( 'NONE', #1660, #2744 ) ;
#4255 = ORIENTED_EDGE ( 'NONE', *, *, #2022, .F. ) ;
#4256 = VERTEX_POINT ( 'NONE', #933 ) ;
#4257 = LINE ( 'NONE', #3373, #1155 ) ;
#4258 = EDGE_CURVE ( 'NONE', #3652, #3261, #51, .T. ) ;
#4259 = ORIENTED_EDGE ( 'NONE', *, *, #3307, .T. ) ;
#4260 = LINE ( 'NONE', #752, #1070 ) ;
#4261 = DIRECTION ( 'NONE',  ( -0.000000000000000000, 1.000000000000000000, 1.801998070613027504E-16 ) ) ;
#4262 = DIRECTION ( 'NONE',  ( -1.000000000000000000, -0.000000000000000000, -0.000000000000000000 ) ) ;
#4263 = DIRECTION ( 'NONE',  ( -1.000000000000000000, -0.000000000000000000, -0.000000000000000000 ) ) ;
#4264 = DIRECTION ( 'NONE',  ( -2.353307041053807940E-16, -1.000000000000000000, 0.000000000000000000 ) ) ;
#4265 = CARTESIAN_POINT ( 'NONE',  ( -4.175000000000000711, -1.449999999999999956, 2.784999999999999698 ) ) ;
#4266 = VECTOR ( 'NONE', #2645, 1000.000000000000000 ) ;
#4267 = ORIENTED_EDGE ( 'NONE', *, *, #3682, .F. ) ;
#4268 = CARTESIAN_POINT ( 'NONE',  ( -1.362272727272728412, 7.446818181818184001, 0.1772727272727274150 ) ) ;
#4269 = VERTEX_POINT ( 'NONE', #124 ) ;
#4270 = VECTOR ( 'NONE', #3713, 1000.000000000000000 ) ;
#4271 = ORIENTED_EDGE ( 'NONE', *, *, #2151, .T. ) ;
#4272 = EDGE_CURVE ( 'NONE', #400, #1593, #5, .T. ) ;
#4273 = ORIENTED_EDGE ( 'NONE', *, *, #169, .T. ) ;
#4274 = LINE ( 'NONE', #1804, #4209 ) ;
#4275 = VECTOR ( 'NONE', #1803, 1000.000000000000000 ) ;
#4276 = FACE_OUTER_BOUND ( 'NONE', #4031, .T. ) ;
#4277 = DIRECTION ( 'NONE',  ( 0.000000000000000000, -4.013177737926092743E-16, -1.000000000000000000 ) ) ;
#4278 = CARTESIAN_POINT ( 'NONE',  ( 0.2299999999999993161, 3.300000000000000711, -0.9550000000000004041 ) ) ;
#4279 = ORIENTED_EDGE ( 'NONE', *, *, #3148, .T. ) ;
#4280 = DIRECTION ( 'NONE',  ( 5.954428407243046206E-16, 0.000000000000000000, 1.000000000000000000 ) ) ;
#4281 = DIRECTION ( 'NONE',  ( 0.000000000000000000, 2.744815626545581052E-16, 1.000000000000000000 ) ) ;
#4282 = CARTESIAN_POINT ( 'NONE',  ( 4.175000000000000711, 0.000000000000000000, 2.784999999999999698 ) ) ;
#4283 = ORIENTED_EDGE ( 'NONE', *, *, #4482, .T. ) ;
#4284 = LINE ( 'NONE', #1847, #2703 ) ;
#4285 = ORIENTED_EDGE ( 'NONE', *, *, #4369, .T. ) ;
#4286 = LINE ( 'NONE', #3767, #1208 ) ;
#4287 = DIRECTION ( 'NONE',  ( 1.000000000000000000, -0.000000000000000000, -4.494102269369967741E-16 ) ) ;
#4288 = CARTESIAN_POINT ( 'NONE',  ( 0.4999999999999978351, 1.849999999999999423, 2.774999999999999467 ) ) ;
#4289 = EDGE_LOOP ( 'NONE', ( #1730, #4476, #27, #4185 ) ) ;
#4290 = DIRECTION ( 'NONE',  ( -0.000000000000000000, -0.000000000000000000, 1.000000000000000000 ) ) ;
#4291 = LINE ( 'NONE', #287, #4098 ) ;
#4292 = DIRECTION ( 'NONE',  ( 4.494102269369967741E-16, 3.614007241618347785E-16, 1.000000000000000000 ) ) ;
#4293 = ADVANCED_FACE ( 'NONE', ( #4141 ), #3403, .F. ) ;
#4294 = EDGE_CURVE ( 'NONE', #396, #3341, #4299, .T. ) ;
#4295 = LINE ( 'NONE', #257, #4175 ) ;
#4296 = VERTEX_POINT ( 'NONE', #4560 ) ;
#4297 = VECTOR ( 'NONE', #4029, 1000.000000000000000 ) ;
#4298 = ORIENTED_EDGE ( 'NONE', *, *, #3333, .F. ) ;
#4299 = LINE ( 'NONE', #1280, #996 ) ;
#4300 = CARTESIAN_POINT ( 'NONE',  ( 1.819999999999999618, 7.500000000000001776, -0.005000000000000663636 ) ) ;
#4301 = DIRECTION ( 'NONE',  ( -1.984809469081015402E-16, 0.000000000000000000, -1.000000000000000000 ) ) ;
#4302 = DIRECTION ( 'NONE',  ( -0.3015113445777614087, -0.9045340337332923308, -0.3015113445777614087 ) ) ;
#4303 = EDGE_CURVE ( 'NONE', #3274, #2603, #1041, .T. ) ;
#4304 = CARTESIAN_POINT ( 'NONE',  ( -0.2300000000000001765, 9.900000000000000355, 1.584999999999999298 ) ) ;
#4305 = PLANE ( 'NONE',  #1231 ) ;
#4306 = VECTOR ( 'NONE', #3532, 1000.000000000000000 ) ;
#4307 = AXIS2_PLACEMENT_3D ( 'NONE', #4452, #552, #2528 ) ;
#4308 = PLANE ( 'NONE',  #1823 ) ;
#4309 = VERTEX_POINT ( 'NONE', #1543 ) ;
#4310 = LINE ( 'NONE', #2570, #2595 ) ;
#4311 = VECTOR ( 'NONE', #1005, 1000.000000000000000 ) ;
#4312 = EDGE_CURVE ( 'NONE', #1947, #2908, #4251, .T. ) ;
#4313 = CARTESIAN_POINT ( 'NONE',  ( 1.179999999999999716, 3.300000000000000711, -0.005000000000000663636 ) ) ;
#4314 = DIRECTION ( 'NONE',  ( 0.3015113445777610202, 0.9045340337332925529, 0.3015113445777610202 ) ) ;
#4315 = ORIENTED_EDGE ( 'NONE', *, *, #997, .T. ) ;
#4316 = DIRECTION ( 'NONE',  ( 0.000000000000000000, 0.000000000000000000, 1.000000000000000000 ) ) ;
#4317 = DIRECTION ( 'NONE',  ( -1.000000000000000000, 0.000000000000000000, 1.391489419232732941E-15 ) ) ;
#4318 = PLANE ( 'NONE',  #1043 ) ;
#4319 = VECTOR ( 'NONE', #3913, 1000.000000000000000 ) ;
#4320 = AXIS2_PLACEMENT_3D ( 'NONE', #3505, #569, #4280 ) ;
#4321 = VECTOR ( 'NONE', #1594, 1000.000000000000000 ) ;
#4322 = EDGE_CURVE ( 'NONE', #3555, #1626, #1027, .T. ) ;
#4323 = VERTEX_POINT ( 'NONE', #4643 ) ;
#4324 = ORIENTED_EDGE ( 'NONE', *, *, #2564, .F. ) ;
#4325 = CARTESIAN_POINT ( 'NONE',  ( -3.424999999999999822, 9.900000000000000355, -1.584999999999999964 ) ) ;
#4326 = AXIS2_PLACEMENT_3D ( 'NONE', #2632, #2464, #2588 ) ;
#4327 = CARTESIAN_POINT ( 'NONE',  ( -1.820000000000000506, 1.350000000000000089, -1.585000000000000409 ) ) ;
#4328 = VECTOR ( 'NONE', #4302, 1000.000000000000114 ) ;
#4329 = VECTOR ( 'NONE', #1972, 1000.000000000000000 ) ;
#4330 = EDGE_CURVE ( 'NONE', #2968, #3374, #2529, .T. ) ;
#4331 = VECTOR ( 'NONE', #3971, 1000.000000000000114 ) ;
#4332 = ORIENTED_EDGE ( 'NONE', *, *, #1485, .T. ) ;
#4333 = LINE ( 'NONE', #2823, #1161 ) ;
#4334 = ADVANCED_FACE ( 'NONE', ( #951 ), #2259, .T. ) ;
#4335 = CARTESIAN_POINT ( 'NONE',  ( 4.824999999999999289, 9.900000000000000355, -0.5600000000000003864 ) ) ;
#4336 = CARTESIAN_POINT ( 'NONE',  ( -0.2300000000000001765, 3.300000000000000711, -0.9550000000000007372 ) ) ;
#4337 = DIRECTION ( 'NONE',  ( 0.000000000000000000, 0.000000000000000000, -1.000000000000000000 ) ) ;
#4338 = CARTESIAN_POINT ( 'NONE',  ( -2.770000000000000906, 9.900000000000000355, 1.584999999999999520 ) ) ;
#4339 = DIRECTION ( 'NONE',  ( 0.000000000000000000, 0.000000000000000000, -1.000000000000000000 ) ) ;
#4340 = LINE ( 'NONE', #539, #4321 ) ;
#4341 = EDGE_CURVE ( 'NONE', #3545, #3936, #1095, .T. ) ;
#4342 = DIRECTION ( 'NONE',  ( -4.494102269369967741E-16, 1.618212197739559129E-16, -1.000000000000000000 ) ) ;
#4343 = ORIENTED_EDGE ( 'NONE', *, *, #1798, .F. ) ;
#4344 = LINE ( 'NONE', #3848, #1193 ) ;
#4345 = LINE ( 'NONE', #3246, #1136 ) ;
#4346 = LINE ( 'NONE', #3188, #4311 ) ;
#4347 = CARTESIAN_POINT ( 'NONE',  ( -3.440000000000000391, 0.6699999999999998179, -0.5599999999999976108 ) ) ;
#4348 = CARTESIAN_POINT ( 'NONE',  ( -2.770000000000000906, 3.300000000000000711, 1.584999999999999520 ) ) ;
#4349 = ORIENTED_EDGE ( 'NONE', *, *, #2409, .F. ) ;
#4350 = DIRECTION ( 'NONE',  ( 0.000000000000000000, -0.7071067811865473507, 0.7071067811865477948 ) ) ;
#4351 = DIRECTION ( 'NONE',  ( 0.000000000000000000, 2.744815626545581052E-16, 1.000000000000000000 ) ) ;
#4352 = LINE ( 'NONE', #4517, #4475 ) ;
#4353 = VECTOR ( 'NONE', #3067, 1000.000000000000000 ) ;
#4354 = LINE ( 'NONE', #4776, #2754 ) ;
#4355 = EDGE_LOOP ( 'NONE', ( #4500, #626, #2605, #2482 ) ) ;
#4356 = VECTOR ( 'NONE', #3121, 1000.000000000000000 ) ;
#4357 = CARTESIAN_POINT ( 'NONE',  ( 0.000000000000000000, 0.000000000000000000, 0.000000000000000000 ) ) ;
#4358 = CARTESIAN_POINT ( 'NONE',  ( -1.619999999999999885, 7.500000000000001776, 0.1949999999999998679 ) ) ;
#4359 = DIRECTION ( 'NONE',  ( 1.000000000000000000, -0.000000000000000000, -0.000000000000000000 ) ) ;
#4360 = EDGE_LOOP ( 'NONE', ( #696, #4523, #2339, #4700 ) ) ;
#4361 = AXIS2_PLACEMENT_3D ( 'NONE', #1009, #1054, #1420 ) ;
#4362 = VECTOR ( 'NONE', #1524, 1000.000000000000000 ) ;
#4363 = DIRECTION ( 'NONE',  ( 0.000000000000000000, 2.744815626545581052E-16, 1.000000000000000000 ) ) ;
#4364 = CARTESIAN_POINT ( 'NONE',  ( -3.890000000000000124, 1.269999999999999796, -0.5599999999999979439 ) ) ;
#4365 = VECTOR ( 'NONE', #188, 1000.000000000000000 ) ;
#4366 = LINE ( 'NONE', #1339, #1252 ) ;
#4367 = ORIENTED_EDGE ( 'NONE', *, *, #3156, .T. ) ;
#4368 = ORIENTED_EDGE ( 'NONE', *, *, #4294, .F. ) ;
#4369 = EDGE_CURVE ( 'NONE', #878, #3341, #1015, .T. ) ;
#4370 = AXIS2_PLACEMENT_3D ( 'NONE', #2010, #4522, #2410 ) ;
#4371 =( NAMED_UNIT ( * ) PLANE_ANGLE_UNIT ( ) SI_UNIT ( $, .RADIAN. ) );
#4372 = FACE_OUTER_BOUND ( 'NONE', #4011, .T. ) ;
#4373 = PLANE ( 'NONE',  #3070 ) ;
#4374 = DIRECTION ( 'NONE',  ( -1.000000000000000000, 0.000000000000000000, 4.494102269369967741E-16 ) ) ;
#4375 = FACE_OUTER_BOUND ( 'NONE', #2532, .T. ) ;
#4376 = DIRECTION ( 'NONE',  ( 0.000000000000000000, -1.000000000000000000, 0.000000000000000000 ) ) ;
#4377 = ORIENTED_EDGE ( 'NONE', *, *, #4102, .T. ) ;
#4378 = LINE ( 'NONE', #99, #4450 ) ;
#4379 = LINE ( 'NONE', #2462, #4467 ) ;
#4380 = VECTOR ( 'NONE', #4498, 1000.000000000000000 ) ;
#4381 = EDGE_CURVE ( 'NONE', #1066, #150, #4153, .T. ) ;
#4382 = CARTESIAN_POINT ( 'NONE',  ( -1.180000000000000604, -2.579999999999992966, 0.6349999999999983435 ) ) ;
#4383 = ORIENTED_EDGE ( 'NONE', *, *, #4710, .F. ) ;
#4384 = PLANE ( 'NONE',  #4320 ) ;
#4385 = AXIS2_PLACEMENT_3D ( 'NONE', #2523, #641, #2173 ) ;
#4386 = VERTEX_POINT ( 'NONE', #2616 ) ;
#4387 = PLANE ( 'NONE',  #748 ) ;
#4388 = LINE ( 'NONE', #4460, #1238 ) ;
#4389 = EDGE_CURVE ( 'NONE', #2061, #2991, #2654, .T. ) ;
#4390 = VECTOR ( 'NONE', #2695, 1000.000000000000000 ) ;
#4391 = ORIENTED_EDGE ( 'NONE', *, *, #3100, .T. ) ;
#4392 = DIRECTION ( 'NONE',  ( 0.000000000000000000, 0.000000000000000000, 1.000000000000000000 ) ) ;
#4393 = DIRECTION ( 'NONE',  ( 1.000000000000000000, -0.000000000000000000, -0.000000000000000000 ) ) ;
#4394 = EDGE_CURVE ( 'NONE', #3272, #3671, #4274, .T. ) ;
#4395 = DIRECTION ( 'NONE',  ( 0.000000000000000000, -4.013177737926092743E-16, -1.000000000000000000 ) ) ;
#4396 = DIRECTION ( 'NONE',  ( -1.000000000000000000, 0.000000000000000000, -1.548860246407865308E-16 ) ) ;
#4397 = LINE ( 'NONE', #214, #2762 ) ;
#4398 = VECTOR ( 'NONE', #4612, 1000.000000000000000 ) ;
#4399 = EDGE_LOOP ( 'NONE', ( #3653, #3257, #4259, #3024 ) ) ;
#4400 = VECTOR ( 'NONE', #559, 1000.000000000000000 ) ;
#4401 = EDGE_CURVE ( 'NONE', #1469, #4537, #4240, .T. ) ;
#4402 = DIRECTION ( 'NONE',  ( -1.000000000000000000, -0.000000000000000000, -0.000000000000000000 ) ) ;
#4403 = DIRECTION ( 'NONE',  ( 0.6635381078444694269, -0.6635381078444720915, -0.3455927645023244565 ) ) ;
#4404 = CARTESIAN_POINT ( 'NONE',  ( 1.819999999999999618, 0.6699999999999997069, -0.9550000000000005151 ) ) ;
#4405 = LINE ( 'NONE', #3427, #2915 ) ;
#4406 = ORIENTED_EDGE ( 'NONE', *, *, #1919, .T. ) ;
#4407 = LINE ( 'NONE', #1912, #4362 ) ;
#4408 = EDGE_CURVE ( 'NONE', #1506, #1522, #2699, .T. ) ;
#4409 = LINE ( 'NONE', #4694, #2867 ) ;
#4410 = DIRECTION ( 'NONE',  ( 0.000000000000000000, 0.000000000000000000, -1.000000000000000000 ) ) ;
#4411 = DIRECTION ( 'NONE',  ( 0.000000000000000000, 0.000000000000000000, 1.000000000000000000 ) ) ;
#4412 = ORIENTED_EDGE ( 'NONE', *, *, #2851, .T. ) ;
#4413 = DIRECTION ( 'NONE',  ( 0.000000000000000000, -1.000000000000000000, -1.807003620809173892E-16 ) ) ;
#4414 = DIRECTION ( 'NONE',  ( 0.000000000000000000, 0.000000000000000000, 1.000000000000000000 ) ) ;
#4415 = LINE ( 'NONE', #4672, #2835 ) ;
#4416 = VECTOR ( 'NONE', #267, 1000.000000000000000 ) ;
#4417 = EDGE_CURVE ( 'NONE', #1506, #584, #2641, .T. ) ;
#4418 = FACE_OUTER_BOUND ( 'NONE', #3878, .T. ) ;
#4419 = AXIS2_PLACEMENT_3D ( 'NONE', #1816, #1866, #4463 ) ;
#4420 = ORIENTED_EDGE ( 'NONE', *, *, #3263, .F. ) ;
#4421 = VECTOR ( 'NONE', #2686, 1000.000000000000000 ) ;
#4422 = CARTESIAN_POINT ( 'NONE',  ( -1.180000000000000604, 3.300000000000000711, 0.6349999999999992317 ) ) ;
#4423 = LINE ( 'NONE', #2884, #4328 ) ;
#4424 = CARTESIAN_POINT ( 'NONE',  ( 1.238181818181816940, -2.754545454545445970, 0.5768181818181811193 ) ) ;
#4425 = CARTESIAN_POINT ( 'NONE',  ( -4.824999999999998401, 1.850000000000000089, 2.785000000000001030 ) ) ;
#4426 = LINE ( 'NONE', #162, #2768 ) ;
#4427 = FACE_OUTER_BOUND ( 'NONE', #4514, .T. ) ;
#4428 = ORIENTED_EDGE ( 'NONE', *, *, #4258, .T. ) ;
#4429 = AXIS2_PLACEMENT_3D ( 'NONE', #1168, #328, #1509 ) ;
#4430 = LINE ( 'NONE', #362, #1148 ) ;
#4431 = CARTESIAN_POINT ( 'NONE',  ( 1.819999999999999618, 1.349999999999999645, 0.6349999999999990097 ) ) ;
#4432 = DIRECTION ( 'NONE',  ( 0.000000000000000000, -4.013177737926092743E-16, -1.000000000000000000 ) ) ;
#4433 = CARTESIAN_POINT ( 'NONE',  ( 1.179999999999999716, 1.269999999999999796, -0.5600000000000001643 ) ) ;
#4434 = ORIENTED_EDGE ( 'NONE', *, *, #3082, .F. ) ;
#4435 = ORIENTED_EDGE ( 'NONE', *, *, #1794, .T. ) ;
#4436 = FACE_OUTER_BOUND ( 'NONE', #3843, .T. ) ;
#4437 = COLOUR_RGB ( '',0.2509803921568627416, 0.2509803921568627416, 0.2509803921568627416 ) ;
#4438 = LINE ( 'NONE', #2294, #2889 ) ;
#4439 = DIRECTION ( 'NONE',  ( -0.000000000000000000, -0.000000000000000000, 1.000000000000000000 ) ) ;
#4440 = CARTESIAN_POINT ( 'NONE',  ( 1.179999999999999716, 1.349999999999999867, -0.005000000000001014917 ) ) ;
#4441 = ORIENTED_EDGE ( 'NONE', *, *, #4114, .T. ) ;
#4442 = CARTESIAN_POINT ( 'NONE',  ( -3.889999999999998348, 0.000000000000000000, 2.784999999999999698 ) ) ;
#4443 = ADVANCED_FACE ( 'NONE', ( #981 ), #676, .T. ) ;
#4444 = VECTOR ( 'NONE', #1139, 1000.000000000000000 ) ;
#4445 = VECTOR ( 'NONE', #4623, 1000.000000000000000 ) ;
#4446 = VECTOR ( 'NONE', #4158, 1000.000000000000000 ) ;
#4447 = EDGE_CURVE ( 'NONE', #976, #3671, #2663, .T. ) ;
#4448 = VERTEX_POINT ( 'NONE', #1130 ) ;
#4449 = CARTESIAN_POINT ( 'NONE',  ( 1.380000000000000115, 7.500000000000001776, 0.1949999999999998679 ) ) ;
#4450 = VECTOR ( 'NONE', #4263, 1000.000000000000000 ) ;
#4451 = CARTESIAN_POINT ( 'NONE',  ( 1.300000000000000044, 7.400000000000000355, -2.085000000000000853 ) ) ;
#4452 = CARTESIAN_POINT ( 'NONE',  ( 0.000000000000000000, -1.449999999999999956, 0.000000000000000000 ) ) ;
#4453 = LINE ( 'NONE', #2789, #4445 ) ;
#4454 = FACE_OUTER_BOUND ( 'NONE', #2164, .T. ) ;
#4455 = EDGE_CURVE ( 'NONE', #4201, #4682, #1049, .T. ) ;
#4456 = ORIENTED_EDGE ( 'NONE', *, *, #842, .T. ) ;
#4457 = VECTOR ( 'NONE', #4337, 1000.000000000000000 ) ;
#4458 = CARTESIAN_POINT ( 'NONE',  ( 1.380000000000000115, 7.500000000000001776, 0.4349999999999987765 ) ) ;
#4459 = FACE_OUTER_BOUND ( 'NONE', #1725, .T. ) ;
#4460 = CARTESIAN_POINT ( 'NONE',  ( 3.889999999999999236, 1.269999999999999796, -0.5600000000000013856 ) ) ;
#4461 = CARTESIAN_POINT ( 'NONE',  ( -1.300000000000000044, 7.400000000000000355, -2.785000000000001030 ) ) ;
#4462 = VECTOR ( 'NONE', #2925, 1000.000000000000000 ) ;
#4463 = DIRECTION ( 'NONE',  ( 1.000000000000000000, 0.000000000000000000, -4.494102269369967741E-16 ) ) ;
#4464 = ORIENTED_EDGE ( 'NONE', *, *, #3035, .F. ) ;
#4465 = FACE_OUTER_BOUND ( 'NONE', #595, .T. ) ;
#4466 = ORIENTED_EDGE ( 'NONE', *, *, #785, .F. ) ;
#4467 = VECTOR ( 'NONE', #2095, 1000.000000000000000 ) ;
#4468 = VECTOR ( 'NONE', #753, 1000.000000000000000 ) ;
#4469 = PLANE ( 'NONE',  #3873 ) ;
#4470 = DIRECTION ( 'NONE',  ( 0.000000000000000000, -1.000000000000000000, 0.000000000000000000 ) ) ;
#4471 = VERTEX_POINT ( 'NONE', #2927 ) ;
#4472 = CARTESIAN_POINT ( 'NONE',  ( -1.238181818181817828, -2.754545454545445970, 0.05318181818181546422 ) ) ;
#4473 = CARTESIAN_POINT ( 'NONE',  ( -1.820000000000000506, 3.300000000000000711, 0.6349999999999992317 ) ) ;
#4474 = EDGE_CURVE ( 'NONE', #3864, #527, #2584, .T. ) ;
#4475 = VECTOR ( 'NONE', #10, 1000.000000000000000 ) ;
#4476 = ORIENTED_EDGE ( 'NONE', *, *, #4604, .F. ) ;
#4477 = LINE ( 'NONE', #3412, #2764 ) ;
#4478 = LINE ( 'NONE', #2745, #2896 ) ;
#4479 = ORIENTED_EDGE ( 'NONE', *, *, #3107, .F. ) ;
#4480 = ADVANCED_FACE ( 'NONE', ( #2671 ), #578, .F. ) ;
#4481 = LINE ( 'NONE', #3590, #1127 ) ;
#4482 = EDGE_CURVE ( 'NONE', #4235, #512, #4118, .T. ) ;
#4483 = ORIENTED_EDGE ( 'NONE', *, *, #2990, .F. ) ;
#4484 = DIRECTION ( 'NONE',  ( -2.247051134684983870E-16, 0.000000000000000000, -1.000000000000000000 ) ) ;
#4485 = CARTESIAN_POINT ( 'NONE',  ( -4.825000000000000178, 0.6699999999999998179, 1.190000000000002611 ) ) ;
#4486 = CARTESIAN_POINT ( 'NONE',  ( 1.819999999999999618, -2.579999999999992966, 0.6349999999999983435 ) ) ;
#4487 = VERTEX_POINT ( 'NONE', #2118 ) ;
#4488 = DIRECTION ( 'NONE',  ( 2.247051134684983870E-16, 0.000000000000000000, -1.000000000000000000 ) ) ;
#4489 = CARTESIAN_POINT ( 'NONE',  ( -4.825000000000001066, 1.269999999999999796, -0.5599999999999974998 ) ) ;
#4490 = DIRECTION ( 'NONE',  ( 0.000000000000000000, 0.000000000000000000, -1.000000000000000000 ) ) ;
#4491 = VECTOR ( 'NONE', #3057, 1000.000000000000000 ) ;
#4492 = DIRECTION ( 'NONE',  ( 0.000000000000000000, 1.000000000000000000, 0.000000000000000000 ) ) ;
#4493 = DIRECTION ( 'NONE',  ( -0.000000000000000000, 1.000000000000000000, -0.000000000000000000 ) ) ;
#4494 = ORIENTED_EDGE ( 'NONE', *, *, #3468, .F. ) ;
#4495 = EDGE_CURVE ( 'NONE', #3597, #521, #4291, .T. ) ;
#4496 = VECTOR ( 'NONE', #2854, 1000.000000000000000 ) ;
#4497 = LINE ( 'NONE', #2017, #4520 ) ;
#4498 = DIRECTION ( 'NONE',  ( -8.120859073038257045E-32, 1.000000000000000000, -3.614007241618348278E-16 ) ) ;
#4499 = CARTESIAN_POINT ( 'NONE',  ( 1.179999999999999716, -1.195926965901975319E-15, -0.9550000000000000711 ) ) ;
#4500 = ORIENTED_EDGE ( 'NONE', *, *, #2054, .F. ) ;
#4501 = DIRECTION ( 'NONE',  ( 4.494102269369967741E-16, 3.236424395479118258E-16, 1.000000000000000000 ) ) ;
#4502 = CARTESIAN_POINT ( 'NONE',  ( -1.820000000000000506, 1.269999999999999796, 1.190000000000001723 ) ) ;
#4503 = EDGE_CURVE ( 'NONE', #2991, #118, #4310, .T. ) ;
#4504 = VECTOR ( 'NONE', #3126, 1000.000000000000000 ) ;
#4505 = VECTOR ( 'NONE', #4410, 1000.000000000000000 ) ;
#4506 = ORIENTED_EDGE ( 'NONE', *, *, #170, .T. ) ;
#4507 = VECTOR ( 'NONE', #1707, 1000.000000000000000 ) ;
#4508 = CARTESIAN_POINT ( 'NONE',  ( 1.637727272727271588, 7.446818181818184001, 0.1772727272727274150 ) ) ;
#4509 = DIRECTION ( 'NONE',  ( 0.000000000000000000, -1.000000000000000000, -1.801998070613027504E-16 ) ) ;
#4510 = EDGE_CURVE ( 'NONE', #150, #3755, #1087, .T. ) ;
#4511 = FACE_OUTER_BOUND ( 'NONE', #717, .T. ) ;
#4512 = CARTESIAN_POINT ( 'NONE',  ( -1.180000000000000604, 1.269999999999999796, -0.5599999999999990541 ) ) ;
#4513 = LINE ( 'NONE', #515, #4491 ) ;
#4514 = EDGE_LOOP ( 'NONE', ( #4614, #680, #3852, #2853 ) ) ;
#4515 = ADVANCED_FACE ( 'NONE', ( #1059 ), #2201, .F. ) ;
#4516 = CARTESIAN_POINT ( 'NONE',  ( -4.825000000000000178, 0.6699999999999997069, 1.585000000000002629 ) ) ;
#4517 = CARTESIAN_POINT ( 'NONE',  ( -3.425000000000001155, 8.499999999999994671, 1.044999999999999041 ) ) ;
#4518 = EDGE_CURVE ( 'NONE', #1275, #3303, #4186, .T. ) ;
#4519 = DIRECTION ( 'NONE',  ( 2.353307041053807940E-16, -1.000000000000000000, 0.000000000000000000 ) ) ;
#4520 = VECTOR ( 'NONE', #431, 1000.000000000000000 ) ;
#4521 = CARTESIAN_POINT ( 'NONE',  ( 1.179999999999999716, 0.000000000000000000, 2.024999999999999023 ) ) ;
#4522 = DIRECTION ( 'NONE',  ( 0.000000000000000000, 1.000000000000000000, 0.000000000000000000 ) ) ;
#4523 = ORIENTED_EDGE ( 'NONE', *, *, #1290, .F. ) ;
#4524 = ORIENTED_EDGE ( 'NONE', *, *, #2390, .F. ) ;
#4525 = ORIENTED_EDGE ( 'NONE', *, *, #2655, .F. ) ;
#4526 = LINE ( 'NONE', #4422, #1325 ) ;
#4527 = EDGE_CURVE ( 'NONE', #2583, #1525, #893, .T. ) ;
#4528 = DIRECTION ( 'NONE',  ( 1.000000000000000000, 0.000000000000000000, -4.494102269369967741E-16 ) ) ;
#4529 = DIRECTION ( 'NONE',  ( 0.000000000000000000, -1.000000000000000000, 0.000000000000000000 ) ) ;
#4530 = ORIENTED_EDGE ( 'NONE', *, *, #1346, .F. ) ;
#4531 = MECHANICAL_DESIGN_GEOMETRIC_PRESENTATION_REPRESENTATION (  '', ( #295 ), #2335 ) ;
#4532 = CARTESIAN_POINT ( 'NONE',  ( -1.820000000000000506, 1.269999999999999796, -0.5599999999999987210 ) ) ;
#4533 = DIRECTION ( 'NONE',  ( 0.000000000000000000, -1.000000000000000000, -1.618212197739559129E-16 ) ) ;
#4534 = LINE ( 'NONE', #4335, #3000 ) ;
#4535 = LINE ( 'NONE', #547, #2816 ) ;
#4536 = EDGE_CURVE ( 'NONE', #1563, #743, #4260, .T. ) ;
#4537 = VERTEX_POINT ( 'NONE', #1497 ) ;
#4538 = ORIENTED_EDGE ( 'NONE', *, *, #3645, .T. ) ;
#4539 = SHAPE_DEFINITION_REPRESENTATION ( #2379, #3868 ) ;
#4540 = DIRECTION ( 'NONE',  ( 1.000000000000000000, -0.000000000000000000, -4.494102269369967741E-16 ) ) ;
#4541 = CARTESIAN_POINT ( 'NONE',  ( 0.000000000000000000, 9.900000000000000355, 0.000000000000000000 ) ) ;
#4542 = VECTOR ( 'NONE', #2718, 1000.000000000000000 ) ;
#4543 = MANIFOLD_SOLID_BREP ( 'LPattern4', #4213 ) ;
#4544 = ORIENTED_EDGE ( 'NONE', *, *, #4394, .F. ) ;
#4545 = EDGE_CURVE ( 'NONE', #1522, #2098, #4378, .T. ) ;
#4546 = AXIS2_PLACEMENT_3D ( 'NONE', #1177, #4079, #4746 ) ;
#4547 = LINE ( 'NONE', #3229, #2892 ) ;
#4548 = DIRECTION ( 'NONE',  ( 0.000000000000000000, -1.000000000000000000, -1.807003620809173892E-16 ) ) ;
#4549 = DIRECTION ( 'NONE',  ( 0.6092076990801723602, -0.5076730825668077651, -0.6092076990801719161 ) ) ;
#4550 = VECTOR ( 'NONE', #2958, 1000.000000000000000 ) ;
#4551 = DIRECTION ( 'NONE',  ( -1.000000000000000000, 0.000000000000000000, 1.280553747030123075E-16 ) ) ;
#4552 = ORIENTED_EDGE ( 'NONE', *, *, #459, .T. ) ;
#4553 = ADVANCED_FACE ( 'NONE', ( #1272 ), #4132, .F. ) ;
#4554 = ADVANCED_FACE ( 'NONE', ( #2843 ), #4567, .F. ) ;
#4555 = LINE ( 'NONE', #2985, #1351 ) ;
#4556 = DIRECTION ( 'NONE',  ( 0.000000000000000000, -0.000000000000000000, 1.000000000000000000 ) ) ;
#4557 = EDGE_CURVE ( 'NONE', #2066, #281, #1142, .T. ) ;
#4558 = CARTESIAN_POINT ( 'NONE',  ( -3.425000000000000711, 9.900000000000000355, 2.274999999999999467 ) ) ;
#4559 = ORIENTED_EDGE ( 'NONE', *, *, #1697, .T. ) ;
#4560 = CARTESIAN_POINT ( 'NONE',  ( 4.824999999999999289, 0.6699999999999998179, -0.5600000000000019407 ) ) ;
#4561 = CARTESIAN_POINT ( 'NONE',  ( 3.889999999999999236, 0.6699999999999997069, -0.9550000000000014033 ) ) ;
#4562 = DIRECTION ( 'NONE',  ( -1.000000000000000000, 0.000000000000000000, 0.000000000000000000 ) ) ;
#4563 = LINE ( 'NONE', #4424, #1366 ) ;
#4564 = EDGE_LOOP ( 'NONE', ( #1297, #980, #4097, #2435 ) ) ;
#4565 = EDGE_CURVE ( 'NONE', #3864, #3303, #4407, .T. ) ;
#4566 = CARTESIAN_POINT ( 'NONE',  ( -1.820000000000000506, 1.349999999999999423, 2.024999999999999023 ) ) ;
#4567 = PLANE ( 'NONE',  #2213 ) ;
#4568 = VECTOR ( 'NONE', #2903, 1000.000000000000000 ) ;
#4569 = ORIENTED_EDGE ( 'NONE', *, *, #1754, .F. ) ;
#4570 = EDGE_CURVE ( 'NONE', #1953, #3664, #1210, .T. ) ;
#4571 = ORIENTED_EDGE ( 'NONE', *, *, #4408, .F. ) ;
#4572 = MECHANICAL_DESIGN_GEOMETRIC_PRESENTATION_REPRESENTATION (  '', ( #4144 ), #2143 ) ;
#4573 = DIRECTION ( 'NONE',  ( 0.3015113445777610202, 0.9045340337332925529, 0.3015113445777610202 ) ) ;
#4574 = CARTESIAN_POINT ( 'NONE',  ( 0.4999999999999978351, 1.849999999999999201, 2.274999999999999467 ) ) ;
#4575 = LINE ( 'NONE', #1021, #3087 ) ;
#4576 =( LENGTH_UNIT ( ) NAMED_UNIT ( * ) SI_UNIT ( .MILLI., .METRE. ) );
#4577 = CARTESIAN_POINT ( 'NONE',  ( 1.179999999999999716, 1.269999999999999796, -0.5600000000000001643 ) ) ;
#4578 = ORIENTED_EDGE ( 'NONE', *, *, #2245, .T. ) ;
#4579 = VECTOR ( 'NONE', #2788, 1000.000000000000000 ) ;
#4580 = FACE_OUTER_BOUND ( 'NONE', #658, .T. ) ;
#4581 = CARTESIAN_POINT ( 'NONE',  ( -4.824999999999999289, 9.900000000000000355, -1.584999999999999964 ) ) ;
#4582 = EDGE_LOOP ( 'NONE', ( #1517, #49, #3348, #4798 ) ) ;
#4583 = DIRECTION ( 'NONE',  ( -0.000000000000000000, -0.000000000000000000, 1.000000000000000000 ) ) ;
#4584 = DIRECTION ( 'NONE',  ( -0.000000000000000000, 1.000000000000000000, -0.000000000000000000 ) ) ;
#4585 = ADVANCED_FACE ( 'NONE', ( #1278 ), #1224, .F. ) ;
#4586 = CARTESIAN_POINT ( 'NONE',  ( -4.825000000000000178, 1.269999999999999796, 1.190000000000002389 ) ) ;
#4587 = ORIENTED_EDGE ( 'NONE', *, *, #4692, .F. ) ;
#4588 = PRODUCT ( '436500215', '436500215', '', ( #3140 ) ) ;
#4589 = VECTOR ( 'NONE', #233, 1000.000000000000000 ) ;
#4590 = EDGE_CURVE ( 'NONE', #281, #3398, #1114, .T. ) ;
#4591 = VERTEX_POINT ( 'NONE', #1076 ) ;
#4592 = AXIS2_PLACEMENT_3D ( 'NONE', #2848, #4667, #2417 ) ;
#4593 = DIRECTION ( 'NONE',  ( -0.3015113445777614087, -0.9045340337332923308, 0.3015113445777614087 ) ) ;
#4594 = CARTESIAN_POINT ( 'NONE',  ( -4.524999999999995914, -1.449999999999999956, 2.185000000000002718 ) ) ;
#4595 = DIRECTION ( 'NONE',  ( 1.233548213626064722E-31, 1.000000000000000000, 2.744815626545581052E-16 ) ) ;
#4596 = DIRECTION ( 'NONE',  ( 0.000000000000000000, -0.3162277660168354432, 0.9486832980505146562 ) ) ;
#4597 = DIRECTION ( 'NONE',  ( -0.000000000000000000, -0.000000000000000000, 1.000000000000000000 ) ) ;
#4598 = VECTOR ( 'NONE', #4261, 1000.000000000000000 ) ;
#4599 = CARTESIAN_POINT ( 'NONE',  ( -1.619999999999999885, 7.500000000000001776, 0.000000000000000000 ) ) ;
#4600 = EDGE_CURVE ( 'NONE', #3778, #3757, #4481, .T. ) ;
#4601 = FACE_OUTER_BOUND ( 'NONE', #2150, .T. ) ;
#4602 = ORIENTED_EDGE ( 'NONE', *, *, #1369, .T. ) ;
#4603 = UNCERTAINTY_MEASURE_WITH_UNIT (LENGTH_MEASURE( 1.000000000000000082E-05 ), #3613, 'distance_accuracy_value', 'NONE');
#4604 = EDGE_CURVE ( 'NONE', #3555, #4044, #2792, .T. ) ;
#4605 = CARTESIAN_POINT ( 'NONE',  ( -3.890000000000000124, 0.6699999999999997069, -0.9549999999999979616 ) ) ;
#4606 = VECTOR ( 'NONE', #4540, 1000.000000000000000 ) ;
#4607 = CARTESIAN_POINT ( 'NONE',  ( 1.179999999999999716, 6.899999999999995026, -0.005000000000000663636 ) ) ;
#4608 = DIRECTION ( 'NONE',  ( 1.000000000000000000, -0.000000000000000000, -4.494102269369967741E-16 ) ) ;
#4609 = ORIENTED_EDGE ( 'NONE', *, *, #1979, .F. ) ;
#4610 = EDGE_CURVE ( 'NONE', #1469, #4810, #4397, .T. ) ;
#4611 = FACE_OUTER_BOUND ( 'NONE', #813, .T. ) ;
#4612 = DIRECTION ( 'NONE',  ( -1.000000000000000000, -0.000000000000000000, -0.000000000000000000 ) ) ;
#4613 = DIRECTION ( 'NONE',  ( 0.000000000000000000, -0.000000000000000000, -1.000000000000000000 ) ) ;
#4614 = ORIENTED_EDGE ( 'NONE', *, *, #2777, .F. ) ;
#4615 = CARTESIAN_POINT ( 'NONE',  ( -3.890000000000000124, 0.6699999999999997069, 1.585000000000002629 ) ) ;
#4616 = DIRECTION ( 'NONE',  ( -0.9486832980505146562, -0.3162277660168354432, -0.000000000000000000 ) ) ;
#4617 = ORIENTED_EDGE ( 'NONE', *, *, #571, .F. ) ;
#4618 = EDGE_CURVE ( 'NONE', #1593, #3761, #2863, .T. ) ;
#4619 = LINE ( 'NONE', #4728, #4812 ) ;
#4620 = ORIENTED_EDGE ( 'NONE', *, *, #113, .F. ) ;
#4621 = ADVANCED_FACE ( 'NONE', ( #2815 ), #2027, .T. ) ;
#4622 = CARTESIAN_POINT ( 'NONE',  ( -1.180000000000000604, 0.6699999999999997069, 1.585000000000001963 ) ) ;
#4623 = DIRECTION ( 'NONE',  ( -0.000000000000000000, 1.000000000000000000, -0.000000000000000000 ) ) ;
#4624 = DIRECTION ( 'NONE',  ( 0.7071067811865461294, 0.7071067811865489050, 0.000000000000000000 ) ) ;
#4625 = CARTESIAN_POINT ( 'NONE',  ( -4.825000000000000178, 0.6699999999999998179, 1.190000000000002611 ) ) ;
#4626 = CARTESIAN_POINT ( 'NONE',  ( -1.180000000000000604, 0.6699999999999997069, -0.9549999999999991829 ) ) ;
#4627 = ADVANCED_FACE ( 'NONE', ( #1156 ), #2497, .F. ) ;
#4628 = VECTOR ( 'NONE', #4786, 1000.000000000000000 ) ;
#4629 = EDGE_CURVE ( 'NONE', #3389, #2603, #2740, .T. ) ;
#4630 = AXIS2_PLACEMENT_3D ( 'NONE', #1442, #340, #703 ) ;
#4631 = COLOUR_RGB ( '',0.7921568627450980005, 0.8196078431372548767, 0.9333333333333333481 ) ;
#4632 = ORIENTED_EDGE ( 'NONE', *, *, #1745, .F. ) ;
#4633 = ORIENTED_EDGE ( 'NONE', *, *, #270, .F. ) ;
#4634 = LINE ( 'NONE', #2495, #3054 ) ;
#4635 = FILL_AREA_STYLE_COLOUR ( '', #4134 ) ;
#4636 = CARTESIAN_POINT ( 'NONE',  ( 4.824999999999999289, 0.000000000000000000, -1.584999999999999964 ) ) ;
#4637 = CIRCLE ( 'NONE', #1294, 0.5000000000000004441 ) ;
#4638 = CARTESIAN_POINT ( 'NONE',  ( 3.890000000000000124, 0.000000000000000000, -1.584999999999999964 ) ) ;
#4639 = DIRECTION ( 'NONE',  ( -1.000000000000000000, 1.344746880602175966E-16, 0.000000000000000000 ) ) ;
#4640 = LINE ( 'NONE', #3383, #3094 ) ;
#4641 = FACE_OUTER_BOUND ( 'NONE', #562, .T. ) ;
#4642 = CARTESIAN_POINT ( 'NONE',  ( 3.425000000000000266, 9.900000000000000355, -7.696150136296069880E-16 ) ) ;
#4643 = CARTESIAN_POINT ( 'NONE',  ( -3.440000000000000391, 1.269999999999999796, 1.190000000000002389 ) ) ;
#4644 = CARTESIAN_POINT ( 'NONE',  ( -4.825000000000000178, 1.269999999999999796, 1.190000000000002389 ) ) ;
#4645 = FACE_OUTER_BOUND ( 'NONE', #2460, .T. ) ;
#4646 = VECTOR ( 'NONE', #1342, 1000.000000000000000 ) ;
#4647 = EDGE_CURVE ( 'NONE', #367, #3597, #1176, .T. ) ;
#4648 = CARTESIAN_POINT ( 'NONE',  ( 1.300000000000000044, 9.350000000000001421, -1.585000000000000187 ) ) ;
#4649 = CARTESIAN_POINT ( 'NONE',  ( 3.889999999999999236, 1.269999999999999796, -0.5600000000000013856 ) ) ;
#4650 = DIRECTION ( 'NONE',  ( 1.000000000000000000, -0.000000000000000000, 1.984809469081015648E-16 ) ) ;
#4651 = CARTESIAN_POINT ( 'NONE',  ( -0.5000000000000000000, 8.300000000000000711, 2.774999999999999467 ) ) ;
#4652 = EDGE_CURVE ( 'NONE', #2725, #3374, #4333, .T. ) ;
#4653 = CARTESIAN_POINT ( 'NONE',  ( -1.499999999999999556, 1.849999999999999201, 2.274999999999999467 ) ) ;
#4654 = LINE ( 'NONE', #581, #4550 ) ;
#4655 = EDGE_CURVE ( 'NONE', #1871, #129, #2783, .T. ) ;
#4656 = ADVANCED_FACE ( 'NONE', ( #1264 ), #4768, .F. ) ;
#4657 = LINE ( 'NONE', #2537, #3113 ) ;
#4658 = DIRECTION ( 'NONE',  ( 0.000000000000000000, -2.744815626545581052E-16, -1.000000000000000000 ) ) ;
#4659 = FACE_OUTER_BOUND ( 'NONE', #416, .T. ) ;
#4660 = CARTESIAN_POINT ( 'NONE',  ( -4.825000000000001066, 0.6699999999999998179, -0.5599999999999976108 ) ) ;
#4661 = FILL_AREA_STYLE_COLOUR ( '', #2238 ) ;
#4662 = CARTESIAN_POINT ( 'NONE',  ( 1.619999999999998996, 7.500000000000001776, 0.000000000000000000 ) ) ;
#4663 = EDGE_CURVE ( 'NONE', #1532, #1591, #2879, .T. ) ;
#4664 = VECTOR ( 'NONE', #327, 1000.000000000000000 ) ;
#4665 = LINE ( 'NONE', #206, #4646 ) ;
#4666 =( NAMED_UNIT ( * ) PLANE_ANGLE_UNIT ( ) SI_UNIT ( $, .RADIAN. ) );
#4667 = DIRECTION ( 'NONE',  ( -4.494102269369967741E-16, 1.807003620809173892E-16, -1.000000000000000000 ) ) ;
#4668 = CARTESIAN_POINT ( 'NONE',  ( -1.820000000000000506, 0.6699999999999997069, 1.585000000000001963 ) ) ;
#4669 = EDGE_CURVE ( 'NONE', #3572, #2171, #4344, .T. ) ;
#4670 = VECTOR ( 'NONE', #4593, 1000.000000000000114 ) ;
#4671 = CARTESIAN_POINT ( 'NONE',  ( 3.425000000000000711, 9.900000000000000355, 2.274999999999999467 ) ) ;
#4672 = CARTESIAN_POINT ( 'NONE',  ( 3.440000000000000391, 0.000000000000000000, 2.024999999999999023 ) ) ;
#4673 = EDGE_CURVE ( 'NONE', #3409, #505, #4423, .T. ) ;
#4674 = CARTESIAN_POINT ( 'NONE',  ( 0.2299999999999993161, 3.300000000000000711, 0.9350000000000032729 ) ) ;
#4675 = DIRECTION ( 'NONE',  ( 4.336808689942017736E-16, 0.000000000000000000, 1.000000000000000000 ) ) ;
#4676 = ORIENTED_EDGE ( 'NONE', *, *, #1485, .F. ) ;
#4677 = LINE ( 'NONE', #1699, #1470 ) ;
#4678 = AXIS2_PLACEMENT_3D ( 'NONE', #3973, #1124, #4414 ) ;
#4679 = FACE_OUTER_BOUND ( 'NONE', #2132, .T. ) ;
#4680 = VERTEX_POINT ( 'NONE', #3178 ) ;
#4681 = ORIENTED_EDGE ( 'NONE', *, *, #3156, .F. ) ;
#4682 = VERTEX_POINT ( 'NONE', #240 ) ;
#4683 = LINE ( 'NONE', #4734, #4782 ) ;
#4684 = CARTESIAN_POINT ( 'NONE',  ( 3.440000000000001279, 1.269999999999999796, 1.190000000000002389 ) ) ;
#4685 = DIRECTION ( 'NONE',  ( -0.000000000000000000, -1.000000000000000000, -0.000000000000000000 ) ) ;
#4686 = LINE ( 'NONE', #1781, #4628 ) ;
#4687 = AXIS2_PLACEMENT_3D ( 'NONE', #4489, #4146, #1199 ) ;
#4688 = ADVANCED_FACE ( 'NONE', ( #4436 ), #4373, .F. ) ;
#4689 = ORIENTED_EDGE ( 'NONE', *, *, #1589, .F. ) ;
#4690 = EDGE_LOOP ( 'NONE', ( #1703, #1085, #1185, #69 ) ) ;
#4691 = VECTOR ( 'NONE', #3095, 1000.000000000000114 ) ;
#4692 = EDGE_CURVE ( 'NONE', #2613, #3609, #1230, .T. ) ;
#4693 = VECTOR ( 'NONE', #2084, 1000.000000000000000 ) ;
#4694 = CARTESIAN_POINT ( 'NONE',  ( -1.180000000000000604, -2.579999999999992966, 0.6349999999999983435 ) ) ;
#4695 = AXIS2_PLACEMENT_3D ( 'NONE', #2600, #739, #3001 ) ;
#4696 = DIRECTION ( 'NONE',  ( 1.000000000000000000, 0.000000000000000000, 0.000000000000000000 ) ) ;
#4697 = CARTESIAN_POINT ( 'NONE',  ( 1.419545454545454000, 7.618636363636364095, 0.3954545454545448924 ) ) ;
#4698 = DIRECTION ( 'NONE',  ( 0.000000000000000000, 1.000000000000000000, 0.000000000000000000 ) ) ;
#4699 = CARTESIAN_POINT ( 'NONE',  ( -3.889999999999998348, 1.849999999999999201, 2.024999999999999023 ) ) ;
#4700 = ORIENTED_EDGE ( 'NONE', *, *, #759, .T. ) ;
#4701 = EDGE_CURVE ( 'NONE', #3261, #129, #4415, .T. ) ;
#4702 = EDGE_LOOP ( 'NONE', ( #74, #3291, #2969, #1544, #92, #4466, #1750, #1624, #1720, #3471, #1058, #4773 ) ) ;
#4703 = VECTOR ( 'NONE', #2443, 1000.000000000000114 ) ;
#4704 = LINE ( 'NONE', #1832, #4693 ) ;
#4705 = CARTESIAN_POINT ( 'NONE',  ( 1.819999999999999618, 1.269999999999999796, -0.5600000000000004974 ) ) ;
#4706 = ORIENTED_EDGE ( 'NONE', *, *, #711, .F. ) ;
#4707 = PLANE ( 'NONE',  #2107 ) ;
#4708 = CARTESIAN_POINT ( 'NONE',  ( -4.824999999999999289, 9.900000000000000355, -1.584999999999999964 ) ) ;
#4709 = DIRECTION ( 'NONE',  ( 0.000000000000000000, 1.000000000000000000, -3.212450881438527803E-16 ) ) ;
#4710 = EDGE_CURVE ( 'NONE', #1539, #3984, #2872, .T. ) ;
#4711 = ORIENTED_EDGE ( 'NONE', *, *, #4474, .T. ) ;
#4712 = VECTOR ( 'NONE', #2155, 1000.000000000000000 ) ;
#4713 = DIRECTION ( 'NONE',  ( 0.000000000000000000, 1.000000000000000000, -3.236424395479118258E-16 ) ) ;
#4714 = ORIENTED_EDGE ( 'NONE', *, *, #1083, .T. ) ;
#4715 = CARTESIAN_POINT ( 'NONE',  ( -1.180000000000000604, -1.448757163391319161E-15, -1.584999999999999964 ) ) ;
#4716 = EDGE_CURVE ( 'NONE', #4386, #4810, #1184, .T. ) ;
#4717 = CARTESIAN_POINT ( 'NONE',  ( -1.380000000000000782, -3.180000000000000160, 0.000000000000000000 ) ) ;
#4718 = CARTESIAN_POINT ( 'NONE',  ( -1.619999999999999885, 7.500000000000001776, 0.000000000000000000 ) ) ;
#4719 = CARTESIAN_POINT ( 'NONE',  ( -4.825000000000001066, 0.000000000000000000, 1.884999999999999787 ) ) ;
#4720 = ADVANCED_FACE ( 'NONE', ( #4465 ), #1758, .F. ) ;
#4721 = EDGE_LOOP ( 'NONE', ( #1075, #2284, #2316, #3963 ) ) ;
#4722 = LINE ( 'NONE', #900, #62 ) ;
#4723 = EDGE_CURVE ( 'NONE', #71, #3716, #1134, .T. ) ;
#4724 = CARTESIAN_POINT ( 'NONE',  ( 1.819999999999999618, -1.765798204687478401E-16, 1.584999999999999520 ) ) ;
#4725 = CARTESIAN_POINT ( 'NONE',  ( -4.825000000000000178, 0.6699999999999998179, 1.190000000000002611 ) ) ;
#4726 = AXIS2_PLACEMENT_3D ( 'NONE', #1398, #1747, #3578 ) ;
#4727 = DIRECTION ( 'NONE',  ( 0.000000000000000000, 1.000000000000000000, -0.000000000000000000 ) ) ;
#4728 = CARTESIAN_POINT ( 'NONE',  ( 1.300000000000000044, 7.400000000000000355, -2.785000000000001030 ) ) ;
#4729 = DIRECTION ( 'NONE',  ( 1.000000000000000000, -0.000000000000000000, -8.537024980200820092E-17 ) ) ;
#4730 = ADVANCED_FACE ( 'NONE', ( #2751 ), #3337, .F. ) ;
#4731 = ORIENTED_EDGE ( 'NONE', *, *, #1902, .T. ) ;
#4732 = ORIENTED_EDGE ( 'NONE', *, *, #4180, .F. ) ;
#4733 = EDGE_CURVE ( 'NONE', #3727, #2453, #4352, .T. ) ;
#4734 = CARTESIAN_POINT ( 'NONE',  ( 2.770000000000000018, 9.900000000000000355, 1.584999999999999298 ) ) ;
#4735 = ORIENTED_EDGE ( 'NONE', *, *, #785, .T. ) ;
#4736 = DIRECTION ( 'NONE',  ( 1.233548213626064722E-31, 1.000000000000000000, 2.744815626545581052E-16 ) ) ;
#4737 = CARTESIAN_POINT ( 'NONE',  ( 3.440000000000000391, -6.062001655779399497E-16, -1.584999999999999964 ) ) ;
#4738 = CARTESIAN_POINT ( 'NONE',  ( 3.890000000000000124, 0.000000000000000000, 1.584999999999999076 ) ) ;
#4739 = DIRECTION ( 'NONE',  ( 0.000000000000000000, -0.000000000000000000, 1.000000000000000000 ) ) ;
#4740 = DIRECTION ( 'NONE',  ( 1.000000000000000000, 0.000000000000000000, -4.336808689942017736E-16 ) ) ;
#4741 = EDGE_LOOP ( 'NONE', ( #2197, #251, #3908, #3326 ) ) ;
#4742 = AXIS2_PLACEMENT_3D ( 'NONE', #3962, #2429, #1319 ) ;
#4743 = LINE ( 'NONE', #1757, #1533 ) ;
#4744 = CARTESIAN_POINT ( 'NONE',  ( 0.000000000000000000, -1.449999999999999956, 2.185000000000002718 ) ) ;
#4745 = CARTESIAN_POINT ( 'NONE',  ( 0.000000000000000000, 0.000000000000000000, 0.000000000000000000 ) ) ;
#4746 = DIRECTION ( 'NONE',  ( 1.000000000000000000, 0.000000000000000000, -4.494102269369967741E-16 ) ) ;
#4747 = AXIS2_PLACEMENT_3D ( 'NONE', #306, #402, #4470 ) ;
#4748 = PLANE ( 'NONE',  #3225 ) ;
#4749 = CARTESIAN_POINT ( 'NONE',  ( 3.000000000000000000, 7.500000000000001776, 0.1949999999999998679 ) ) ;
#4750 = EDGE_CURVE ( 'NONE', #3274, #1332, #4430, .T. ) ;
#4751 = ORIENTED_EDGE ( 'NONE', *, *, #4417, .F. ) ;
#4752 = VERTEX_POINT ( 'NONE', #42 ) ;
#4753 = AXIS2_PLACEMENT_3D ( 'NONE', #1150, #3002, #701 ) ;
#4754 = FACE_OUTER_BOUND ( 'NONE', #647, .T. ) ;
#4755 = DIRECTION ( 'NONE',  ( 0.7071067811865489050, 0.7071067811865461294, -1.588905095008681427E-16 ) ) ;
#4756 = EDGE_CURVE ( 'NONE', #1275, #527, #1256, .T. ) ;
#4757 = ADVANCED_FACE ( 'NONE', ( #2850 ), #1813, .F. ) ;
#4758 = DIRECTION ( 'NONE',  ( -1.000000000000000000, 0.000000000000000000, 0.000000000000000000 ) ) ;
#4759 = DIRECTION ( 'NONE',  ( 0.000000000000000000, 1.000000000000000000, 1.801998070613027504E-16 ) ) ;
#4760 = DIRECTION ( 'NONE',  ( -1.000000000000000000, -0.000000000000000000, -0.000000000000000000 ) ) ;
#4761 = ORIENTED_EDGE ( 'NONE', *, *, #2880, .F. ) ;
#4762 = ORIENTED_EDGE ( 'NONE', *, *, #2510, .T. ) ;
#4763 = LINE ( 'NONE', #4671, #4691 ) ;
#4764 = EDGE_CURVE ( 'NONE', #3529, #4171, #4388, .T. ) ;
#4765 = ADVANCED_FACE ( 'NONE', ( #1218 ), #3051, .F. ) ;
#4766 = CARTESIAN_POINT ( 'NONE',  ( 0.2299999999999993161, 9.900000000000000355, 1.584999999999999520 ) ) ;
#4767 = ORIENTED_EDGE ( 'NONE', *, *, #1405, .F. ) ;
#4768 = PLANE ( 'NONE',  #1241 ) ;
#4769 = ORIENTED_EDGE ( 'NONE', *, *, #1374, .F. ) ;
#4770 = VECTOR ( 'NONE', #3569, 1000.000000000000000 ) ;
#4771 = CARTESIAN_POINT ( 'NONE',  ( -1.500000000000000000, 8.300000000000000711, 2.774999999999999467 ) ) ;
#4772 = EDGE_CURVE ( 'NONE', #2061, #78, #2859, .T. ) ;
#4773 = ORIENTED_EDGE ( 'NONE', *, *, #169, .F. ) ;
#4774 = ORIENTED_EDGE ( 'NONE', *, *, #2834, .F. ) ;
#4775 = FACE_OUTER_BOUND ( 'NONE', #544, .T. ) ;
#4776 = CARTESIAN_POINT ( 'NONE',  ( -1.820000000000000506, 0.6699999999999998179, 1.190000000000002611 ) ) ;
#4777 = CARTESIAN_POINT ( 'NONE',  ( 4.825000000000000178, 1.850000000000000089, 2.784999999999999698 ) ) ;
#4778 = CARTESIAN_POINT ( 'NONE',  ( -4.825000000000001066, 0.6699999999999997069, -0.9549999999999975175 ) ) ;
#4779 = CARTESIAN_POINT ( 'NONE',  ( -4.825000000000001066, 0.6699999999999997069, -0.9549999999999975175 ) ) ;
#4780 = ORIENTED_EDGE ( 'NONE', *, *, #278, .T. ) ;
#4781 = EDGE_CURVE ( 'NONE', #3011, #3254, #2946, .T. ) ;
#4782 = VECTOR ( 'NONE', #765, 1000.000000000000000 ) ;
#4783 = AXIS2_PLACEMENT_3D ( 'NONE', #2037, #835, #480 ) ;
#4784 = CARTESIAN_POINT ( 'NONE',  ( -3.864999999999990887, 1.849999999999999201, 2.274999999999999467 ) ) ;
#4785 = DIRECTION ( 'NONE',  ( -0.000000000000000000, -1.000000000000000000, -0.000000000000000000 ) ) ;
#4786 = DIRECTION ( 'NONE',  ( 0.000000000000000000, -1.000000000000000000, 0.000000000000000000 ) ) ;
#4787 = DIRECTION ( 'NONE',  ( 0.000000000000000000, 0.000000000000000000, -1.000000000000000000 ) ) ;
#4788 = VERTEX_POINT ( 'NONE', #2586 ) ;
#4789 = ORIENTED_EDGE ( 'NONE', *, *, #3744, .F. ) ;
#4790 = VECTOR ( 'NONE', #2355, 1000.000000000000000 ) ;
#4791 = LINE ( 'NONE', #1751, #3215 ) ;
#4792 = ADVANCED_FACE ( 'NONE', ( #1357 ), #4025, .F. ) ;
#4793 = DIRECTION ( 'NONE',  ( -0.6092076990801724712, 0.5076730825668082092, -0.6092076990801713610 ) ) ;
#4794 = ORIENTED_EDGE ( 'NONE', *, *, #4495, .F. ) ;
#4795 = LINE ( 'NONE', #403, #3259 ) ;
#4796 = DIRECTION ( 'NONE',  ( 0.000000000000000000, 3.388131789017201849E-16, -1.000000000000000000 ) ) ;
#4797 =( GEOMETRIC_REPRESENTATION_CONTEXT ( 3 ) GLOBAL_UNCERTAINTY_ASSIGNED_CONTEXT ( ( #3758 ) ) GLOBAL_UNIT_ASSIGNED_CONTEXT ( ( #3777, #133, #714 ) ) REPRESENTATION_CONTEXT ( 'NONE', 'WORKASPACE' ) );
#4798 = ORIENTED_EDGE ( 'NONE', *, *, #1001, .F. ) ;
#4799 = VECTOR ( 'NONE', #2512, 1000.000000000000114 ) ;
#4800 = EDGE_CURVE ( 'NONE', #419, #399, #3025, .T. ) ;
#4801 = VERTEX_POINT ( 'NONE', #2078 ) ;
#4802 = PLANE ( 'NONE',  #2861 ) ;
#4803 = CARTESIAN_POINT ( 'NONE',  ( -3.425000000000000266, 9.900000000000000355, -0.9550000000000007372 ) ) ;
#4804 = DIRECTION ( 'NONE',  ( 1.000000000000000000, 0.000000000000000000, -1.391489419232732941E-15 ) ) ;
#4805 = EDGE_CURVE ( 'NONE', #3609, #2433, #1400, .T. ) ;
#4806 = DIRECTION ( 'NONE',  ( -1.000000000000000000, -0.000000000000000000, -0.000000000000000000 ) ) ;
#4807 = VERTEX_POINT ( 'NONE', #1636 ) ;
#4808 = VECTOR ( 'NONE', #4804, 1000.000000000000000 ) ;
#4809 = EDGE_CURVE ( 'NONE', #1492, #4801, #4547, .T. ) ;
#4810 = VERTEX_POINT ( 'NONE', #972 ) ;
#4811 = VECTOR ( 'NONE', #255, 1000.000000000000114 ) ;
#4812 = VECTOR ( 'NONE', #4698, 1000.000000000000000 ) ;
ENDSEC;
END-ISO-10303-21;
